ZONENO,NODENO,DIRECTION,TYPENO,TSYSSET,LENGTH,WEIGHT
1122001,38570582,1,0,F,111.33542524844548893,1891
1122001,38570582,2,0,F,111.33542524844548893,1891
1122003,38570590,1,0,F,113.63642336412235068,615
1122003,38570590,2,0,F,113.63642336412235068,615
1122004,38570585,1,0,F,279.71205642310286521,8694
1122004,38570585,2,0,F,279.71205642310286521,8694
1122006,38570581,1,0,F,197.77237540669378291,3644
1122006,38570581,2,0,F,197.77237540669378291,3644
1122006,38579185,1,0,F,232.05398530458347750,5667
1122006,38579185,2,0,F,232.05398530458347750,5667
1122007,38593777,1,0,F,248.69300149485866314,1891
1122007,38593777,2,0,F,248.69300149485866314,1891
1122007,38595178,1,0,F,196.92782971422235505,7860
1122007,38595178,2,0,F,196.92782971422235505,7860
1122007,38595180,1,0,F,132.23664915737998626,5193
1122007,38595180,2,0,F,132.23664915737998626,5193
1122008,38591822,1,0,F,340.36071732196802486,4690
1122008,38591822,2,0,F,340.36071732196802486,4690
1122009,38593765,1,0,F,300.60785002543775590,1377
1122009,38593765,2,0,F,300.60785002543775590,1377
1122010,38570600,1,0,F,341.13707380606331299,16646
1122010,38570600,2,0,F,341.13707380606331299,16646
1122010,38581046,1,0,F,196.78657863587622501,5551
1122010,38581046,2,0,F,196.78657863587622501,5551
1122010,38581047,1,0,F,273.61730789362064797,5676
1122010,38581047,2,0,F,273.61730789362064797,5676
1122010,38593768,1,0,F,254.10395166514487642,5412
1122010,38593768,2,0,F,254.10395166514487642,5412
1122010,38593770,1,0,F,212.56683189130191636,5660
1122010,38593770,2,0,F,212.56683189130191636,5660
1122010,41004273,1,0,F,422.32497534319173838,7942
1122010,41004273,2,0,F,422.32497534319173838,7942
1122011,38570602,1,0,F,211.99485607741544868,3225
1122011,38570602,2,0,F,211.99485607741544868,3225
1122012,38570607,1,0,F,454.37082168058935849,2734
1122012,38570607,2,0,F,454.37082168058935849,2734
1122013,38570607,1,0,F,158.29909768597028119,4541
1122013,38570607,2,0,F,158.29909768597028119,4541
1122014,38504688,1,0,F,185.56038749416541123,1291
1122014,38504688,2,0,F,185.56038749416541123,1291
1122016,38579114,1,0,F,210.31561728539782052,4510
1122016,38579114,2,0,F,210.31561728539782052,4510
1122016,38579127,1,0,F,237.05291226603759469,8127
1122016,38579127,2,0,F,237.05291226603759469,8127
1122017,38570605,1,0,F,406.42764948756615695,1322
1122017,38570605,2,0,F,406.42764948756615695,1322
1122018,38501330,1,0,F,255.85743287670192103,4723
1122018,38501330,2,0,F,255.85743287670192103,4723
1122018,38501974,1,0,F,214.18267763811275017,7286
1122018,38501974,2,0,F,214.18267763811275017,7286
1122018,41004359,1,0,F,215.73065864742454778,770
1122018,41004359,2,0,F,215.73065864742454778,770
1122019,38570637,1,0,F,412.10709706524232843,1162
1122019,38570637,2,0,F,412.10709706524232843,1162
1122019,38570638,1,0,F,269.76698041638468339,10793
1122019,38570638,2,0,F,269.76698041638468339,10793
1122019,38570639,1,0,F,312.32163177768870810,4920
1122019,38570639,2,0,F,312.32163177768870810,4920
1122020,38575219,1,0,F,412.73892031960576787,2360
1122020,38575219,2,0,F,412.73892031960576787,2360
1122022,38570643,1,0,F,315.39075503424680846,1880
1122022,38570643,2,0,F,315.39075503424680846,1880
1122022,38579970,1,0,F,292.49905543223371751,3880
1122022,38579970,2,0,F,292.49905543223371751,3880
1122023,38570666,1,0,F,222.05966724503616661,2732
1122023,38570666,2,0,F,222.05966724503616661,2732
1122027,38501975,1,0,F,347.69049371130302006,2052
1122027,38501975,2,0,F,347.69049371130302006,2052
1122028,41004457,1,0,F,130.38125791105392182,1329
1122028,41004457,2,0,F,130.38125791105392182,1329
1122030,41004637,1,0,F,370.05729455310057574,2165
1122030,41004637,2,0,F,370.05729455310057574,2165
1122031,38570127,1,0,F,316.62910496298297858,5210
1122031,38570127,2,0,F,316.62910496298297858,5210
1122032,38501863,1,0,F,228.80976262568171364,502
1122032,38501863,2,0,F,228.80976262568171364,502
1122033,41003495,1,0,F,306.20872036135625649,3747
1122033,41003495,2,0,F,306.20872036135625649,3747
1122034,38570125,1,0,F,159.09680372626351641,481
1122034,38570125,2,0,F,159.09680372626351641,481
1122035,38501892,1,0,F,105.15160167680025438,365
1122035,38501892,2,0,F,105.15160167680025438,365
1122036,38500734,1,0,F,280.94356675417418501,925
1122036,38500734,2,0,F,280.94356675417418501,925
1122037,38501870,1,0,F,251.55674435740809258,4012
1122037,38501870,2,0,F,251.55674435740809258,4012
1122037,38501871,1,0,F,65.82490693851538310,1983
1122037,38501871,2,0,F,65.82490693851538310,1983
1122037,38501873,1,0,F,1271.75603752255187828,1
1122037,38501873,2,0,F,1271.75603752255187828,1
1122038,38501865,1,0,F,340.71964253577323234,3237
1122038,38501865,2,0,F,340.71964253577323234,3237
1122038,38570046,1,0,F,242.26328418980165225,5093
1122038,38570046,2,0,F,242.26328418980165225,5093
1122040,38501868,1,0,F,301.58019462157534463,4431
1122040,38501868,2,0,F,301.58019462157534463,4431
1122041,38570113,1,0,F,228.97563971823146289,723
1122041,38570113,2,0,F,228.97563971823146289,723
1122042,38501734,1,0,F,255.78653497849919063,3224
1122042,38501734,2,0,F,255.78653497849919063,3224
1122043,38581659,1,0,F,166.19602706628117517,1133
1122043,38581659,2,0,F,166.19602706628117517,1133
1122044,41003505,1,0,F,231.62221440714120035,942
1122044,41003505,2,0,F,231.62221440714120035,942
1122045,38570051,1,0,F,130.03808593955079687,1402
1122045,38570051,2,0,F,130.03808593955079687,1402
1122046,38570155,1,0,F,227.59591045678175192,560
1122046,38570155,2,0,F,227.59591045678175192,560
1122047,41003517,1,0,F,320.72670985409098421,1524
1122047,41003517,2,0,F,320.72670985409098421,1524
1122048,38579079,1,0,F,125.95389071399561942,334
1122048,38579079,2,0,F,125.95389071399561942,334
1122049,41003528,1,0,F,615.23413698203876265,1843
1122049,41003528,2,0,F,615.23413698203876265,1843
1122050,38570088,1,0,F,253.30186548135702651,2925
1122050,38570088,2,0,F,253.30186548135702651,2925
1122051,38570080,1,0,F,105.74305673907423397,3213
1122051,38570080,2,0,F,105.74305673907423397,3213
1122052,41003530,1,0,F,383.09769774011795107,1527
1122052,41003530,2,0,F,383.09769774011795107,1527
1122052,41003538,1,0,F,551.50124298505045317,269
1122052,41003538,2,0,F,551.50124298505045317,269
1122053,38570078,1,0,F,125.60175776162246564,1024
1122053,38570078,2,0,F,125.60175776162246564,1024
1122054,41003540,1,0,F,425.73572226634775006,464
1122054,41003540,2,0,F,425.73572226634775006,464
1122055,38570104,1,0,F,254.05213337738629775,1182
1122055,38570104,2,0,F,254.05213337738629775,1182
1122056,41003517,1,0,F,1535.94625804486895504,1
1122056,41003517,2,0,F,1535.94625804486895504,1
1122057,38594453,1,0,F,294.75279281558442790,9123
1122057,38594453,2,0,F,294.75279281558442790,9123
1122058,38577555,1,0,F,229.97301579037275587,4288
1122058,38577555,2,0,F,229.97301579037275587,4288
1122058,38577557,1,0,F,273.16300590375470847,4256
1122058,38577557,2,0,F,273.16300590375470847,4256
1122059,38577592,1,0,F,256.35930580869575124,1729
1122059,38577592,2,0,F,256.35930580869575124,1729
1122060,38570086,1,0,F,156.44622444047621457,700
1122060,38570086,2,0,F,156.44622444047621457,700
1122061,38570137,1,0,F,132.22948084962015969,1026
1122061,38570137,2,0,F,132.22948084962015969,1026
1122062,38504654,1,0,F,262.79901813264029897,1731
1122062,38504654,2,0,F,262.79901813264029897,1731
1122063,38570136,1,0,F,257.44334701846020153,185
1122063,38570136,2,0,F,257.44334701846020153,185
1122064,38570076,1,0,F,141.17126219311288082,259
1122064,38570076,2,0,F,141.17126219311288082,259
1122065,38501278,1,0,F,235.02187374329744785,1584
1122065,38501278,2,0,F,235.02187374329744785,1584
1122066,38570147,1,0,F,128.32198963826738236,357
1122066,38570147,2,0,F,128.32198963826738236,357
1122067,38570106,1,0,F,366.64424195218049363,1139
1122067,38570106,2,0,F,366.64424195218049363,1139
1122068,38570074,1,0,F,189.63055570194214283,251
1122068,38570074,2,0,F,189.63055570194214283,251
1122069,38501277,1,0,F,364.34728184193716061,1029
1122069,38501277,2,0,F,364.34728184193716061,1029
1122070,41003551,1,0,F,280.37370150062758967,1340
1122070,41003551,2,0,F,280.37370150062758967,1340
1122071,38577604,1,0,F,404.23772450146913116,2586
1122071,38577604,2,0,F,404.23772450146913116,2586
1122071,38589252,1,0,F,285.34412110093956016,7830
1122071,38589252,2,0,F,285.34412110093956016,7830
1122071,38589257,1,0,F,234.81615987506100396,1961
1122071,38589257,2,0,F,234.81615987506100396,1961
1122071,41003543,1,0,F,486.78699108525762540,5673
1122071,41003543,2,0,F,486.78699108525762540,5673
1122072,38501268,1,0,F,137.98414517044761851,687
1122072,38501268,2,0,F,137.98414517044761851,687
1122073,38504655,1,0,F,137.27377820617371640,1319
1122073,38504655,2,0,F,137.27377820617371640,1319
1122074,38570100,1,0,F,91.15093845454444477,404
1122074,38570100,2,0,F,91.15093845454444477,404
1122075,38592246,1,0,F,299.71304616259362774,6014
1122075,38592246,2,0,F,299.71304616259362774,6014
1122076,38570133,1,0,F,336.08446113999758609,944
1122076,38570133,2,0,F,336.08446113999758609,944
1122077,38592281,1,0,F,352.53559119524248899,5792
1122077,38592281,2,0,F,352.53559119524248899,5792
1122078,38589249,1,0,F,266.40450156551509053,5528
1122078,38589249,2,0,F,266.40450156551509053,5528
1122078,38592282,1,0,F,244.86873479234677120,3794
1122078,38592282,2,0,F,244.86873479234677120,3794
1122079,38570081,1,0,F,380.23276713489963186,1232
1122079,38570081,2,0,F,380.23276713489963186,1232
1122080,38595610,1,0,F,182.10325047514538710,357
1122080,38595610,2,0,F,182.10325047514538710,357
1122081,38501269,1,0,F,255.39215995545700366,683
1122081,38501269,2,0,F,255.39215995545700366,683
1122082,38504651,1,0,F,52.52321992443192045,368
1122082,38504651,2,0,F,52.52321992443192045,368
1122083,38570108,1,0,F,166.45982412770828773,421
1122083,38570108,2,0,F,166.45982412770828773,421
1122084,38592257,1,0,F,160.10670285062468565,5004
1122084,38592257,2,0,F,160.10670285062468565,5004
1122084,38592258,1,0,F,233.84726379323834067,7436
1122084,38592258,2,0,F,233.84726379323834067,7436
1122084,38592267,1,0,F,181.06986093809339877,3039
1122084,38592267,2,0,F,181.06986093809339877,3039
1122084,38592271,1,0,F,84.08441742372386329,4100
1122084,38592271,2,0,F,84.08441742372386329,4100
1122084,38592273,1,0,F,207.99649291399973094,8568
1122084,38592273,2,0,F,207.99649291399973094,8568
1122084,41003561,1,0,F,190.64085108415451941,8180
1122084,41003561,2,0,F,190.64085108415451941,8180
1122084,41003572,1,0,F,471.03950865776693036,18148
1122084,41003572,2,0,F,471.03950865776693036,18148
1122085,38589248,1,0,F,187.74600832970901365,5266
1122085,38589248,2,0,F,187.74600832970901365,5266
1122085,38592261,1,0,F,94.40760424004486140,6474
1122085,38592261,2,0,F,94.40760424004486140,6474
1122085,38592262,1,0,F,164.42869372320211596,17046
1122085,38592262,2,0,F,164.42869372320211596,17046
1122085,41003561,1,0,F,359.98427337702310069,7775
1122085,41003561,2,0,F,359.98427337702310069,7775
1122085,41003572,1,0,F,369.59015770446393390,10162
1122085,41003572,2,0,F,369.59015770446393390,10162
1122086,38595611,1,0,F,111.09164484429025777,296
1122086,38595611,2,0,F,111.09164484429025777,296
1122087,38530003,1,0,F,267.93551464584567157,4965
1122087,38530003,2,0,F,267.93551464584567157,4965
1122087,38570109,1,0,F,268.89974345302994152,6152
1122087,38570109,2,0,F,268.89974345302994152,6152
1122088,38570144,1,0,F,247.23106580227775453,5631
1122088,38570144,2,0,F,247.23106580227775453,5631
1122088,38570145,1,0,F,176.25198829326964756,2892
1122088,38570145,2,0,F,176.25198829326964756,2892
1122089,38570093,1,0,F,146.19715922182467693,631
1122089,38570093,2,0,F,146.19715922182467693,631
1122091,38504656,1,0,F,158.78070958023477033,769
1122091,38504656,2,0,F,158.78070958023477033,769
1122093,38570094,1,0,F,232.17619192273050999,1163
1122093,38570094,2,0,F,232.17619192273050999,1163
1122094,38592249,1,0,F,298.75705896205386125,2987
1122094,38592249,2,0,F,298.75705896205386125,2987
1122094,38592250,1,0,F,242.59408474530417266,4486
1122094,38592250,2,0,F,242.59408474530417266,4486
1122094,38592251,1,0,F,207.29422071175335418,7464
1122094,38592251,2,0,F,207.29422071175335418,7464
1122095,38570092,1,0,F,345.31305717987561366,1230
1122095,38570092,2,0,F,345.31305717987561366,1230
1122096,38570162,1,0,F,178.25608125813576521,1325
1122096,38570162,2,0,F,178.25608125813576521,1325
1122097,38579230,1,0,F,281.92527396944240081,4892
1122097,38579230,2,0,F,281.92527396944240081,4892
1122097,38588898,1,0,F,257.00381690729767570,6321
1122097,38588898,2,0,F,257.00381690729767570,6321
1122097,38592240,1,0,F,267.60520801299469440,1721
1122097,38592240,2,0,F,267.60520801299469440,1721
1122097,41003574,1,0,F,558.14695793629346099,4016
1122097,41003574,2,0,F,558.14695793629346099,4016
1122099,38570141,1,0,F,292.03072279977544667,5167
1122099,38570141,2,0,F,292.03072279977544667,5167
1122100,38588875,1,0,F,303.53677820467828496,8181
1122100,38588875,2,0,F,303.53677820467828496,8181
1122100,38592244,1,0,F,213.30282807700780268,4362
1122100,38592244,2,0,F,213.30282807700780268,4362
1122101,38588872,1,0,F,198.66857346587084976,5018
1122101,38588872,2,0,F,198.66857346587084976,5018
1122101,38592239,1,0,F,452.17806797481574677,3895
1122101,38592239,2,0,F,452.17806797481574677,3895
1122102,38570162,1,0,F,1148.71288627724766229,1
1122102,38570162,2,0,F,1148.71288627724766229,1
1122104,41003395,1,0,F,383.04044187204630134,2883
1122104,41003395,2,0,F,383.04044187204630134,2883
1122105,38579315,1,0,F,256.60603064439578702,1284
1122105,38579315,2,0,F,256.60603064439578702,1284
1122106,38588298,1,0,F,184.71108524184720068,1069
1122106,38588298,2,0,F,184.71108524184720068,1069
1122107,38501967,1,0,F,38.04471671728200732,1962
1122107,38501967,2,0,F,38.04471671728200732,1962
1122108,38501966,1,0,F,243.83447116064778015,3786
1122108,38501966,2,0,F,243.83447116064778015,3786
1122109,38587707,1,0,F,939.98233943306820493,1
1122109,38587707,2,0,F,939.98233943306820493,1
1122110,38579317,1,0,F,192.04361475028684936,3818
1122110,38579317,2,0,F,192.04361475028684936,3818
1122111,38587575,1,0,F,295.81182812140804117,2523
1122111,38587575,2,0,F,295.81182812140804117,2523
1122111,38587581,1,0,F,494.04869678397960797,1781
1122111,38587581,2,0,F,494.04869678397960797,1781
1122112,41003446,1,0,F,417.00631243858504149,1927
1122112,41003446,2,0,F,417.00631243858504149,1927
1122112,41003451,1,0,F,207.27734997765779212,1447
1122112,41003451,2,0,F,207.27734997765779212,1447
1122113,38579314,1,0,F,244.87574420120412810,3242
1122113,38579314,2,0,F,244.87574420120412810,3242
1122114,38579316,1,0,F,159.44399481205311986,1608
1122114,38579316,2,0,F,159.44399481205311986,1608
1122115,38588655,1,0,F,414.16895939084946576,2925
1122115,38588655,2,0,F,414.16895939084946576,2925
1122115,41003401,1,0,F,251.39900293414240195,1130
1122115,41003401,2,0,F,251.39900293414240195,1130
1122116,38587579,1,0,F,359.15900005900471115,1831
1122116,38587579,2,0,F,359.15900005900471115,1831
1122117,38588666,1,0,F,289.16437038847101348,6402
1122117,38588666,2,0,F,289.16437038847101348,6402
1122118,38579312,1,0,F,18.31948183112480066,2181
1122118,38579312,2,0,F,18.31948183112480066,2181
1122119,41003408,1,0,F,393.45279502568263297,3718
1122119,41003408,2,0,F,393.45279502568263297,3718
1122120,41003435,1,0,F,268.75733422494153047,859
1122120,41003435,2,0,F,268.75733422494153047,859
1122122,38579310,1,0,F,122.50953332120728589,251
1122122,38579310,2,0,F,122.50953332120728589,251
1122123,38501968,1,0,F,162.87109861839644509,469
1122123,38501968,2,0,F,162.87109861839644509,469
1122124,41003438,1,0,F,264.27652067071073816,1024
1122124,41003438,2,0,F,264.27652067071073816,1024
1122125,38587576,1,0,F,312.20934601090556271,1996
1122125,38587576,2,0,F,312.20934601090556271,1996
1122125,38587577,1,0,F,422.71779536384485709,5451
1122125,38587577,2,0,F,422.71779536384485709,5451
1122126,38501850,1,0,F,212.92336430156098004,2300
1122126,38501850,2,0,F,212.92336430156098004,2300
1122127,38501969,1,0,F,285.78389760606216896,2430
1122127,38501969,2,0,F,285.78389760606216896,2430
1122129,38579308,1,0,F,284.51338995191184722,9817
1122129,38579308,2,0,F,284.51338995191184722,9817
1122130,41003453,1,0,F,118.21121097233960029,1970
1122130,41003453,2,0,F,118.21121097233960029,1970
1122131,38579306,1,0,F,187.55534332349199644,18397
1122131,38579306,2,0,F,187.55534332349199644,18397
1122131,38593882,1,0,F,189.47544877841949074,8490
1122131,38593882,2,0,F,189.47544877841949074,8490
1122131,38593888,1,0,F,171.75390055718139592,11406
1122131,38593888,2,0,F,171.75390055718139592,11406
1122132,38579305,1,0,F,184.45452389946626681,4497
1122132,38579305,2,0,F,184.45452389946626681,4497
1122132,38593873,1,0,F,132.06394754607475761,5980
1122132,38593873,2,0,F,132.06394754607475761,5980
1122132,38593878,1,0,F,125.32860682439850564,3797
1122132,38593878,2,0,F,125.32860682439850564,3797
1122132,41003464,1,0,F,477.32581973220368354,36161
1122132,41003464,2,0,F,477.32581973220368354,36161
1122133,38570000,1,0,F,135.30390098116203035,11160
1122133,38570000,2,0,F,135.30390098116203035,11160
1122133,38588659,1,0,F,129.31521417930210305,4940
1122133,38588659,2,0,F,129.31521417930210305,4940
1122133,38593874,1,0,F,137.08690458658557532,8742
1122133,38593874,2,0,F,137.08690458658557532,8742
1122133,38593899,1,0,F,225.04662506162461000,4671
1122133,38593899,2,0,F,225.04662506162461000,4671
1122133,38595599,1,0,F,159.08099327551104807,6747
1122133,38595599,2,0,F,159.08099327551104807,6747
1122134,38588662,1,0,F,272.74932599393633836,4769
1122134,38588662,2,0,F,272.74932599393633836,4769
1122135,41003448,1,0,F,385.66485577089764547,1232
1122135,41003448,2,0,F,385.66485577089764547,1232
1122135,41003455,1,0,F,139.83567360945505698,1542
1122135,41003455,2,0,F,139.83567360945505698,1542
1122137,38501289,1,0,F,183.91713087174460384,1444
1122137,38501289,2,0,F,183.91713087174460384,1444
1122138,38501854,1,0,F,159.31195595805215248,569
1122138,38501854,2,0,F,159.31195595805215248,569
1122139,38501856,1,0,F,332.10811752046373613,2296
1122139,38501856,2,0,F,332.10811752046373613,2296
1122140,38501296,1,0,F,200.21166695577215933,647
1122140,38501296,2,0,F,200.21166695577215933,647
1122141,38501857,1,0,F,262.62466770516277847,3274
1122141,38501857,2,0,F,262.62466770516277847,3274
1122142,38570025,1,0,F,268.36199400845850960,6714
1122142,38570025,2,0,F,268.36199400845850960,6714
1122143,38501853,1,0,F,160.09839478289831050,564
1122143,38501853,2,0,F,160.09839478289831050,564
1122144,38501855,1,0,F,80.55867680942029097,1284
1122144,38501855,2,0,F,80.55867680942029097,1284
1122146,38570008,1,0,F,273.96015796449734125,7149
1122146,38570008,2,0,F,273.96015796449734125,7149
1122146,38588674,1,0,F,282.04020149197867795,5603
1122146,38588674,2,0,F,282.04020149197867795,5603
1122146,38588680,1,0,F,179.30779425158505092,5046
1122146,38588680,2,0,F,179.30779425158505092,5046
1122147,38501852,1,0,F,169.77375093279636076,1354
1122147,38501852,2,0,F,169.77375093279636076,1354
1122148,38500733,1,0,F,159.81403228120370841,797
1122148,38500733,2,0,F,159.81403228120370841,797
1122149,38500732,1,0,F,137.08426709825405965,459
1122149,38500732,2,0,F,137.08426709825405965,459
1122150,38501333,1,0,F,211.29198745335600051,8205
1122150,38501333,2,0,F,211.29198745335600051,8205
1122150,38570032,1,0,F,259.33450405323617360,6957
1122150,38570032,2,0,F,259.33450405323617360,6957
1122150,38581927,1,0,F,261.82215408202512208,7795
1122150,38581927,2,0,F,261.82215408202512208,7795
1122150,38581928,1,0,F,312.56506164253579527,4582
1122150,38581928,2,0,F,312.56506164253579527,4582
1122150,38581930,1,0,F,224.70455378447573480,5251
1122150,38581930,2,0,F,224.70455378447573480,5251
1122150,38581935,1,0,F,220.45567804053899863,6945
1122150,38581935,2,0,F,220.45567804053899863,6945
1122150,38581940,1,0,F,227.62229303558351035,6004
1122150,38581940,2,0,F,227.62229303558351035,6004
1122150,38583430,1,0,F,246.99309609588729586,1405
1122150,38583430,2,0,F,246.99309609588729586,1405
1122151,38594161,1,0,F,304.21965914050247193,5877
1122151,38594161,2,0,F,304.21965914050247193,5877
1122152,38570059,1,0,F,151.71472782281540503,1580
1122152,38570059,2,0,F,151.71472782281540503,1580
1122153,38500738,1,0,F,130.31503078009359342,2784
1122153,38500738,2,0,F,130.31503078009359342,2784
1122154,38500730,1,0,F,312.79187997740365290,1304
1122154,38500730,2,0,F,312.79187997740365290,1304
1122155,38500731,1,0,F,100.43553901555318930,345
1122155,38500731,2,0,F,100.43553901555318930,345
1122156,38501860,1,0,F,100.15243229027022664,952
1122156,38501860,2,0,F,100.15243229027022664,952
1122157,38570055,1,0,F,131.55292317228381194,3453
1122157,38570055,2,0,F,131.55292317228381194,3453
1122158,38570035,1,0,F,304.93726055705133149,5754
1122158,38570035,2,0,F,304.93726055705133149,5754
1122158,38582688,1,0,F,376.05175875478335001,7140
1122158,38582688,2,0,F,376.05175875478335001,7140
1122158,38582691,1,0,F,248.70344545785525270,3169
1122158,38582691,2,0,F,248.70344545785525270,3169
1122158,38583465,1,0,F,249.81632860796045748,5102
1122158,38583465,2,0,F,249.81632860796045748,5102
1122158,38583682,1,0,F,236.93452830118670249,6385
1122158,38583682,2,0,F,236.93452830118670249,6385
1122159,38581660,1,0,F,220.46562111278274187,1259
1122159,38581660,2,0,F,220.46562111278274187,1259
1122160,38579224,1,0,F,341.93706176679472719,4144
1122160,38579224,2,0,F,341.93706176679472719,4144
1122162,38570036,1,0,F,245.75503472272387739,5505
1122162,38570036,2,0,F,245.75503472272387739,5505
1122163,38570040,1,0,F,199.54309703259400521,3018
1122163,38570040,2,0,F,199.54309703259400521,3018
1122164,38570431,1,0,F,161.78486167503930915,356
1122164,38570431,2,0,F,161.78486167503930915,356
1122165,38570433,1,0,F,208.12752710890367780,938
1122165,38570433,2,0,F,208.12752710890367780,938
1122166,38570345,1,0,F,128.04886957419373061,408
1122166,38570345,2,0,F,128.04886957419373061,408
1122167,38570343,1,0,F,207.70541541091105842,104
1122167,38570343,2,0,F,207.70541541091105842,104
1122168,38588153,1,0,F,443.07164845951149346,758
1122168,38588153,2,0,F,443.07164845951149346,758
1122169,38504162,1,0,F,430.08623851198262855,277
1122169,38504162,2,0,F,430.08623851198262855,277
1122170,38570389,1,0,F,164.37051665705394043,200
1122170,38570389,2,0,F,164.37051665705394043,200
1122171,38570340,1,0,F,145.94641767192774751,5618
1122171,38570340,2,0,F,145.94641767192774751,5618
1122171,38581513,1,0,F,413.69157429825304462,4997
1122171,38581513,2,0,F,413.69157429825304462,4997
1122171,38592165,1,0,F,192.61420583910415871,2225
1122171,38592165,2,0,F,192.61420583910415871,2225
1122171,41003894,1,0,F,409.55108470104602247,13636
1122171,41003894,2,0,F,409.55108470104602247,13636
1122172,38504163,1,0,F,785.19886928450659980,1
1122172,38504163,2,0,F,785.19886928450659980,1
1122173,38570364,1,0,F,188.58630151512801376,281
1122173,38570364,2,0,F,188.58630151512801376,281
1122174,38577613,1,0,F,316.55992894053531472,378
1122174,38577613,2,0,F,316.55992894053531472,378
1122175,38504153,1,0,F,228.34128347506648993,994
1122175,38504153,2,0,F,228.34128347506648993,994
1122176,38504152,1,0,F,51.53023464553816524,683
1122176,38504152,2,0,F,51.53023464553816524,683
1122177,38504159,1,0,F,60.43463074507433674,214
1122177,38504159,2,0,F,60.43463074507433674,214
1122177,38570374,1,0,F,323.76460513126761498,3967
1122177,38570374,2,0,F,323.76460513126761498,3967
1122178,38504155,1,0,F,153.08127034863841232,182
1122178,38504155,2,0,F,153.08127034863841232,182
1122178,38570474,1,0,F,226.91244225044903260,93
1122178,38570474,2,0,F,226.91244225044903260,93
1122178,41004007,1,0,F,856.61824665286292202,1
1122178,41004007,2,0,F,856.61824665286292202,1
1122179,41004058,1,0,F,338.14710234141813316,642
1122179,41004058,2,0,F,338.14710234141813316,642
1122180,38570359,1,0,F,181.16440877211300631,803
1122180,38570359,2,0,F,181.16440877211300631,803
1122181,38577650,1,0,F,75.51833383348386519,378
1122181,38577650,2,0,F,75.51833383348386519,378
1122182,38570361,1,0,F,389.02292683975434784,102
1122182,38570361,2,0,F,389.02292683975434784,102
1122182,38570380,1,0,F,149.87161811481587392,43
1122182,38570380,2,0,F,149.87161811481587392,43
1122182,38583314,1,0,F,206.55881328283086873,166
1122182,38583314,2,0,F,206.55881328283086873,166
1122182,38591864,1,0,F,334.26638289874864540,2407
1122182,38591864,2,0,F,334.26638289874864540,2407
1122182,41003952,1,0,F,397.33436715203839640,6845
1122182,41003952,2,0,F,397.33436715203839640,6845
1122183,38504695,1,0,F,192.35153192271036460,118
1122183,38504695,2,0,F,192.35153192271036460,118
1122183,38504696,1,0,F,158.17403931093815572,196
1122183,38504696,2,0,F,158.17403931093815572,196
1122183,38504698,1,0,F,134.34139682621912470,185
1122183,38504698,2,0,F,134.34139682621912470,185
1122184,38591865,1,0,F,30.20226987115663775,313
1122184,38591865,2,0,F,30.20226987115663775,313
1122185,38504694,1,0,F,106.66565560768334819,166
1122185,38504694,2,0,F,106.66565560768334819,166
1122186,38570473,1,0,F,103.72749706853591078,197
1122186,38570473,2,0,F,103.72749706853591078,197
1122187,38570470,1,0,F,207.80763847766857566,508
1122187,38570470,2,0,F,207.80763847766857566,508
1122188,41004007,1,0,F,421.73767108731129838,219
1122188,41004007,2,0,F,421.73767108731129838,219
1122189,38570415,1,0,F,245.16424071389155870,1614
1122189,38570415,2,0,F,245.16424071389155870,1614
1122190,38504754,1,0,F,276.00154473240655761,380
1122190,38504754,2,0,F,276.00154473240655761,380
1122190,38504981,1,0,F,188.08644784634287817,504
1122190,38504981,2,0,F,188.08644784634287817,504
1122190,38504998,1,0,F,131.42332795142775126,123
1122190,38504998,2,0,F,131.42332795142775126,123
1122191,38570481,1,0,F,140.94105827791830166,196
1122191,38570481,2,0,F,140.94105827791830166,196
1122192,38504986,1,0,F,234.54647034649116222,2258
1122192,38504986,2,0,F,234.54647034649116222,2258
1122193,38504780,1,0,F,265.29312578188961425,17606
1122193,38504780,2,0,F,265.29312578188961425,17606
1122193,38504999,1,0,F,260.80229692584953227,4198
1122193,38504999,2,0,F,260.80229692584953227,4198
1122193,38570400,1,0,F,190.50073299424556694,3976
1122193,38570400,2,0,F,190.50073299424556694,3976
1122193,41004204,1,0,F,574.55967277043339436,8617
1122193,41004204,2,0,F,574.55967277043339436,8617
1122194,38570526,1,0,F,171.95987054405924255,445
1122194,38570526,2,0,F,171.95987054405924255,445
1122195,38570517,1,0,F,185.77743607584937990,541
1122195,38570517,2,0,F,185.77743607584937990,541
1122196,38570525,1,0,F,142.12841153222061052,260
1122196,38570525,2,0,F,142.12841153222061052,260
1122197,38570521,1,0,F,347.99323606005441434,1720
1122197,38570521,2,0,F,347.99323606005441434,1720
1122198,38579745,1,0,F,336.02973915876367528,2572
1122198,38579745,2,0,F,336.02973915876367528,2572
1122199,38570523,1,0,F,255.13846001549217135,777
1122199,38570523,2,0,F,255.13846001549217135,777
1122200,38504892,1,0,F,218.88172035640761237,359
1122200,38504892,2,0,F,218.88172035640761237,359
1122201,41004249,1,0,F,258.05123741546555038,2298
1122201,41004249,2,0,F,258.05123741546555038,2298
1122201,41004259,1,0,F,448.55226114152560513,1216
1122201,41004259,2,0,F,448.55226114152560513,1216
1122202,38504973,1,0,F,166.83918970522248060,628
1122202,38504973,2,0,F,166.83918970522248060,628
1122203,38570527,1,0,F,184.27016998677015636,104
1122203,38570527,2,0,F,184.27016998677015636,104
1122203,38570529,1,0,F,368.59903997828075717,3677
1122203,38570529,2,0,F,368.59903997828075717,3677
1122204,38570514,1,0,F,220.71615137637022031,4684
1122204,38570514,2,0,F,220.71615137637022031,4684
1122204,38579799,1,0,F,265.98431453176942796,8041
1122204,38579799,2,0,F,265.98431453176942796,8041
1122204,38583514,1,0,F,152.75420158060776998,4511
1122204,38583514,2,0,F,152.75420158060776998,4511
1122204,38583520,1,0,F,259.59968449012023939,2378
1122204,38583520,2,0,F,259.59968449012023939,2378
1122205,38583521,1,0,F,150.20428994606936612,668
1122205,38583521,2,0,F,150.20428994606936612,668
1122206,38504886,1,0,F,198.13569367778760011,222
1122206,38504886,2,0,F,198.13569367778760011,222
1122207,41004525,1,0,F,319.90060570199887025,993
1122207,41004525,2,0,F,319.90060570199887025,993
1122208,38583403,1,0,F,105.31480273511549228,546
1122208,38583403,2,0,F,105.31480273511549228,546
1122210,41003601,1,0,F,519.75053555555189178,1688
1122210,41003601,2,0,F,519.75053555555189178,1688
1122211,38570130,1,0,F,333.22975193589508081,5899
1122211,38570130,2,0,F,333.22975193589508081,5899
1122211,38570131,1,0,F,85.33127793238658398,2014
1122211,38570131,2,0,F,85.33127793238658398,2014
1122211,41003588,1,0,F,357.50011862723596323,4576
1122211,41003588,2,0,F,357.50011862723596323,4576
1122212,38501299,1,0,F,189.05226258546252893,2132
1122212,38501299,2,0,F,189.05226258546252893,2132
1122213,38501298,1,0,F,245.14500374099381474,1948
1122213,38501298,2,0,F,245.14500374099381474,1948
1122215,38588853,1,0,F,144.14923939911196271,1087
1122215,38588853,2,0,F,144.14923939911196271,1087
1122216,38570066,1,0,F,184.36277695572508151,1008
1122216,38570066,2,0,F,184.36277695572508151,1008
1122217,38570068,1,0,F,233.62516560590466952,1354
1122217,38570068,2,0,F,233.62516560590466952,1354
1122218,38570187,1,0,F,151.13022660431317945,879
1122218,38570187,2,0,F,151.13022660431317945,879
1122219,38570185,1,0,F,157.84497867343469579,506
1122219,38570185,2,0,F,157.84497867343469579,506
1122220,38581344,1,0,F,223.57445310114366066,1500
1122220,38581344,2,0,F,223.57445310114366066,1500
1122221,38570188,1,0,F,97.92861452244504505,299
1122221,38570188,2,0,F,97.92861452244504505,299
1122222,38570189,1,0,F,305.99200297798626025,2216
1122222,38570189,2,0,F,305.99200297798626025,2216
1122222,38570190,1,0,F,1564.22930815817676375,1
1122222,38570190,2,0,F,1564.22930815817676375,1
1122223,38507655,1,0,F,185.65329647232982779,584
1122223,38507655,2,0,F,185.65329647232982779,584
1122224,38570178,1,0,F,1640.37594227313525153,1
1122224,38570178,2,0,F,1640.37594227313525153,1
1122224,41003741,1,0,F,274.89521405358141237,1228
1122224,41003741,2,0,F,274.89521405358141237,1228
1122225,38570183,1,0,F,263.58171346686697234,1866
1122225,38570183,2,0,F,263.58171346686697234,1866
1122226,38570192,1,0,F,188.23545919600559273,855
1122226,38570192,2,0,F,188.23545919600559273,855
1122227,41003732,1,0,F,208.19917485525306233,1823
1122227,41003732,2,0,F,208.19917485525306233,1823
1122228,38582065,1,0,F,265.22965568650175783,1140
1122228,38582065,2,0,F,265.22965568650175783,1140
1122229,38570181,1,0,F,241.74047281686310384,5145
1122229,38570181,2,0,F,241.74047281686310384,5145
1122229,38570203,1,0,F,396.40805835745021568,5832
1122229,38570203,2,0,F,396.40805835745021568,5832
1122229,38570238,1,0,F,277.71384927006806720,13270
1122229,38570238,2,0,F,277.71384927006806720,13270
1122229,38570301,1,0,F,197.62281544694732816,6190
1122229,38570301,2,0,F,197.62281544694732816,6190
1122230,38504178,1,0,F,342.60191257673051268,2701
1122230,38504178,2,0,F,342.60191257673051268,2701
1122230,38570164,1,0,F,238.88119219678077343,2625
1122230,38570164,2,0,F,238.88119219678077343,2625
1122230,38573634,1,0,F,327.88259751109580975,3471
1122230,38573634,2,0,F,327.88259751109580975,3471
1122231,38507970,1,0,F,240.31866766995065632,3550
1122231,38507970,2,0,F,240.31866766995065632,3550
1122232,38570176,1,0,F,353.36925584562686709,836
1122232,38570176,2,0,F,353.36925584562686709,836
1122233,38583030,1,0,F,108.55957293863343693,1127
1122233,38583030,2,0,F,108.55957293863343693,1127
1122235,38507971,1,0,F,232.73963771914696963,2445
1122235,38507971,2,0,F,232.73963771914696963,2445
1122236,38570178,1,0,F,219.94772974141636723,1507
1122236,38570178,2,0,F,219.94772974141636723,1507
1122237,38570207,1,0,F,231.12549832357811397,2358
1122237,38570207,2,0,F,231.12549832357811397,2358
1122238,38583231,1,0,F,109.25019017221255524,852
1122238,38583231,2,0,F,109.25019017221255524,852
1122239,38570215,1,0,F,166.25854827303052730,343
1122239,38570215,2,0,F,166.25854827303052730,343
1122239,38570220,1,0,F,98.55512948248973260,342
1122239,38570220,2,0,F,98.55512948248973260,342
1122240,38504759,1,0,F,161.49344216950649411,746
1122240,38504759,2,0,F,161.49344216950649411,746
1122241,41003817,1,0,F,300.16594506044253876,916
1122241,41003817,2,0,F,300.16594506044253876,916
1122242,38570211,1,0,F,365.73889239265258766,2882
1122242,38570211,2,0,F,365.73889239265258766,2882
1122243,38570167,1,0,F,316.16187194855416465,3512
1122243,38570167,2,0,F,316.16187194855416465,3512
1122243,38570169,1,0,F,242.82058402241551676,1897
1122243,38570169,2,0,F,242.82058402241551676,1897
1122244,38507959,1,0,F,177.38384064501141779,1169
1122244,38507959,2,0,F,177.38384064501141779,1169
1122245,38507696,1,0,F,136.56195390515148347,425
1122245,38507696,2,0,F,136.56195390515148347,425
1122246,38580462,1,0,F,227.91963349506045233,6305
1122246,38580462,2,0,F,227.91963349506045233,6305
1122247,38570172,1,0,F,184.23134104901873798,975
1122247,38570172,2,0,F,184.23134104901873798,975
1122248,38570175,1,0,F,374.56136012430880555,900
1122248,38570175,2,0,F,374.56136012430880555,900
1122248,38570219,1,0,F,249.34020701784581320,143
1122248,38570219,2,0,F,249.34020701784581320,143
1122249,38570174,1,0,F,159.85868954023047195,500
1122249,38570174,2,0,F,159.85868954023047195,500
1122250,38570348,1,0,F,52.74257023101454678,840
1122250,38570348,2,0,F,52.74257023101454678,840
1122251,38570223,1,0,F,143.19407113549655719,453
1122251,38570223,2,0,F,143.19407113549655719,453
1122252,38570397,1,0,F,177.32032543806803915,398
1122252,38570397,2,0,F,177.32032543806803915,398
1122253,38507661,1,0,F,195.60312341553421334,912
1122253,38507661,2,0,F,195.60312341553421334,912
1122253,38570221,1,0,F,210.72816056216259994,167
1122253,38570221,2,0,F,210.72816056216259994,167
1122253,38570348,1,0,F,1121.63626404678575454,1
1122253,38570348,2,0,F,1121.63626404678575454,1
1122254,38507960,1,0,F,148.68838893727377126,1417
1122254,38507960,2,0,F,148.68838893727377126,1417
1122255,38507660,1,0,F,75.95387492829345888,134
1122255,38507660,2,0,F,75.95387492829345888,134
1122255,38507665,1,0,F,95.08982991181267153,133
1122255,38507665,2,0,F,95.08982991181267153,133
1122255,38507963,1,0,F,67.63168270079469835,3296
1122255,38507963,2,0,F,67.63168270079469835,3296
1122255,38570370,1,0,F,168.19481401592591396,221
1122255,38570370,2,0,F,168.19481401592591396,221
1122255,38581437,1,0,F,169.88971023860148080,194
1122255,38581437,2,0,F,169.88971023860148080,194
1122256,38579144,1,0,F,48.96746775936759377,3657
1122256,38579144,2,0,F,48.96746775936759377,3657
1122256,41003456,1,0,F,687.66495903533893852,3947
1122256,41003456,2,0,F,687.66495903533893852,3947
1122256,41003461,1,0,F,246.48131899841274617,3033
1122256,41003461,2,0,F,246.48131899841274617,3033
1122257,38579146,1,0,F,352.52777580594289475,2048
1122257,38579146,2,0,F,352.52777580594289475,2048
1122257,38595468,1,0,F,101.88522263853597849,4643
1122257,38595468,2,0,F,101.88522263853597849,4643
1122257,41003472,1,0,F,266.63702016077314738,4667
1122257,41003472,2,0,F,266.63702016077314738,4667
1122258,41003484,1,0,F,179.93643603898777883,1605
1122258,41003484,2,0,F,179.93643603898777883,1605
1122260,38593530,1,0,F,471.43133994987948654,2426
1122260,38593530,2,0,F,471.43133994987948654,2426
1122261,38570161,1,0,F,379.06703183505317156,2902
1122261,38570161,2,0,F,379.06703183505317156,2902
1122263,38579910,1,0,F,282.58562068383480437,4061
1122263,38579910,2,0,F,282.58562068383480437,4061
1122263,38579911,1,0,F,253.18149456626670712,4422
1122263,38579911,2,0,F,253.18149456626670712,4422
1122263,38579912,1,0,F,249.68784428947734000,4691
1122263,38579912,2,0,F,249.68784428947734000,4691
1122264,38580862,1,0,F,282.19237309242316769,1098
1122264,38580862,2,0,F,282.19237309242316769,1098
1122265,38579095,1,0,F,336.01036338006036885,4751
1122265,38579095,2,0,F,336.01036338006036885,4751
1122266,38570152,1,0,F,300.43742857219632469,410
1122266,38570152,2,0,F,300.43742857219632469,410
1122267,38570150,1,0,F,172.25725745763551799,412
1122267,38570150,2,0,F,172.25725745763551799,412
1122268,38501256,1,0,F,129.79149975548881457,746
1122268,38501256,2,0,F,129.79149975548881457,746
1122269,38579099,1,0,F,116.24882652283974949,561
1122269,38579099,2,0,F,116.24882652283974949,561
1122270,38570225,1,0,F,302.19452360681890468,2244
1122270,38570225,2,0,F,302.19452360681890468,2244
1122271,38579077,1,0,F,186.66563903846929406,3222
1122271,38579077,2,0,F,186.66563903846929406,3222
1122272,38571787,1,0,F,216.03941040475183399,4998
1122272,38571787,2,0,F,216.03941040475183399,4998
1122272,41003570,1,0,F,325.17799868010951059,11382
1122272,41003570,2,0,F,325.17799868010951059,11382
1122274,41003555,1,0,F,294.48024764481857574,305
1122274,41003555,2,0,F,294.48024764481857574,305
1122275,38579100,1,0,F,436.54869113568861394,98
1122275,38579100,2,0,F,436.54869113568861394,98
1122276,38579905,1,0,F,127.74446945897189210,255
1122276,38579905,2,0,F,127.74446945897189210,255
1122277,41003558,1,0,F,354.53645634852512103,1905
1122277,41003558,2,0,F,354.53645634852512103,1905
1122278,38570234,1,0,F,79.10217341419256343,502
1122278,38570234,2,0,F,79.10217341419256343,502
1122279,38579110,1,0,F,302.54740140395728076,2942
1122279,38579110,2,0,F,302.54740140395728076,2942
1122280,38579102,1,0,F,74.55071645540942882,157
1122280,38579102,2,0,F,74.55071645540942882,157
1122281,38507650,1,0,F,258.20576502684741627,712
1122281,38507650,2,0,F,258.20576502684741627,712
1122282,38507956,1,0,F,128.00966642387010097,614
1122282,38507956,2,0,F,128.00966642387010097,614
1122283,38579103,1,0,F,156.20514966523219869,1365
1122283,38579103,2,0,F,156.20514966523219869,1365
1122284,38576379,1,0,F,226.28727187706121526,2048
1122284,38576379,2,0,F,226.28727187706121526,2048
1122285,38570244,1,0,F,232.37747306682200588,846
1122285,38570244,2,0,F,232.37747306682200588,846
1122287,38504272,1,0,F,89.22948487131353090,1576
1122287,38504272,2,0,F,89.22948487131353090,1576
1122288,38570237,1,0,F,150.13114346389500042,5288
1122288,38570237,2,0,F,150.13114346389500042,5288
1122288,38570247,1,0,F,269.56731219245989450,3688
1122288,38570247,2,0,F,269.56731219245989450,3688
1122288,38577202,1,0,F,183.87907643431950078,6195
1122288,38577202,2,0,F,183.87907643431950078,6195
1122288,38595482,1,0,F,313.05485299581624759,15035
1122288,38595482,2,0,F,313.05485299581624759,15035
1122288,41003602,1,0,F,290.10672654214010890,12016
1122288,41003602,2,0,F,290.10672654214010890,12016
1122289,41003646,1,0,F,561.59163490118294249,831
1122289,41003646,2,0,F,561.59163490118294249,831
1122290,38507686,1,0,F,146.08909583316062708,829
1122290,38507686,2,0,F,146.08909583316062708,829
1122291,41003654,1,0,F,651.51966341322338394,973
1122291,41003654,2,0,F,651.51966341322338394,973
1122292,38570334,1,0,F,178.85788903962099994,704
1122292,38570334,2,0,F,178.85788903962099994,704
1122292,38570335,1,0,F,78.62018856582342607,73
1122292,38570335,2,0,F,78.62018856582342607,73
1122292,38570336,1,0,F,244.23536882641155898,1641
1122292,38570336,2,0,F,244.23536882641155898,1641
1122293,41003670,1,0,F,408.89756116029792565,7120
1122293,41003670,2,0,F,408.89756116029792565,7120
1122293,41003683,1,0,F,152.29580171524278853,223
1122293,41003683,2,0,F,152.29580171524278853,223
1122294,38570199,1,0,F,178.86951830227874893,1263
1122294,38570199,2,0,F,178.86951830227874893,1263
1122295,38570262,1,0,F,102.40382170877317947,100
1122295,38570262,2,0,F,102.40382170877317947,100
1122296,38507677,1,0,F,170.37517488462239612,1006
1122296,38507677,2,0,F,170.37517488462239612,1006
1122297,38507697,1,0,F,185.84740848367155763,988
1122297,38507697,2,0,F,185.84740848367155763,988
1122298,38507962,1,0,F,45.31049476066521464,283
1122298,38507962,2,0,F,45.31049476066521464,283
1122299,38507694,1,0,F,62.62582904650953708,122
1122299,38507694,2,0,F,62.62582904650953708,122
1122300,38580463,1,0,F,183.90263169812010347,256
1122300,38580463,2,0,F,183.90263169812010347,256
1122301,38579303,1,0,F,190.57506505766707505,1855
1122301,38579303,2,0,F,190.57506505766707505,1855
1122302,38507679,1,0,F,77.68717257530111908,235
1122302,38507679,2,0,F,77.68717257530111908,235
1122303,41003727,1,0,F,347.39117808629782758,484
1122303,41003727,2,0,F,347.39117808629782758,484
1122304,41003735,1,0,F,305.15323586894845675,1098
1122304,41003735,2,0,F,305.15323586894845675,1098
1122305,38579733,1,0,F,247.98731326371063233,1608
1122305,38579733,2,0,F,247.98731326371063233,1608
1122306,38579299,1,0,F,304.20654309983507346,1489
1122306,38579299,2,0,F,304.20654309983507346,1489
1122307,38594011,1,0,F,226.15452657910628886,2839
1122307,38594011,2,0,F,226.15452657910628886,2839
1122308,38594013,1,0,F,227.24695298289941547,7487
1122308,38594013,2,0,F,227.24695298289941547,7487
1122309,38581510,1,0,F,206.37774565924027570,292
1122309,38581510,2,0,F,206.37774565924027570,292
1122310,38507681,1,0,F,201.79989671614666236,973
1122310,38507681,2,0,F,201.79989671614666236,973
1122311,3163,1,0,F,408.46428589429768863,10500
1122311,3163,2,0,F,408.46428589429768863,10500
1122311,38579295,1,0,F,156.21437749358520364,6897
1122311,38579295,2,0,F,156.21437749358520364,6897
1122311,38594016,1,0,F,262.75217478575041241,9932
1122311,38594016,2,0,F,262.75217478575041241,9932
1122311,38594017,1,0,F,235.35450411565525997,8748
1122311,38594017,2,0,F,235.35450411565525997,8748
1122311,38594028,1,0,F,172.50938025673369225,9141
1122311,38594028,2,0,F,172.50938025673369225,9141
1122312,3163,1,0,F,335.23354508279788888,11704
1122312,3163,2,0,F,335.23354508279788888,11704
1122312,38504774,1,0,F,284.62690812691323572,16124
1122312,38504774,2,0,F,284.62690812691323572,16124
1122312,38570239,1,0,F,209.06547147973776646,6771
1122312,38570239,2,0,F,209.06547147973776646,6771
1122312,38594024,1,0,F,243.21763567753117741,6858
1122312,38594024,2,0,F,243.21763567753117741,6858
1122312,38594030,1,0,F,138.84610471600512938,7862
1122312,38594030,2,0,F,138.84610471600512938,7862
1122312,38594054,1,0,F,195.29030932525759567,7038
1122312,38594054,2,0,F,195.29030932525759567,7038
1122312,38594062,1,0,F,126.32827501538515946,12018
1122312,38594062,2,0,F,126.32827501538515946,12018
1122313,38507659,1,0,F,228.54298951511643168,6824
1122313,38507659,2,0,F,228.54298951511643168,6824
1122313,38507685,1,0,F,109.64252580902775946,604
1122313,38507685,2,0,F,109.64252580902775946,604
1122313,38570318,1,0,F,205.51939752594606148,9584
1122313,38570318,2,0,F,205.51939752594606148,9584
1122313,38582051,1,0,F,202.62198110268803930,8103
1122313,38582051,2,0,F,202.62198110268803930,8103
1122313,38594018,1,0,F,201.01386970909538832,12246
1122313,38594018,2,0,F,201.01386970909538832,12246
1122313,38594027,1,0,F,193.93571950405294047,10707
1122313,38594027,2,0,F,193.93571950405294047,10707
1122314,38507653,1,0,F,152.97776858634276209,442
1122314,38507653,2,0,F,152.97776858634276209,442
1122315,38507965,1,0,F,217.39509502865860213,4382
1122315,38507965,2,0,F,217.39509502865860213,4382
1122316,38507957,1,0,F,153.22069989982043126,3027
1122316,38507957,2,0,F,153.22069989982043126,3027
1122316,38570254,1,0,F,236.04797424779837911,6004
1122316,38570254,2,0,F,236.04797424779837911,6004
1122317,38507680,1,0,F,113.03691617526591529,61
1122317,38507680,2,0,F,113.03691617526591529,61
1122317,38507958,1,0,F,138.02851982939083086,76
1122317,38507958,2,0,F,138.02851982939083086,76
1122317,38570265,1,0,F,218.21671314992306634,2475
1122317,38570265,2,0,F,218.21671314992306634,2475
1122317,38570266,1,0,F,263.02263338232529577,114
1122317,38570266,2,0,F,263.02263338232529577,114
1122318,38504989,1,0,F,259.19072859263178543,2042
1122318,38504989,2,0,F,259.19072859263178543,2042
1122319,38507967,1,0,F,108.72552510093608191,279
1122319,38507967,2,0,F,108.72552510093608191,279
1122320,38507966,1,0,F,144.67725392377977300,256
1122320,38507966,2,0,F,144.67725392377977300,256
1122321,38507953,1,0,F,96.24060461693829893,2188
1122321,38507953,2,0,F,96.24060461693829893,2188
1122322,38507658,1,0,F,118.78494958591249997,1108
1122322,38507658,2,0,F,118.78494958591249997,1108
1122323,38507698,1,0,F,158.61128481991579520,237
1122323,38507698,2,0,F,158.61128481991579520,237
1122324,38507955,1,0,F,309.51888755278497456,1389
1122324,38507955,2,0,F,309.51888755278497456,1389
1122325,38504458,1,0,F,208.76053754824133080,2508
1122325,38504458,2,0,F,208.76053754824133080,2508
1122326,38507695,1,0,F,53.10809593728962597,542
1122326,38507695,2,0,F,53.10809593728962597,542
1122327,38570321,1,0,F,144.05354478530836104,279
1122327,38570321,2,0,F,144.05354478530836104,279
1122328,38507969,1,0,F,130.03676813755308217,104
1122328,38507969,2,0,F,130.03676813755308217,104
1122329,38507670,1,0,F,150.90623239285764612,1397
1122329,38507670,2,0,F,150.90623239285764612,1397
1122330,38507664,1,0,F,201.03140733874852231,538
1122330,38507664,2,0,F,201.03140733874852231,538
1122331,38507654,1,0,F,105.34573180694609107,289
1122331,38507654,2,0,F,105.34573180694609107,289
1122332,38507691,1,0,F,76.93123759787424376,271
1122332,38507691,2,0,F,76.93123759787424376,271
1122333,38507674,1,0,F,206.38728166033320122,1074
1122333,38507674,2,0,F,206.38728166033320122,1074
1122333,38507682,1,0,F,131.31553848540167451,225
1122333,38507682,2,0,F,131.31553848540167451,225
1122333,38507688,1,0,F,91.46298547782186006,111
1122333,38507688,2,0,F,91.46298547782186006,111
1122333,38507954,1,0,F,105.70386156742196704,282
1122333,38507954,2,0,F,105.70386156742196704,282
1122334,38570280,1,0,F,315.47225802293735342,3667
1122334,38570280,2,0,F,315.47225802293735342,3667
1122335,38582675,1,0,F,249.37556941696107060,5768
1122335,38582675,2,0,F,249.37556941696107060,5768
1122335,41003852,1,0,F,357.12107450924190744,6072
1122335,41003852,2,0,F,357.12107450924190744,6072
1122336,38507689,1,0,F,149.70864015835033456,360
1122336,38507689,2,0,F,149.70864015835033456,360
1122337,38507672,1,0,F,114.01069513242376274,468
1122337,38507672,2,0,F,114.01069513242376274,468
1122338,38507651,1,0,F,65.59922028151977713,79
1122338,38507651,2,0,F,65.59922028151977713,79
1122338,38570387,1,0,F,132.62847727581490176,157
1122338,38570387,2,0,F,132.62847727581490176,157
1122339,38504988,1,0,F,169.92863285831421649,358
1122339,38504988,2,0,F,169.92863285831421649,358
1122340,38504987,1,0,F,246.27503516251798032,366
1122340,38504987,2,0,F,246.27503516251798032,366
1122341,38588443,1,0,F,220.84155797161395185,16764
1122341,38588443,2,0,F,220.84155797161395185,16764
1122341,38592168,1,0,F,117.84437631898795473,6597
1122341,38592168,2,0,F,117.84437631898795473,6597
1122341,38592172,1,0,F,209.42368137486141677,7011
1122341,38592172,2,0,F,209.42368137486141677,7011
1122341,38592198,1,0,F,211.27947569719924559,6843
1122341,38592198,2,0,F,211.27947569719924559,6843
1122341,38592199,1,0,F,196.41975404629246782,8514
1122341,38592199,2,0,F,196.41975404629246782,8514
1122342,38592171,1,0,F,240.60081604990162418,6862
1122342,38592171,2,0,F,240.60081604990162418,6862
1122342,38592183,1,0,F,201.54818322755673421,5034
1122342,38592183,2,0,F,201.54818322755673421,5034
1122342,38592185,1,0,F,158.12374611539070202,8724
1122342,38592185,2,0,F,158.12374611539070202,8724
1122342,38592188,1,0,F,211.14097142986605604,5070
1122342,38592188,2,0,F,211.14097142986605604,5070
1122342,38593850,1,0,F,213.11986529133733370,7695
1122342,38593850,2,0,F,213.11986529133733370,7695
1122343,38592150,1,0,F,209.62188118503505052,7266
1122343,38592150,2,0,F,209.62188118503505052,7266
1122343,41003811,1,0,F,630.54060743378590814,3168
1122343,41003811,2,0,F,630.54060743378590814,3168
1122344,38592155,1,0,F,161.61855150489461153,4703
1122344,38592155,2,0,F,161.61855150489461153,4703
1122344,38592157,1,0,F,238.30344923422197212,4484
1122344,38592157,2,0,F,238.30344923422197212,4484
1122344,38592158,1,0,F,275.01986205730031543,7329
1122344,38592158,2,0,F,275.01986205730031543,7329
1122344,38592164,1,0,F,195.10452703870845426,7680
1122344,38592164,2,0,F,195.10452703870845426,7680
1122344,41003811,1,0,F,441.18537997446435384,7239
1122344,41003811,2,0,F,441.18537997446435384,7239
1122346,38579259,1,0,F,210.05365729307942502,4110
1122346,38579259,2,0,F,210.05365729307942502,4110
1122347,38579258,1,0,F,436.23308377212799769,604
1122347,38579258,2,0,F,436.23308377212799769,604
1122347,38588436,1,0,F,200.68528511482296040,4569
1122347,38588436,2,0,F,200.68528511482296040,4569
1122347,38595190,1,0,F,291.37425392761940657,6092
1122347,38595190,2,0,F,291.37425392761940657,6092
1122348,38582781,1,0,F,496.28699912421575391,1483
1122348,38582781,2,0,F,496.28699912421575391,1483
1122349,41003830,1,0,F,473.89138695692832925,4719
1122349,41003830,2,0,F,473.89138695692832925,4719
1122350,38570559,1,0,F,224.17427145767840102,1499
1122350,38570559,2,0,F,224.17427145767840102,1499
1122350,41003830,1,0,F,740.00409543039893379,2788
1122350,41003830,2,0,F,740.00409543039893379,2788
1122351,38501297,1,0,F,28.27354512267180908,320
1122351,38501297,2,0,F,28.27354512267180908,320
1122352,38570560,1,0,F,269.50105690210756393,1188
1122352,38570560,2,0,F,269.50105690210756393,1188
1122354,38592233,1,0,F,782.11289492904393228,1
1122354,38592233,2,0,F,782.11289492904393228,1
1122355,38504173,1,0,F,168.59958510331222215,1276
1122355,38504173,2,0,F,168.59958510331222215,1276
1122355,38592231,1,0,F,418.49340525463230733,4153
1122355,38592231,2,0,F,418.49340525463230733,4153
1122357,38570417,1,0,F,210.79865010081491050,775
1122357,38570417,2,0,F,210.79865010081491050,775
1122359,38582774,1,0,F,217.57339409071533964,1900
1122359,38582774,2,0,F,217.57339409071533964,1900
1122360,38579251,1,0,F,181.85830003002564581,1404
1122360,38579251,2,0,F,181.85830003002564581,1404
1122361,38504169,1,0,F,222.64808960808289839,995
1122361,38504169,2,0,F,222.64808960808289839,995
1122362,38581429,1,0,F,290.70740905963799605,2770
1122362,38581429,2,0,F,290.70740905963799605,2770
1122364,38504758,1,0,F,245.36508219213502002,3288
1122364,38504758,2,0,F,245.36508219213502002,3288
1122365,38504165,1,0,F,356.62575009715760643,3498
1122365,38504165,2,0,F,356.62575009715760643,3498
1122366,38570422,1,0,F,207.12672363387164864,626
1122366,38570422,2,0,F,207.12672363387164864,626
1122367,41003874,1,0,F,386.54527908864497476,551
1122367,41003874,2,0,F,386.54527908864497476,551
1122368,38570566,1,0,F,237.65693750284776797,3963
1122368,38570566,2,0,F,237.65693750284776797,3963
1122368,38570569,1,0,F,375.63766361151311912,936
1122368,38570569,2,0,F,375.63766361151311912,936
1122368,41003866,1,0,F,481.12626660448239591,5733
1122368,41003866,2,0,F,481.12626660448239591,5733
1122369,38501757,1,0,F,279.30228453502189723,11081
1122369,38501757,2,0,F,279.30228453502189723,11081
1122370,41003891,1,0,F,183.77852990104938158,310
1122370,41003891,2,0,F,183.77852990104938158,310
1122371,38570461,1,0,F,184.92277164936172085,577
1122371,38570461,2,0,F,184.92277164936172085,577
1122372,38570438,1,0,F,223.27165435412300099,1346
1122372,38570438,2,0,F,223.27165435412300099,1346
1122373,38504775,1,0,F,277.84135268007656805,9654
1122373,38504775,2,0,F,277.84135268007656805,9654
1122373,38570458,1,0,F,219.94480147557115401,302
1122373,38570458,2,0,F,219.94480147557115401,302
1122373,38582200,1,0,F,323.47435929283784617,81
1122373,38582200,2,0,F,323.47435929283784617,81
1122374,38582199,1,0,F,64.66498479017640477,144
1122374,38582199,2,0,F,64.66498479017640477,144
1122375,38579737,1,0,F,326.38133777993812146,4272
1122375,38579737,2,0,F,326.38133777993812146,4272
1122377,41003928,1,0,F,461.64358630218538337,1339
1122377,41003928,2,0,F,461.64358630218538337,1339
1122378,38570450,1,0,F,148.96497974062333469,284
1122378,38570450,2,0,F,148.96497974062333469,284
1122378,38579741,1,0,F,257.20760168203520379,133
1122378,38579741,2,0,F,257.20760168203520379,133
1122379,38504790,1,0,F,147.47874700561041550,670
1122379,38504790,2,0,F,147.47874700561041550,670
1122380,38570443,1,0,F,71.13991828136997242,730
1122380,38570443,2,0,F,71.13991828136997242,730
1122380,38570444,1,0,F,192.63115374390608281,175
1122380,38570444,2,0,F,192.63115374390608281,175
1122382,38591995,1,0,F,272.25631759746596572,10465
1122382,38591995,2,0,F,272.25631759746596572,10465
1122382,38592021,1,0,F,145.44915925787088895,11205
1122382,38592021,2,0,F,145.44915925787088895,11205
1122382,38593837,1,0,F,174.59002959917009434,5393
1122382,38593837,2,0,F,174.59002959917009434,5393
1122382,38595521,1,0,F,131.77709228667276875,6555
1122382,38595521,2,0,F,131.77709228667276875,6555
1122383,38591983,1,0,F,199.64057639694053137,7644
1122383,38591983,2,0,F,199.64057639694053137,7644
1122383,38592005,1,0,F,152.75954650450353256,11761
1122383,38592005,2,0,F,152.75954650450353256,11761
1122383,38592044,1,0,F,188.30088016147479379,10404
1122383,38592044,2,0,F,188.30088016147479379,10404
1122383,38592046,1,0,F,162.81888977037058908,18768
1122383,38592046,2,0,F,162.81888977037058908,18768
1122385,38592022,1,0,F,116.26437365383758049,7914
1122385,38592022,2,0,F,116.26437365383758049,7914
1122385,38592036,1,0,F,233.04359035889217466,13939
1122385,38592036,2,0,F,233.04359035889217466,13939
1122385,38592103,1,0,F,174.35007166377823751,8674
1122385,38592103,2,0,F,174.35007166377823751,8674
1122385,38592105,1,0,F,170.66189389172350843,13896
1122385,38592105,2,0,F,170.66189389172350843,13896
1122385,41003747,1,0,F,527.18361164045484202,27644
1122385,41003747,2,0,F,527.18361164045484202,27644
1122386,38592001,1,0,F,179.35003956461562780,7976
1122386,38592001,2,0,F,179.35003956461562780,7976
1122386,41003722,1,0,F,468.06398000907825008,26613
1122386,41003722,2,0,F,468.06398000907825008,26613
1122386,41003747,1,0,F,467.36999783256021601,27532
1122386,41003747,2,0,F,467.36999783256021601,27532
1122387,38591998,1,0,F,162.06187604482991560,10358
1122387,38591998,2,0,F,162.06187604482991560,10358
1122387,38592187,1,0,F,222.64257655791109869,9340
1122387,38592187,2,0,F,222.64257655791109869,9340
1122387,41003722,1,0,F,570.53202256986116936,9380
1122387,41003722,2,0,F,570.53202256986116936,9380
1122388,38591994,1,0,F,221.27488478144482542,6713
1122388,38591994,2,0,F,221.27488478144482542,6713
1122388,38591996,1,0,F,258.91672824836979316,8040
1122388,38591996,2,0,F,258.91672824836979316,8040
1122388,38592056,1,0,F,166.39636899592497343,7429
1122388,38592056,2,0,F,166.39636899592497343,7429
1122388,38592116,1,0,F,209.80713646460483801,7212
1122388,38592116,2,0,F,209.80713646460483801,7212
1122388,41003722,1,0,F,638.27132956855928114,7584
1122388,41003722,2,0,F,638.27132956855928114,7584
1122389,38501181,1,0,F,626.97225044451579379,15152
1122389,38501181,2,0,F,626.97225044451579379,15152
1122389,38592024,1,0,F,163.44131332344812790,10482
1122389,38592024,2,0,F,163.44131332344812790,10482
1122389,38592039,1,0,F,158.19370425527830548,9833
1122389,38592039,2,0,F,158.19370425527830548,9833
1122389,38592061,1,0,F,184.28231593688514067,27744
1122389,38592061,2,0,F,184.28231593688514067,27744
1122389,38592062,1,0,F,177.59744576058176335,10604
1122389,38592062,2,0,F,177.59744576058176335,10604
1122389,38592193,1,0,F,218.84285882382468458,4689
1122389,38592193,2,0,F,218.84285882382468458,4689
1122390,38592034,1,0,F,145.39700572109069299,17715
1122390,38592034,2,0,F,145.39700572109069299,17715
1122390,41003747,1,0,F,415.70810229123480894,25024
1122390,41003747,2,0,F,415.70810229123480894,25024
1122391,38501181,1,0,F,392.75719122309817521,181708
1122391,38501181,2,0,F,392.75719122309817521,181708
1122391,38591979,1,0,F,183.04098931754097634,18019
1122391,38591979,2,0,F,183.04098931754097634,18019
1122391,38591988,1,0,F,127.60412883784702842,20680
1122391,38591988,2,0,F,127.60412883784702842,20680
1122391,38592010,1,0,F,141.15257642394831805,7620
1122391,38592010,2,0,F,141.15257642394831805,7620
1122391,38592038,1,0,F,153.31024737986092532,7518
1122391,38592038,2,0,F,153.31024737986092532,7518
1122391,38592098,1,0,F,120.57666978884977027,10984
1122391,38592098,2,0,F,120.57666978884977027,10984
1122392,38587357,1,0,F,272.47995358093686491,7545
1122392,38587357,2,0,F,272.47995358093686491,7545
1122392,38592111,1,0,F,153.35326479285495793,7950
1122392,38592111,2,0,F,153.35326479285495793,7950
1122393,38579237,1,0,F,242.83649729252647376,6924
1122393,38579237,2,0,F,242.83649729252647376,6924
1122393,38589522,1,0,F,195.46991953071744774,14614
1122393,38589522,2,0,F,195.46991953071744774,14614
1122393,38592017,1,0,F,193.99999999999997158,6189
1122393,38592017,2,0,F,193.99999999999997158,6189
1122393,38592136,1,0,F,316.18915179792020353,13800
1122393,38592136,2,0,F,316.18915179792020353,13800
1122394,38591978,1,0,F,317.46754214244896275,4956
1122394,38591978,2,0,F,317.46754214244896275,4956
1122394,38591979,1,0,F,200.27922097269083679,10087
1122394,38591979,2,0,F,200.27922097269083679,10087
1122394,38592009,1,0,F,140.67912405909237350,5154
1122394,38592009,2,0,F,140.67912405909237350,5154
1122394,38592012,1,0,F,165.09383014395393730,8307
1122394,38592012,2,0,F,165.09383014395393730,8307
1122394,38592045,1,0,F,203.96825264081701334,8727
1122394,38592045,2,0,F,203.96825264081701334,8727
1122395,38587357,1,0,F,145.16729163132308145,7917
1122395,38587357,2,0,F,145.16729163132308145,7917
1122395,38592002,1,0,F,266.10588898609256603,15607
1122395,38592002,2,0,F,266.10588898609256603,15607
1122395,38592048,1,0,F,230.82198914322597716,15097
1122395,38592048,2,0,F,230.82198914322597716,15097
1122395,38592054,1,0,F,248.50801588735708947,6615
1122395,38592054,2,0,F,248.50801588735708947,6615
1122395,38592066,1,0,F,162.97174954548901837,7866
1122395,38592066,2,0,F,162.97174954548901837,7866
1122395,38592067,1,0,F,204.84833174538749745,10902
1122395,38592067,2,0,F,204.84833174538749745,10902
1122395,38592081,1,0,F,200.70400747991831736,7677
1122395,38592081,2,0,F,200.70400747991831736,7677
1122395,38592128,1,0,F,244.49433999539132856,7182
1122395,38592128,2,0,F,244.49433999539132856,7182
1122395,38592131,1,0,F,187.71119633404975957,11655
1122395,38592131,2,0,F,187.71119633404975957,11655
1122396,38588432,1,0,F,190.49627082091740249,8574
1122396,38588432,2,0,F,190.49627082091740249,8574
1122396,38592008,1,0,F,216.19724948624519811,5280
1122396,38592008,2,0,F,216.19724948624519811,5280
1122396,38592065,1,0,F,158.40382094120826650,5253
1122396,38592065,2,0,F,158.40382094120826650,5253
1122396,38592112,1,0,F,299.55159034669816265,9831
1122396,38592112,2,0,F,299.55159034669816265,9831
1122396,38592126,1,0,F,231.94347366298586621,8190
1122396,38592126,2,0,F,231.94347366298586621,8190
1122397,38587547,1,0,F,139.21366030734989749,3645
1122397,38587547,2,0,F,139.21366030734989749,3645
1122398,38592015,1,0,F,285.56511526876397511,3518
1122398,38592015,2,0,F,285.56511526876397511,3518
1122398,38592037,1,0,F,178.62488853575493408,9009
1122398,38592037,2,0,F,178.62488853575493408,9009
1122399,41003698,1,0,F,471.64318230376676411,1063
1122399,41003698,2,0,F,471.64318230376676411,1063
1122400,38570063,1,0,F,254.05765971800641978,4128
1122400,38570063,2,0,F,254.05765971800641978,4128
1122400,38570064,1,0,F,280.83427507573264847,5321
1122400,38570064,2,0,F,280.83427507573264847,5321
1122400,38577645,1,0,F,148.29670833018877829,3232
1122400,38577645,2,0,F,148.29670833018877829,3232
1122400,38595147,1,0,F,183.95526337725354438,505
1122400,38595147,2,0,F,183.95526337725354438,505
1122400,41003712,1,0,F,333.92150495335181404,2324
1122400,41003712,2,0,F,333.92150495335181404,2324
1122401,41003704,1,0,F,314.06718740712005911,3476
1122401,41003704,2,0,F,314.06718740712005911,3476
1122401,41003708,1,0,F,416.25275829370713154,1295
1122401,41003708,2,0,F,416.25275829370713154,1295
1122402,38593249,1,0,F,131.23342907471820240,5325
1122402,38593249,2,0,F,131.23342907471820240,5325
1122402,38595004,1,0,F,200.45906535448207819,8484
1122402,38595004,2,0,F,200.45906535448207819,8484
1122403,38592139,1,0,F,306.08454211511588028,4134
1122403,38592139,2,0,F,306.08454211511588028,4134
1122404,38504177,1,0,F,384.58551140417830538,1788
1122404,38504177,2,0,F,384.58551140417830538,1788
1122404,38587853,1,0,F,214.27827585454986092,3867
1122404,38587853,2,0,F,214.27827585454986092,3867
1122404,38592019,1,0,F,411.07086086180345319,3042
1122404,38592019,2,0,F,411.07086086180345319,3042
1122404,38592140,1,0,F,332.26315987726275125,3171
1122404,38592140,2,0,F,332.26315987726275125,3171
1122404,38592141,1,0,F,427.62909516928624498,4920
1122404,38592141,2,0,F,427.62909516928624498,4920
1122404,38592143,1,0,F,319.83806175664750526,4836
1122404,38592143,2,0,F,319.83806175664750526,4836
1122404,38593845,1,0,F,492.25288084716288495,997
1122404,38593845,2,0,F,492.25288084716288495,997
1122405,38579239,1,0,F,136.39337744863374269,7122
1122405,38579239,2,0,F,136.39337744863374269,7122
1122405,38591963,1,0,F,264.96659144557099808,4580
1122405,38591963,2,0,F,264.96659144557099808,4580
1122405,38591964,1,0,F,225.47117909243871736,3542
1122405,38591964,2,0,F,225.47117909243871736,3542
1122405,38591965,1,0,F,261.74618458731612236,9305
1122405,38591965,2,0,F,261.74618458731612236,9305
1122405,38591969,1,0,F,358.33852043221236272,1238
1122405,38591969,2,0,F,358.33852043221236272,1238
1122405,38591971,1,0,F,144.79112808512263655,6495
1122405,38591971,2,0,F,144.79112808512263655,6495
1122406,38581914,1,0,F,250.50492134645867282,10332
1122406,38581914,2,0,F,250.50492134645867282,10332
1122406,38581917,1,0,F,256.37737311581770427,10721
1122406,38581917,2,0,F,256.37737311581770427,10721
1122406,38581922,1,0,F,136.16958960756224428,5853
1122406,38581922,2,0,F,136.16958960756224428,5853
1122406,38591930,1,0,F,285.50220325630584739,7155
1122406,38591930,2,0,F,285.50220325630584739,7155
1122406,41003635,1,0,F,463.44637497219360966,22357
1122406,41003635,2,0,F,463.44637497219360966,22357
1122407,38501213,1,0,F,317.00000000000000000,6050
1122407,38501213,2,0,F,317.00000000000000000,6050
1122407,38591933,1,0,F,330.72188874710525397,3528
1122407,38591933,2,0,F,330.72188874710525397,3528
1122407,38591944,1,0,F,225.00000000000000000,18410
1122407,38591944,2,0,F,225.00000000000000000,18410
1122407,38591946,1,0,F,141.55958930094155335,4797
1122407,38591946,2,0,F,141.55958930094155335,4797
1122407,38591952,1,0,F,244.96101269487712671,2917
1122407,38591952,2,0,F,244.96101269487712671,2917
1122407,38591955,1,0,F,315.10001754638199145,12883
1122407,38591955,2,0,F,315.10001754638199145,12883
1122407,38591957,1,0,F,247.66145746491457658,7410
1122407,38591957,2,0,F,247.66145746491457658,7410
1122407,38591959,1,0,F,224.60267437667329204,5516
1122407,38591959,2,0,F,224.60267437667329204,5516
1122407,38591961,1,0,F,237.78392306254218624,4872
1122407,38591961,2,0,F,237.78392306254218624,4872
1122408,38501218,1,0,F,162.83336909920095081,5994
1122408,38501218,2,0,F,162.83336909920095081,5994
1122408,38591958,1,0,F,151.34682165531469877,5514
1122408,38591958,2,0,F,151.34682165531469877,5514
1122409,38588156,1,0,F,296.51483819471616243,9033
1122409,38588156,2,0,F,296.51483819471616243,9033
1122409,38588157,1,0,F,250.61359140526352007,6294
1122409,38588157,2,0,F,250.61359140526352007,6294
1122409,38592227,1,0,F,316.89698889278366778,4544
1122409,38592227,2,0,F,316.89698889278366778,4544
1122410,38588846,1,0,F,197.76273140284851593,3936
1122410,38588846,2,0,F,197.76273140284851593,3936
1122412,38501212,1,0,F,188.00000000000000000,3903
1122412,38501212,2,0,F,188.00000000000000000,3903
1122412,38593867,1,0,F,235.92526418933383070,10203
1122412,38593867,2,0,F,235.92526418933383070,10203
1122413,38591933,1,0,F,166.39737441673426588,3312
1122413,38591933,2,0,F,166.39737441673426588,3312
1122413,38593866,1,0,F,142.83283583941741313,9163
1122413,38593866,2,0,F,142.83283583941741313,9163
1122413,38593869,1,0,F,117.24902558566374466,3105
1122413,38593869,2,0,F,117.24902558566374466,3105
1122414,38588840,1,0,F,269.43914626935259093,3429
1122414,38588840,2,0,F,269.43914626935259093,3429
1122414,38588841,1,0,F,211.68026780032610645,4545
1122414,38588841,2,0,F,211.68026780032610645,4545
1122414,38588842,1,0,F,343.44618312355402168,4386
1122414,38588842,2,0,F,343.44618312355402168,4386
1122414,38588843,1,0,F,153.10435213506207219,6098
1122414,38588843,2,0,F,153.10435213506207219,6098
1122414,38588845,1,0,F,13.00000000000000355,100
1122414,38588845,2,0,F,13.00000000000000355,100
1122414,38588846,1,0,F,258.19949227242926781,3193
1122414,38588846,2,0,F,258.19949227242926781,3193
1122414,38591930,1,0,F,362.80714815394264861,5010
1122414,38591930,2,0,F,362.80714815394264861,5010
1122414,38591939,1,0,F,314.73541636635610530,4083
1122414,38591939,2,0,F,314.73541636635610530,4083
1122414,38592214,1,0,F,205.14173557531432834,8067
1122414,38592214,2,0,F,205.14173557531432834,8067
1122414,38593817,1,0,F,240.92002202623956464,11802
1122414,38593817,2,0,F,240.92002202623956464,11802
1122415,38592179,1,0,F,308.41037210794297607,6879
1122415,38592179,2,0,F,308.41037210794297607,6879
1122415,38592209,1,0,F,198.13169762506612415,17436
1122415,38592209,2,0,F,198.13169762506612415,17436
1122415,38592210,1,0,F,178.91436103711845362,6945
1122415,38592210,2,0,F,178.91436103711845362,6945
1122415,38592215,1,0,F,218.57194097787751730,3087
1122415,38592215,2,0,F,218.57194097787751730,3087
1122415,38592219,1,0,F,195.33522809415714505,4542
1122415,38592219,2,0,F,195.33522809415714505,4542
1122415,38595534,1,0,F,225.94462994338769590,5697
1122415,38595534,2,0,F,225.94462994338769590,5697
1122416,38588839,1,0,F,94.84016066246525156,4827
1122416,38588839,2,0,F,94.84016066246525156,4827
1122416,38592200,1,0,F,113.32792167517742143,4695
1122416,38592200,2,0,F,113.32792167517742143,4695
1122416,38592201,1,0,F,154.67625885696415367,6321
1122416,38592201,2,0,F,154.67625885696415367,6321
1122416,38592203,1,0,F,211.11110704304533670,8910
1122416,38592203,2,0,F,211.11110704304533670,8910
1122416,38592205,1,0,F,231.78133749003080766,13836
1122416,38592205,2,0,F,231.78133749003080766,13836
1122416,38592206,1,0,F,165.11477090726108941,3696
1122416,38592206,2,0,F,165.11477090726108941,3696
1122416,38592208,1,0,F,164.54077196716548315,2379
1122416,38592208,2,0,F,164.54077196716548315,2379
1122416,38592211,1,0,F,233.91877864946974341,9801
1122416,38592211,2,0,F,233.91877864946974341,9801
1122416,38592213,1,0,F,289.14955840885767202,6192
1122416,38592213,2,0,F,289.14955840885767202,6192
1122416,38592222,1,0,F,273.55690337785159727,3220
1122416,38592222,2,0,F,273.55690337785159727,3220
1122417,38592049,1,0,F,141.85976432825867732,4539
1122417,38592049,2,0,F,141.85976432825867732,4539
1122417,38592107,1,0,F,145.69826631932411942,7060
1122417,38592107,2,0,F,145.69826631932411942,7060
1122417,38592176,1,0,F,150.01823767010478150,4176
1122417,38592176,2,0,F,150.01823767010478150,4176
1122417,38592180,1,0,F,252.43634910561806350,17568
1122417,38592180,2,0,F,252.43634910561806350,17568
1122417,38592181,1,0,F,199.45013478648291994,10756
1122417,38592181,2,0,F,199.45013478648291994,10756
1122417,38592192,1,0,F,261.64565106471644640,14565
1122417,38592192,2,0,F,261.64565106471644640,14565
1122417,38592211,1,0,F,151.61371569043441809,6157
1122417,38592211,2,0,F,151.61371569043441809,6157
1122417,41003706,1,0,F,294.68927522089381910,4999
1122417,41003706,2,0,F,294.68927522089381910,4999
1122418,38501254,1,0,F,342.58352313383971932,3680
1122418,38501254,2,0,F,342.58352313383971932,3680
1122418,38579157,1,0,F,475.40946348602909666,3389
1122418,38579157,2,0,F,475.40946348602909666,3389
1122419,38501251,1,0,F,261.03459344994905678,5812
1122419,38501251,2,0,F,261.03459344994905678,5812
1122419,41003912,1,0,F,355.15488923436811319,5192
1122419,41003912,2,0,F,355.15488923436811319,5192
1122419,41003922,1,0,F,329.82001872293574252,12480
1122419,41003922,2,0,F,329.82001872293574252,12480
1122420,38579174,1,0,F,197.71550101668884736,10636
1122420,38579174,2,0,F,197.71550101668884736,10636
1122420,41003922,1,0,F,409.27976726225131188,10404
1122420,41003922,2,0,F,409.27976726225131188,10404
1122421,38579149,1,0,F,173.96466598048013452,18504
1122421,38579149,2,0,F,173.96466598048013452,18504
1122421,38593950,1,0,F,171.62659677638873745,4266
1122421,38593950,2,0,F,171.62659677638873745,4266
1122421,38593985,1,0,F,142.15723457398439677,8724
1122421,38593985,2,0,F,142.15723457398439677,8724
1122421,38594002,1,0,F,132.54398076646140225,9837
1122421,38594002,2,0,F,132.54398076646140225,9837
1122422,38593996,1,0,F,118.18887305087687878,4660
1122422,38593996,2,0,F,118.18887305087687878,4660
1122422,38594641,1,0,F,280.86918289616670563,6032
1122422,38594641,2,0,F,280.86918289616670563,6032
1122422,41003922,1,0,F,608.55984397680413167,9276
1122422,41003922,2,0,F,608.55984397680413167,9276
1122422,41003969,1,0,F,210.92137824416221292,9680
1122422,41003969,2,0,F,210.92137824416221292,9680
1122423,38593984,1,0,F,219.57940702126822430,7843
1122423,38593984,2,0,F,219.57940702126822430,7843
1122423,38594003,1,0,F,184.31617939566962150,3960
1122423,38594003,2,0,F,184.31617939566962150,3960
1122423,41003986,1,0,F,583.74338789702835584,8700
1122423,41003986,2,0,F,583.74338789702835584,8700
1122424,38504964,1,0,F,140.55767513391492685,6432
1122424,38504964,2,0,F,140.55767513391492685,6432
1122424,41003922,1,0,F,299.07357684049532054,4712
1122424,41003922,2,0,F,299.07357684049532054,4712
1122426,38504961,1,0,F,474.53279136907673319,5873
1122426,38504961,2,0,F,474.53279136907673319,5873
1122427,38504728,1,0,F,269.00673761155940156,5258
1122427,38504728,2,0,F,269.00673761155940156,5258
1122428,38593919,1,0,F,392.89809702956665660,4176
1122428,38593919,2,0,F,392.89809702956665660,4176
1122428,38593949,1,0,F,173.92058403831910596,9399
1122428,38593949,2,0,F,173.92058403831910596,9399
1122428,38593952,1,0,F,184.70998841401808477,4725
1122428,38593952,2,0,F,184.70998841401808477,4725
1122428,38593953,1,0,F,177.14125894584677212,7525
1122428,38593953,2,0,F,177.14125894584677212,7525
1122428,38593954,1,0,F,227.44289587680046338,3783
1122428,38593954,2,0,F,227.44289587680046338,3783
1122428,38593955,1,0,F,316.56366396247005923,5814
1122428,38593955,2,0,F,316.56366396247005923,5814
1122428,38593966,1,0,F,139.86591669484485578,3452
1122428,38593966,2,0,F,139.86591669484485578,3452
1122428,38593969,1,0,F,170.47084876758103178,5109
1122428,38593969,2,0,F,170.47084876758103178,5109
1122428,38593975,1,0,F,198.11870180340969227,5157
1122428,38593975,2,0,F,198.11870180340969227,5157
1122429,41003986,1,0,F,232.05231492167368401,3092
1122429,41003986,2,0,F,232.05231492167368401,3092
1122430,38579166,1,0,F,390.97991328745484907,1013
1122430,38579166,2,0,F,390.97991328745484907,1013
1122430,41004004,1,0,F,140.56058701822180979,2073
1122430,41004004,2,0,F,140.56058701822180979,2073
1122430,41004015,1,0,F,425.46771990999269519,2963
1122430,41004015,2,0,F,425.46771990999269519,2963
1122431,38579210,1,0,F,257.10070061690993271,3989
1122431,38579210,2,0,F,257.10070061690993271,3989
1122431,38579211,1,0,F,336.63421949840949310,6992
1122431,38579211,2,0,F,336.63421949840949310,6992
1122431,38579213,1,0,F,187.46686116266599242,5324
1122431,38579213,2,0,F,187.46686116266599242,5324
1122431,38593905,1,0,F,369.08827605954104456,5447
1122431,38593905,2,0,F,369.08827605954104456,5447
1122431,41004063,1,0,F,196.51556176075726512,1496
1122431,41004063,2,0,F,196.51556176075726512,1496
1122432,38579197,1,0,F,146.35432456160273773,13510
1122432,38579197,2,0,F,146.35432456160273773,13510
1122432,38579199,1,0,F,125.02486950454711234,8749
1122432,38579199,2,0,F,125.02486950454711234,8749
1122432,38579202,1,0,F,215.19556480385216446,6508
1122432,38579202,2,0,F,215.19556480385216446,6508
1122432,38579204,1,0,F,88.67672699795915037,3874
1122432,38579204,2,0,F,88.67672699795915037,3874
1122432,38593915,1,0,F,246.04603772477426560,5004
1122432,38593915,2,0,F,246.04603772477426560,5004
1122433,38530031,1,0,F,287.02870717698107228,5916
1122433,38530031,2,0,F,287.02870717698107228,5916
1122433,38593918,1,0,F,201.96124630846045989,5552
1122433,38593918,2,0,F,201.96124630846045989,5552
1122433,38593920,1,0,F,88.49584609788591649,6264
1122433,38593920,2,0,F,88.49584609788591649,6264
1122433,38593922,1,0,F,111.15764170474820105,3964
1122433,38593922,2,0,F,111.15764170474820105,3964
1122433,38593925,1,0,F,115.29449291274376321,3464
1122433,38593925,2,0,F,115.29449291274376321,3464
1122433,38593930,1,0,F,90.75341950762242504,4824
1122433,38593930,2,0,F,90.75341950762242504,4824
1122433,38593931,1,0,F,106.09839474497528045,5664
1122433,38593931,2,0,F,106.09839474497528045,5664
1122433,38593934,1,0,F,40.59993621201119396,4596
1122433,38593934,2,0,F,40.59993621201119396,4596
1122433,41004112,1,0,F,224.49631765256989979,16576
1122433,41004112,2,0,F,224.49631765256989979,16576
1122433,41004129,1,0,F,541.90958617787475760,10168
1122433,41004129,2,0,F,541.90958617787475760,10168
1122433,41004141,1,0,F,320.26350644811321899,6692
1122433,41004141,2,0,F,320.26350644811321899,6692
1122434,38570579,1,0,F,266.21452201218312439,6198
1122434,38570579,2,0,F,266.21452201218312439,6198
1122434,38579206,1,0,F,293.46662849441952403,6728
1122434,38579206,2,0,F,293.46662849441952403,6728
1122435,38570578,1,0,F,224.76407313304787294,4313
1122435,38570578,2,0,F,224.76407313304787294,4313
1122437,38530031,1,0,F,260.18503827760429203,2614
1122437,38530031,2,0,F,260.18503827760429203,2614
1122438,38594005,1,0,F,261.15319469103678784,3996
1122438,38594005,2,0,F,261.15319469103678784,3996
1122438,38594006,1,0,F,0.00000000000000000,100
1122438,38594006,2,0,F,0.00000000000000000,100
1122439,41004529,1,0,F,362.25058469601970046,672
1122439,41004529,2,0,F,362.25058469601970046,672
1122441,38501347,1,0,F,226.31181000465267061,1517
1122441,38501347,2,0,F,226.31181000465267061,1517
1122442,41004596,1,0,F,329.08602601910786234,5038
1122442,41004596,2,0,F,329.08602601910786234,5038
1122442,41004615,1,0,F,84.21859779427411752,1441
1122442,41004615,2,0,F,84.21859779427411752,1441
1122443,41004701,1,0,F,117.32056944310170365,1176
1122443,41004701,2,0,F,117.32056944310170365,1176
1123001,41006423,1,0,F,309.06979641107983525,1448
1123001,41006423,2,0,F,309.06979641107983525,1448
1123002,38505708,1,0,F,159.12022746320354827,745
1123002,38505708,2,0,F,159.12022746320354827,745
1123006,38505722,1,0,F,152.60352053747917012,3429
1123006,38505722,2,0,F,152.60352053747917012,3429
1123007,38571162,1,0,F,201.69679778110003099,4069
1123007,38571162,2,0,F,201.69679778110003099,4069
1123007,38571164,1,0,F,256.89461964092635071,4584
1123007,38571164,2,0,F,256.89461964092635071,4584
1123007,38571170,1,0,F,148.30115557366013945,4215
1123007,38571170,2,0,F,148.30115557366013945,4215
1123007,38578488,1,0,F,196.81100378361719550,8520
1123007,38578488,2,0,F,196.81100378361719550,8520
1123007,38578540,1,0,F,142.84400841869245369,3807
1123007,38578540,2,0,F,142.84400841869245369,3807
1123007,38579340,1,0,F,161.46146432146164784,5796
1123007,38579340,2,0,F,161.46146432146164784,5796
1123009,38501753,1,0,F,142.25115954868633139,10116
1123009,38501753,2,0,F,142.25115954868633139,10116
1123009,38571157,1,0,F,295.79236775002868853,6016
1123009,38571157,2,0,F,295.79236775002868853,6016
1123009,38578550,1,0,F,166.29600704482771789,5787
1123009,38578550,2,0,F,166.29600704482771789,5787
1123009,38578555,1,0,F,231.05368051960391540,3867
1123009,38578555,2,0,F,231.05368051960391540,3867
1123009,38578582,1,0,F,198.62554273776427749,6711
1123009,38578582,2,0,F,198.62554273776427749,6711
1123009,38578640,1,0,F,186.62935145227908151,4761
1123009,38578640,2,0,F,186.62935145227908151,4761
1123009,38578778,1,0,F,148.23426271762318152,5841
1123009,38578778,2,0,F,148.23426271762318152,5841
1123009,38578889,1,0,F,228.77243415664489135,2664
1123009,38578889,2,0,F,228.77243415664489135,2664
1123009,38583392,1,0,F,142.46344580285702364,7416
1123009,38583392,2,0,F,142.46344580285702364,7416
1123010,38505716,1,0,F,202.46837928002213403,5682
1123010,38505716,2,0,F,202.46837928002213403,5682
1123010,38578684,1,0,F,229.71514958334046241,4617
1123010,38578684,2,0,F,229.71514958334046241,4617
1123010,38579717,1,0,F,166.39973916331655346,5805
1123010,38579717,2,0,F,166.39973916331655346,5805
1123011,38501961,1,0,F,88.68608422272995995,890
1123011,38501961,2,0,F,88.68608422272995995,890
1123013,38571191,1,0,F,330.25140445291452806,2466
1123013,38571191,2,0,F,330.25140445291452806,2466
1123014,38505720,1,0,F,183.37937426759722825,3023
1123014,38505720,2,0,F,183.37937426759722825,3023
1123014,38571190,1,0,F,333.25207889144928686,4101
1123014,38571190,2,0,F,333.25207889144928686,4101
1123015,38501797,1,0,F,49.50555360370724856,86
1123015,38501797,2,0,F,49.50555360370724856,86
1123016,38576587,1,0,F,259.02501175871486794,4899
1123016,38576587,2,0,F,259.02501175871486794,4899
1123017,38576587,1,0,F,335.34931626080771139,4129
1123017,38576587,2,0,F,335.34931626080771139,4129
1123019,41004735,1,0,F,529.35229397436330601,5063
1123019,41004735,2,0,F,529.35229397436330601,5063
1123020,38570716,1,0,F,30.71445008616672823,2355
1123020,38570716,2,0,F,30.71445008616672823,2355
1123022,38570721,1,0,F,242.75209062135942872,3545
1123022,38570721,2,0,F,242.75209062135942872,3545
1123023,38570699,1,0,F,364.08214692587836225,11735
1123023,38570699,2,0,F,364.08214692587836225,11735
1123023,38570707,1,0,F,270.48240302098901111,4198
1123023,38570707,2,0,F,270.48240302098901111,4198
1123023,38570709,1,0,F,199.48248171025008446,5485
1123023,38570709,2,0,F,199.48248171025008446,5485
1123023,38570713,1,0,F,253.37690337563256548,3553
1123023,38570713,2,0,F,253.37690337563256548,3553
1123023,41004809,1,0,F,341.17715761689612464,2699
1123023,41004809,2,0,F,341.17715761689612464,2699
1123024,38501328,1,0,F,283.08737675992824734,2250
1123024,38501328,2,0,F,283.08737675992824734,2250
1123024,38573907,1,0,F,222.64469352126178592,1024
1123024,38573907,2,0,F,222.64469352126178592,1024
1123024,41004773,1,0,F,552.98787614884327013,3647
1123024,41004773,2,0,F,552.98787614884327013,3647
1123025,38570700,1,0,F,331.50228946599679603,2609
1123025,38570700,2,0,F,331.50228946599679603,2609
1123025,38570701,1,0,F,302.77596953218892395,2954
1123025,38570701,2,0,F,302.77596953218892395,2954
1123025,38570702,1,0,F,274.97357731337564246,1624
1123025,38570702,2,0,F,274.97357731337564246,1624
1123025,38570703,1,0,F,278.00027115001643097,1915
1123025,38570703,2,0,F,278.00027115001643097,1915
1123025,38580890,1,0,F,362.80746984342857786,2002
1123025,38580890,2,0,F,362.80746984342857786,2002
1123027,38570840,1,0,F,367.28028806439903065,3075
1123027,38570840,2,0,F,367.28028806439903065,3075
1123028,38501259,1,0,F,257.91068381959064482,5283
1123028,38501259,2,0,F,257.91068381959064482,5283
1123028,38501772,1,0,F,292.57592527359406631,4844
1123028,38501772,2,0,F,292.57592527359406631,4844
1123032,38570862,1,0,F,117.58598515775082660,1157
1123032,38570862,2,0,F,117.58598515775082660,1157
1123033,38501742,1,0,F,158.09424976542280206,2537
1123033,38501742,2,0,F,158.09424976542280206,2537
1123038,38501529,1,0,F,492.93008890166470337,3118
1123038,38501529,2,0,F,492.93008890166470337,3118
1123038,38593538,1,0,F,134.48202261601792884,2105
1123038,38593538,2,0,F,134.48202261601792884,2105
1123039,38579452,1,0,F,278.97722348996592245,4459
1123039,38579452,2,0,F,278.97722348996592245,4459
1123041,38570677,1,0,F,318.49728430494820941,1171
1123041,38570677,2,0,F,318.49728430494820941,1171
1123042,41004651,1,0,F,507.27128559670620689,4683
1123042,41004651,2,0,F,507.27128559670620689,4683
1123044,38530676,1,0,F,404.41633279581299121,6258
1123044,38530676,2,0,F,404.41633279581299121,6258
1123044,38570684,1,0,F,35.00041260120517705,3087
1123044,38570684,2,0,F,35.00041260120517705,3087
1123044,41004708,1,0,F,367.33608712676902996,5144
1123044,41004708,2,0,F,367.33608712676902996,5144
1123045,38501788,1,0,F,275.15669067383549873,5749
1123045,38501788,2,0,F,275.15669067383549873,5749
1123045,38570682,1,0,F,347.66197367082963865,6292
1123045,38570682,2,0,F,347.66197367082963865,6292
1123046,38570685,1,0,F,218.52075913724678458,2332
1123046,38570685,2,0,F,218.52075913724678458,2332
1123047,38501276,1,0,F,335.22081574731475939,3405
1123047,38501276,2,0,F,335.22081574731475939,3405
1123048,41004620,1,0,F,413.76784463983756268,2555
1123048,41004620,2,0,F,413.76784463983756268,2555
1123049,38501886,1,0,F,277.17403994876588058,1312
1123049,38501886,2,0,F,277.17403994876588058,1312
1123050,38501880,1,0,F,106.00755674777474269,246
1123050,38501880,2,0,F,106.00755674777474269,246
1123051,38501898,1,0,F,208.10427169931705293,992
1123051,38501898,2,0,F,208.10427169931705293,992
1123052,38579346,1,0,F,223.14560396126043429,858
1123052,38579346,2,0,F,223.14560396126043429,858
1123053,38579348,1,0,F,257.82864504070710154,5362
1123053,38579348,2,0,F,257.82864504070710154,5362
1123054,38530251,1,0,F,277.96650232117730184,524
1123054,38530251,2,0,F,277.96650232117730184,524
1123055,38501896,1,0,F,141.22993931100941722,940
1123055,38501896,2,0,F,141.22993931100941722,940
1123055,38505743,1,0,F,151.34904101921915753,60
1123055,38505743,2,0,F,151.34904101921915753,60
1123055,38505745,1,0,F,115.69495629503782652,384
1123055,38505745,2,0,F,115.69495629503782652,384
1123055,38505748,1,0,F,60.62644985876850967,25
1123055,38505748,2,0,F,60.62644985876850967,25
1123056,41006821,1,0,F,220.03698231186521639,130
1123056,41006821,2,0,F,220.03698231186521639,130
1123056,41006849,1,0,F,324.94943502301191529,97
1123056,41006849,2,0,F,324.94943502301191529,97
1123057,41006865,1,0,F,359.60459061378384149,406
1123057,41006865,2,0,F,359.60459061378384149,406
1123058,38579356,1,0,F,212.80136320920610160,420
1123058,38579356,2,0,F,212.80136320920610160,420
1123059,38579357,1,0,F,225.34213003124864372,860
1123059,38579357,2,0,F,225.34213003124864372,860
1123060,38579358,1,0,F,246.40921840755626704,1274
1123060,38579358,2,0,F,246.40921840755626704,1274
1123060,38579359,1,0,F,93.74520198386042580,141
1123060,38579359,2,0,F,93.74520198386042580,141
1123061,38501895,1,0,F,52.47001553735039181,166
1123061,38501895,2,0,F,52.47001553735039181,166
1123062,2390,1,0,F,197.94817148164494824,648
1123062,2390,2,0,F,197.94817148164494824,648
1123063,41007009,1,0,F,344.99307918631507164,532
1123063,41007009,2,0,F,344.99307918631507164,532
1123064,41007059,1,0,F,624.67612793708644858,361
1123064,41007059,2,0,F,624.67612793708644858,361
1123066,38570894,1,0,F,349.51150129863952998,1544
1123066,38570894,2,0,F,349.51150129863952998,1544
1123067,38570894,1,0,F,200.75271582577335039,3295
1123067,38570894,2,0,F,200.75271582577335039,3295
1123070,38504677,1,0,F,63.68910820303516829,2319
1123070,38504677,2,0,F,63.68910820303516829,2319
1123073,38501965,1,0,F,26.48029517971465552,2667
1123073,38501965,2,0,F,26.48029517971465552,2667
1123074,38570787,1,0,F,287.93801302255820929,5763
1123074,38570787,2,0,F,287.93801302255820929,5763
1123074,38570789,1,0,F,303.55600975435407918,2831
1123074,38570789,2,0,F,303.55600975435407918,2831
1123074,38570807,1,0,F,174.62915323159583636,2712
1123074,38570807,2,0,F,174.62915323159583636,2712
1123075,38570938,1,0,F,189.44238557272134926,495
1123075,38570938,2,0,F,189.44238557272134926,495
1123076,38501332,1,0,F,282.78522243427983085,1106
1123076,38501332,2,0,F,282.78522243427983085,1106
1123077,38570930,1,0,F,214.43061597210910918,688
1123077,38570930,2,0,F,214.43061597210910918,688
1123078,38570934,1,0,F,345.26481610852022186,2562
1123078,38570934,2,0,F,345.26481610852022186,2562
1123082,38570904,1,0,F,452.20687263383274512,2647
1123082,38570904,2,0,F,452.20687263383274512,2647
1123084,38501770,1,0,F,275.72371664093867594,2057
1123084,38501770,2,0,F,275.72371664093867594,2057
1123085,38579552,1,0,F,263.32259413844894880,1756
1123085,38579552,2,0,F,263.32259413844894880,1756
1123086,41005530,1,0,F,288.22629308255329761,2596
1123086,41005530,2,0,F,288.22629308255329761,2596
1123087,38501516,1,0,F,221.68947302652924236,1265
1123087,38501516,2,0,F,221.68947302652924236,1265
1123088,38501654,1,0,F,95.92651461703748339,143
1123088,38501654,2,0,F,95.92651461703748339,143
1123089,38501656,1,0,F,303.60539723979655946,2598
1123089,38501656,2,0,F,303.60539723979655946,2598
1123090,38501517,1,0,F,498.99905364569298172,4717
1123090,38501517,2,0,F,498.99905364569298172,4717
1123090,38501527,1,0,F,431.13858614206611719,4089
1123090,38501527,2,0,F,431.13858614206611719,4089
1123090,38501650,1,0,F,235.22609092941760878,2140
1123090,38501650,2,0,F,235.22609092941760878,2140
1123091,38501648,1,0,F,125.06738298851361435,604
1123091,38501648,2,0,F,125.06738298851361435,604
1123092,38501652,1,0,F,59.40932399909714690,888
1123092,38501652,2,0,F,59.40932399909714690,888
1123093,38501990,1,0,F,344.30792578283478633,1127
1123093,38501990,2,0,F,344.30792578283478633,1127
1123094,38501992,1,0,F,296.08253035380545271,1303
1123094,38501992,2,0,F,296.08253035380545271,1303
1123095,38530182,1,0,F,134.04867585249090212,101
1123095,38530182,2,0,F,134.04867585249090212,101
1123097,38580751,1,0,F,175.34100787812093358,6127
1123097,38580751,2,0,F,175.34100787812093358,6127
1123097,38587834,1,0,F,44.46807366758173430,1160
1123097,38587834,2,0,F,44.46807366758173430,1160
1123099,38530181,1,0,F,358.44354145816214441,198
1123099,38530181,2,0,F,358.44354145816214441,198
1123099,38587318,1,0,F,311.32592915021547242,4116
1123099,38587318,2,0,F,311.32592915021547242,4116
1123100,38579546,1,0,F,145.94151265271307238,210
1123100,38579546,2,0,F,145.94151265271307238,210
1123101,38501787,1,0,F,129.14928472477046739,186
1123101,38501787,2,0,F,129.14928472477046739,186
1123102,38570974,1,0,F,392.09707647229714667,2101
1123102,38570974,2,0,F,392.09707647229714667,2101
1123104,38570975,1,0,F,117.13466428193925140,5207
1123104,38570975,2,0,F,117.13466428193925140,5207
1123105,38570960,1,0,F,225.49351012030433594,17330
1123105,38570960,2,0,F,225.49351012030433594,17330
1123105,38570961,1,0,F,286.68057983163538438,16570
1123105,38570961,2,0,F,286.68057983163538438,16570
1123105,38570962,1,0,F,271.90521917022124398,13654
1123105,38570962,2,0,F,271.90521917022124398,13654
1123105,38580546,1,0,F,302.83647956950102298,6246
1123105,38580546,2,0,F,302.83647956950102298,6246
1123106,38501292,1,0,F,204.18251575224479666,9936
1123106,38501292,2,0,F,204.18251575224479666,9936
1123106,38570997,1,0,F,302.40281287070189364,3721
1123106,38570997,2,0,F,302.40281287070189364,3721
1123106,38582630,1,0,F,268.99741033983724492,7131
1123106,38582630,2,0,F,268.99741033983724492,7131
1123106,38583602,1,0,F,293.00618167846477036,3429
1123106,38583602,2,0,F,293.00618167846477036,3429
1123106,38583603,1,0,F,254.73868979593643758,9904
1123106,38583603,2,0,F,254.73868979593643758,9904
1123107,41004587,1,0,F,525.11200771744984195,2472
1123107,41004587,2,0,F,525.11200771744984195,2472
1123109,41004527,1,0,F,532.58292876684890871,293
1123109,41004527,2,0,F,532.58292876684890871,293
1123110,38501271,1,0,F,287.72853972194269545,3340
1123110,38501271,2,0,F,287.72853972194269545,3340
1123110,38501274,1,0,F,353.87405834070028732,8686
1123110,38501274,2,0,F,353.87405834070028732,8686
1123110,38571000,1,0,F,298.72978739009090532,4374
1123110,38571000,2,0,F,298.72978739009090532,4374
1123110,38571002,1,0,F,342.78940749875886240,4998
1123110,38571002,2,0,F,342.78940749875886240,4998
1123110,38571005,1,0,F,270.71918442378739655,6282
1123110,38571005,2,0,F,270.71918442378739655,6282
1123111,38579399,1,0,F,204.96290644489710076,4686
1123111,38579399,2,0,F,204.96290644489710076,4686
1123112,38571013,1,0,F,265.63336624139788000,7449
1123112,38571013,2,0,F,265.63336624139788000,7449
1123113,38501983,1,0,F,326.52593279764954559,4575
1123113,38501983,2,0,F,326.52593279764954559,4575
1123113,38571010,1,0,F,346.73131031876204133,2353
1123113,38571010,2,0,F,346.73131031876204133,2353
1123114,41004661,1,0,F,473.96241612472186944,6531
1123114,41004661,2,0,F,473.96241612472186944,6531
1123116,41004713,1,0,F,433.54479461106922145,8638
1123116,41004713,2,0,F,433.54479461106922145,8638
1123117,38588301,1,0,F,417.77251507924387397,2091
1123117,38588301,2,0,F,417.77251507924387397,2091
1123118,38501584,1,0,F,233.05090133032942390,2820
1123118,38501584,2,0,F,233.05090133032942390,2820
1123119,38501428,1,0,F,156.10017890717901423,1900
1123119,38501428,2,0,F,156.10017890717901423,1900
1123122,38579062,1,0,F,204.93560727506300623,2393
1123122,38579062,2,0,F,204.93560727506300623,2393
1123122,41004032,1,0,F,399.16792207547416638,1160
1123122,41004032,2,0,F,399.16792207547416638,1160
1123123,38582056,1,0,F,174.71960454444229072,2365
1123123,38582056,2,0,F,174.71960454444229072,2365
1123124,38570593,1,0,F,280.70547334146800722,7814
1123124,38570593,2,0,F,280.70547334146800722,7814
1123124,38579180,1,0,F,195.21579030798227450,7553
1123124,38579180,2,0,F,195.21579030798227450,7553
1123125,41003993,1,0,F,366.66689339581853346,1947
1123125,41003993,2,0,F,366.66689339581853346,1947
1123126,38530739,1,0,F,320.65727031214851195,5137
1123126,38530739,2,0,F,320.65727031214851195,5137
1123126,41003967,1,0,F,687.36343667672394986,933
1123126,41003967,2,0,F,687.36343667672394986,933
1123127,38530740,1,0,F,201.93291782253209021,2016
1123127,38530740,2,0,F,201.93291782253209021,2016
1123128,38504663,1,0,F,143.65507176659397715,4704
1123128,38504663,2,0,F,143.65507176659397715,4704
1123130,38504663,1,0,F,290.77162398425502943,2576
1123130,38504663,2,0,F,290.77162398425502943,2576
1123131,38579053,1,0,F,205.68429707356582981,3274
1123131,38579053,2,0,F,205.68429707356582981,3274
1123131,41004167,1,0,F,312.87487916750495742,1705
1123131,41004167,2,0,F,312.87487916750495742,1705
1123132,41004118,1,0,F,407.53586612218259688,4741
1123132,41004118,2,0,F,407.53586612218259688,4741
1123133,38500743,1,0,F,307.73140695837327030,3396
1123133,38500743,2,0,F,307.73140695837327030,3396
1123133,38583385,1,0,F,311.85756573728889407,6690
1123133,38583385,2,0,F,311.85756573728889407,6690
1123135,38579972,1,0,F,326.44655664745914692,10578
1123135,38579972,2,0,F,326.44655664745914692,10578
1123135,38583381,1,0,F,342.56192224544946612,2845
1123135,38583381,2,0,F,342.56192224544946612,2845
1123135,38583719,1,0,F,189.49354722167930731,6312
1123135,38583719,2,0,F,189.49354722167930731,6312
1123136,38579033,1,0,F,183.72681920366915165,21052
1123136,38579033,2,0,F,183.72681920366915165,21052
1123136,38579061,1,0,F,333.29514884910656747,11902
1123136,38579061,2,0,F,333.29514884910656747,11902
1123136,38579973,1,0,F,214.21820377854015760,9704
1123136,38579973,2,0,F,214.21820377854015760,9704
1123136,38582710,1,0,F,270.21554819897755806,7768
1123136,38582710,2,0,F,270.21554819897755806,7768
1123136,38583382,1,0,F,234.02477083454996887,9399
1123136,38583382,2,0,F,234.02477083454996887,9399
1123136,38583718,1,0,F,235.47558951768755264,6048
1123136,38583718,2,0,F,235.47558951768755264,6048
1123137,38501221,1,0,F,324.13210919326445492,6374
1123137,38501221,2,0,F,324.13210919326445492,6374
1123137,38579373,1,0,F,205.70029302523082038,2476
1123137,38579373,2,0,F,205.70029302523082038,2476
1123137,38579375,1,0,F,194.63652771621093507,5076
1123137,38579375,2,0,F,194.63652771621093507,5076
1123137,38579381,1,0,F,89.13181542145707681,2675
1123137,38579381,2,0,F,89.13181542145707681,2675
1123137,41004217,1,0,F,608.28923356021959989,8197
1123137,41004217,2,0,F,608.28923356021959989,8197
1123137,41004233,1,0,F,282.73803215843901171,8207
1123137,41004233,2,0,F,282.73803215843901171,8207
1123140,38507754,1,0,F,48.72050997815956208,664
1123140,38507754,2,0,F,48.72050997815956208,664
1123141,38571131,1,0,F,233.12898229936811845,5072
1123141,38571131,2,0,F,233.12898229936811845,5072
1123142,38571134,1,0,F,187.03797234228173352,3224
1123142,38571134,2,0,F,187.03797234228173352,3224
1123142,41006256,1,0,F,755.36366629905523951,584
1123142,41006256,2,0,F,755.36366629905523951,584
1123143,38530188,1,0,F,228.82323532874710281,355
1123143,38530188,2,0,F,228.82323532874710281,355
1123144,38507761,1,0,F,141.00699392429342538,1061
1123144,38507761,2,0,F,141.00699392429342538,1061
1123146,38507500,1,0,F,370.83262190057865837,2078
1123146,38507500,2,0,F,370.83262190057865837,2078
1123147,38501659,1,0,F,277.32263842200410409,601
1123147,38501659,2,0,F,277.32263842200410409,601
1123148,38587837,1,0,F,410.34485537366771268,2232
1123148,38587837,2,0,F,410.34485537366771268,2232
1123149,38571058,1,0,F,106.29140234686680344,2568
1123149,38571058,2,0,F,106.29140234686680344,2568
1123151,38579564,1,0,F,308.83940757980809622,4418
1123151,38579564,2,0,F,308.83940757980809622,4418
1123151,41006326,1,0,F,389.17739867983806334,3491
1123151,41006326,2,0,F,389.17739867983806334,3491
1123152,38571088,1,0,F,283.27506783781763033,2522
1123152,38571088,2,0,F,283.27506783781763033,2522
1123153,38507753,1,0,F,97.65422407480630795,683
1123153,38507753,2,0,F,97.65422407480630795,683
1123154,41006608,1,0,F,369.41512712217388525,5409
1123154,41006608,2,0,F,369.41512712217388525,5409
1123156,38501583,1,0,F,236.14516764012438443,177
1123156,38501583,2,0,F,236.14516764012438443,177
1123156,38501698,1,0,F,200.48692835567007364,285
1123156,38501698,2,0,F,200.48692835567007364,285
1123157,38530237,1,0,F,232.13022599675900892,3028
1123157,38530237,2,0,F,232.13022599675900892,3028
1123157,38578896,1,0,F,368.53401610309293801,562
1123157,38578896,2,0,F,368.53401610309293801,562
1123158,38501954,1,0,F,57.87645685114926408,439
1123158,38501954,2,0,F,57.87645685114926408,439
1123158,41006735,1,0,F,1249.31607283504308725,1
1123158,41006735,2,0,F,1249.31607283504308725,1
1123160,41006691,1,0,F,1229.32625248691988418,1
1123160,41006691,2,0,F,1229.32625248691988418,1
1123161,41006707,1,0,F,238.90981523262053088,512
1123161,41006707,2,0,F,238.90981523262053088,512
1123162,41004279,1,0,F,128.88771630297313209,451
1123162,41004279,2,0,F,128.88771630297313209,451
1123163,38587607,1,0,F,355.77633003784490029,2571
1123163,38587607,2,0,F,355.77633003784490029,2571
1123164,41004383,1,0,F,364.36017651597092026,1787
1123164,41004383,2,0,F,364.36017651597092026,1787
1123165,38570661,1,0,F,313.04700496700763779,2617
1123165,38570661,2,0,F,313.04700496700763779,2617
1123166,38570652,1,0,F,218.08135266055529655,3573
1123166,38570652,2,0,F,218.08135266055529655,3573
1123166,41004305,1,0,F,382.34503811946512997,3087
1123166,41004305,2,0,F,382.34503811946512997,3087
1123167,38570650,1,0,F,315.28336045084159878,9867
1123167,38570650,2,0,F,315.28336045084159878,9867
1123167,38579685,1,0,F,226.16930860846227347,1341
1123167,38579685,2,0,F,226.16930860846227347,1341
1123167,38580222,1,0,F,431.08016273409191399,3578
1123167,38580222,2,0,F,431.08016273409191399,3578
1123167,38580440,1,0,F,105.45730344355004604,183
1123167,38580440,2,0,F,105.45730344355004604,183
1123168,38583594,1,0,F,249.07931321374115896,5587
1123168,38583594,2,0,F,249.07931321374115896,5587
1123169,38587646,1,0,F,302.16603481154447763,1431
1123169,38587646,2,0,F,302.16603481154447763,1431
1123170,38530084,1,0,F,290.62078676624463469,3364
1123170,38530084,2,0,F,290.62078676624463469,3364
1123171,38501342,1,0,F,166.56517824402212113,5108
1123171,38501342,2,0,F,166.56517824402212113,5108
1123171,41004989,1,0,F,516.98202179281179269,4942
1123171,41004989,2,0,F,516.98202179281179269,4942
1123173,38570808,1,0,F,235.08207204202960838,1730
1123173,38570808,2,0,F,235.08207204202960838,1730
1123174,38570811,1,0,F,197.35113226493334082,2747
1123174,38570811,2,0,F,197.35113226493334082,2747
1123174,38570812,1,0,F,241.81305036165963429,3606
1123174,38570812,2,0,F,241.81305036165963429,3606
1123175,38501979,1,0,F,224.35834458480391618,2157
1123175,38501979,2,0,F,224.35834458480391618,2157
1123176,38501587,1,0,F,156.66621138335153773,6117
1123176,38501587,2,0,F,156.66621138335153773,6117
1123178,38579428,1,0,F,268.17786515776640499,2415
1123178,38579428,2,0,F,268.17786515776640499,2415
1123179,38588516,1,0,F,176.15017935710633878,1113
1123179,38588516,2,0,F,176.15017935710633878,1113
1123180,38588515,1,0,F,202.44852407391684324,642
1123180,38588515,2,0,F,202.44852407391684324,642
1123180,38594612,1,0,F,268.06206128988509363,4083
1123180,38594612,2,0,F,268.06206128988509363,4083
1123181,38588515,1,0,F,474.23948011483804521,902
1123181,38588515,2,0,F,474.23948011483804521,902
1123182,38579409,1,0,F,145.00667051762906112,5223
1123182,38579409,2,0,F,145.00667051762906112,5223
1123182,38579410,1,0,F,146.30015539905133437,5400
1123182,38579410,2,0,F,146.30015539905133437,5400
1123182,38579475,1,0,F,137.04934383507034568,3981
1123182,38579475,2,0,F,137.04934383507034568,3981
1123182,38594606,1,0,F,257.43806920167173757,4572
1123182,38594606,2,0,F,257.43806920167173757,4572
1123182,38594609,1,0,F,181.17266524272068295,6345
1123182,38594609,2,0,F,181.17266524272068295,6345
1123182,38594615,1,0,F,120.54138549236081701,5856
1123182,38594615,2,0,F,120.54138549236081701,5856
1123182,38594622,1,0,F,167.86485986798652448,6219
1123182,38594622,2,0,F,167.86485986798652448,6219
1123182,38594625,1,0,F,254.72545792417307098,3678
1123182,38594625,2,0,F,254.72545792417307098,3678
1123182,38594630,1,0,F,185.59433419479319127,3531
1123182,38594630,2,0,F,185.59433419479319127,3531
1123182,38594631,1,0,F,364.64422710763483337,3662
1123182,38594631,2,0,F,364.64422710763483337,3662
1123182,38594632,1,0,F,167.38906971470274243,6741
1123182,38594632,2,0,F,167.38906971470274243,6741
1123182,38594633,1,0,F,243.81668535362030070,6174
1123182,38594633,2,0,F,243.81668535362030070,6174
1123182,38594721,1,0,F,141.73965996795851652,4005
1123182,38594721,2,0,F,141.73965996795851652,4005
1123182,38595130,1,0,F,342.63373996606304672,2001
1123182,38595130,2,0,F,342.63373996606304672,2001
1123183,38501587,1,0,F,203.76852801471889620,4986
1123183,38501587,2,0,F,203.76852801471889620,4986
1123184,38501586,1,0,F,288.10362737068550132,2050
1123184,38501586,2,0,F,288.10362737068550132,2050
1123185,38501543,1,0,F,161.88545976389735870,4101
1123185,38501543,2,0,F,161.88545976389735870,4101
1123186,38501547,1,0,F,319.07663354688412483,2710
1123186,38501547,2,0,F,319.07663354688412483,2710
1123188,38501597,1,0,F,252.07635429076736955,1537
1123188,38501597,2,0,F,252.07635429076736955,1537
1123189,38501596,1,0,F,286.28298989336065006,2400
1123189,38501596,2,0,F,286.28298989336065006,2400
1123189,38579470,1,0,F,366.36377232172043250,3336
1123189,38579470,2,0,F,366.36377232172043250,3336
1123189,38594711,1,0,F,371.22442725654678952,4794
1123189,38594711,2,0,F,371.22442725654678952,4794
1123190,38579478,1,0,F,55.40674991912456449,1242
1123190,38579478,2,0,F,55.40674991912456449,1242
1123191,38501595,1,0,F,288.62594173162062816,2334
1123191,38501595,2,0,F,288.62594173162062816,2334
1123192,38579463,1,0,F,357.32050251463084578,3228
1123192,38579463,2,0,F,357.32050251463084578,3228
1123193,38505684,1,0,F,376.15820522620833799,2338
1123193,38505684,2,0,F,376.15820522620833799,2338
1123193,38505694,1,0,F,211.37008021730679275,3523
1123193,38505694,2,0,F,211.37008021730679275,3523
1123195,38501714,1,0,F,245.53464315530592899,1084
1123195,38501714,2,0,F,245.53464315530592899,1084
1123196,38579460,1,0,F,396.04849859245700827,4249
1123196,38579460,2,0,F,396.04849859245700827,4249
1123197,38579456,1,0,F,214.87826953085124160,5913
1123197,38579456,2,0,F,214.87826953085124160,5913
1123198,38501588,1,0,F,261.13978920113714821,3835
1123198,38501588,2,0,F,261.13978920113714821,3835
1123199,38501859,1,0,F,257.56731506986722025,5355
1123199,38501859,2,0,F,257.56731506986722025,5355
1123200,38581381,1,0,F,355.82592070442404975,2715
1123200,38581381,2,0,F,355.82592070442404975,2715
1123201,38501755,1,0,F,84.05188586264313244,376
1123201,38501755,2,0,F,84.05188586264313244,376
1123202,38501779,1,0,F,227.34559378923663076,1344
1123202,38501779,2,0,F,227.34559378923663076,1344
1123202,38501790,1,0,F,147.48645557815078178,1137
1123202,38501790,2,0,F,147.48645557815078178,1137
1123202,38505695,1,0,F,113.87634065410674111,325
1123202,38505695,2,0,F,113.87634065410674111,325
1123204,38501791,1,0,F,182.68184485378853310,1762
1123204,38501791,2,0,F,182.68184485378853310,1762
1123205,38570748,1,0,F,239.57213087906649207,3126
1123205,38570748,2,0,F,239.57213087906649207,3126
1123206,38501785,1,0,F,292.54769507905012915,3987
1123206,38501785,2,0,F,292.54769507905012915,3987
1123206,38570736,1,0,F,247.90513268663494273,4490
1123206,38570736,2,0,F,247.90513268663494273,4490
1123206,38570739,1,0,F,267.50999208686494057,3450
1123206,38570739,2,0,F,267.50999208686494057,3450
1123206,38570744,1,0,F,269.63421261869223144,2794
1123206,38570744,2,0,F,269.63421261869223144,2794
1123206,38570746,1,0,F,370.84077991705964905,5058
1123206,38570746,2,0,F,370.84077991705964905,5058
1123206,38579873,1,0,F,200.61800256623959626,2242
1123206,38579873,2,0,F,200.61800256623959626,2242
1123209,38570695,1,0,F,246.54463842144687646,4321
1123209,38570695,2,0,F,246.54463842144687646,4321
1123209,38570696,1,0,F,284.14462557824265332,7656
1123209,38570696,2,0,F,284.14462557824265332,7656
1123209,38570698,1,0,F,295.92290092532681456,4422
1123209,38570698,2,0,F,295.92290092532681456,4422
1123209,38570827,1,0,F,238.33703079368370936,5307
1123209,38570827,2,0,F,238.33703079368370936,5307
1123209,38573943,1,0,F,236.36947124270690779,4371
1123209,38573943,2,0,F,236.36947124270690779,4371
1123209,38583267,1,0,F,152.03427595093012314,4749
1123209,38583267,2,0,F,152.03427595093012314,4749
1123209,38583272,1,0,F,184.05328826139182752,5697
1123209,38583272,2,0,F,184.05328826139182752,5697
1123210,38501994,1,0,F,409.58773261980707048,8599
1123210,38501994,2,0,F,409.58773261980707048,8599
1123210,38570695,1,0,F,121.58789633152640874,4407
1123210,38570695,2,0,F,121.58789633152640874,4407
1123210,38570732,1,0,F,195.19476354958871411,9393
1123210,38570732,2,0,F,195.19476354958871411,9393
1123210,38570877,1,0,F,309.42938532621792547,3916
1123210,38570877,2,0,F,309.42938532621792547,3916
1123210,38570889,1,0,F,321.86093005460895711,2420
1123210,38570889,2,0,F,321.86093005460895711,2420
1123210,38579389,1,0,F,202.10218454949153966,5523
1123210,38579389,2,0,F,202.10218454949153966,5523
1123210,38579508,1,0,F,194.54747177337384301,5679
1123210,38579508,2,0,F,194.54747177337384301,5679
1123210,38580818,1,0,F,184.54924409465465374,27501
1123210,38580818,2,0,F,184.54924409465465374,27501
1123210,38581400,1,0,F,147.92126997667594424,4222
1123210,38581400,2,0,F,147.92126997667594424,4222
1123210,38582711,1,0,F,324.71744409218507599,8207
1123210,38582711,2,0,F,324.71744409218507599,8207
1123210,38583280,1,0,F,240.25117475006618406,8664
1123210,38583280,2,0,F,240.25117475006618406,8664
1123210,38583283,1,0,F,226.94865273699147679,14295
1123210,38583283,2,0,F,226.94865273699147679,14295
1123210,38588814,1,0,F,118.97589937683767403,6285
1123210,38588814,2,0,F,118.97589937683767403,6285
1123211,38580672,1,0,F,233.76908794908752043,1188
1123211,38580672,2,0,F,233.76908794908752043,1188
1123212,38582433,1,0,F,345.55441848042443098,6685
1123212,38582433,2,0,F,345.55441848042443098,6685
1123212,38583273,1,0,F,123.43315966546343532,9159
1123212,38583273,2,0,F,123.43315966546343532,9159
1123212,38583275,1,0,F,297.50339567185329770,6930
1123212,38583275,2,0,F,297.50339567185329770,6930
1123212,38583287,1,0,F,275.62373235125238580,3066
1123212,38583287,2,0,F,275.62373235125238580,3066
1123212,38583368,1,0,F,235.09862537578618458,10806
1123212,38583368,2,0,F,235.09862537578618458,10806
1123212,38588517,1,0,F,222.71300906022466393,6294
1123212,38588517,2,0,F,222.71300906022466393,6294
1123213,41004989,1,0,F,542.32498457095528011,8963
1123213,41004989,2,0,F,542.32498457095528011,8963
1123214,38570875,1,0,F,226.22959200474630848,2230
1123214,38570875,2,0,F,226.22959200474630848,2230
1123216,38570773,1,0,F,292.84560174401798349,3258
1123216,38570773,2,0,F,292.84560174401798349,3258
1123216,38570774,1,0,F,366.80152944230712819,3957
1123216,38570774,2,0,F,366.80152944230712819,3957
1123216,38570776,1,0,F,313.40371245251526489,3636
1123216,38570776,2,0,F,313.40371245251526489,3636
1123217,38501327,1,0,F,57.17971560132097864,4282
1123217,38501327,2,0,F,57.17971560132097864,4282
1123218,38594559,1,0,F,209.11809714173980979,11287
1123218,38594559,2,0,F,209.11809714173980979,11287
1123218,38594560,1,0,F,125.92732344688111823,7265
1123218,38594560,2,0,F,125.92732344688111823,7265
1123218,38594567,1,0,F,217.11637068643057091,4724
1123218,38594567,2,0,F,217.11637068643057091,4724
1123218,38594570,1,0,F,241.64888289294651713,6124
1123218,38594570,2,0,F,241.64888289294651713,6124
1123218,41006212,1,0,F,285.59340176771763709,17948
1123218,41006212,2,0,F,285.59340176771763709,17948
1123219,41006299,1,0,F,303.51957972266006891,456
1123219,41006299,2,0,F,303.51957972266006891,456
1123221,38501325,1,0,F,179.61978072808301476,4751
1123221,38501325,2,0,F,179.61978072808301476,4751
1123221,38579915,1,0,F,71.74685093444996653,6255
1123221,38579915,2,0,F,71.74685093444996653,6255
1123222,41006366,1,0,F,450.68884087138673067,422
1123222,41006366,2,0,F,450.68884087138673067,422
1123223,41006280,1,0,F,379.15044456553101782,1558
1123223,41006280,2,0,F,379.15044456553101782,1558
1123224,38501270,1,0,F,81.95169495787376945,1854
1123224,38501270,2,0,F,81.95169495787376945,1854
1123225,38501767,1,0,F,157.11233660324393213,4396
1123225,38501767,2,0,F,157.11233660324393213,4396
1123226,38501964,1,0,F,200.84835374019377241,870
1123226,38501964,2,0,F,200.84835374019377241,870
1123227,38501717,1,0,F,408.37793240423980023,5393
1123227,38501717,2,0,F,408.37793240423980023,5393
1123227,38571022,1,0,F,238.21301307896476374,6000
1123227,38571022,2,0,F,238.21301307896476374,6000
1123227,38571075,1,0,F,106.13816911693993461,5322
1123227,38571075,2,0,F,106.13816911693993461,5322
1123227,38571076,1,0,F,209.51267726735582642,6933
1123227,38571076,2,0,F,209.51267726735582642,6933
1123227,38581723,1,0,F,187.06651553854590020,9570
1123227,38581723,2,0,F,187.06651553854590020,9570
1123227,38594335,1,0,F,331.55693088850216554,5376
1123227,38594335,2,0,F,331.55693088850216554,5376
1123227,41006423,1,0,F,765.37827511779744327,8081
1123227,41006423,2,0,F,765.37827511779744327,8081
1123228,38505712,1,0,F,200.92589888140531684,3720
1123228,38505712,2,0,F,200.92589888140531684,3720
1123229,38501335,1,0,F,120.22327046961260066,4447
1123229,38501335,2,0,F,120.22327046961260066,4447
1123230,38505702,1,0,F,283.67438409910988639,1554
1123230,38505702,2,0,F,283.67438409910988639,1554
1123230,38571079,1,0,F,254.32768232507828543,4794
1123230,38571079,2,0,F,254.32768232507828543,4794
1123232,38501720,1,0,F,91.63669069041085891,636
1123232,38501720,2,0,F,91.63669069041085891,636
1123233,38571136,1,0,F,270.66801819588840772,860
1123233,38571136,2,0,F,270.66801819588840772,860
1123234,38501782,1,0,F,279.54553917232260574,2910
1123234,38501782,2,0,F,279.54553917232260574,2910
1123236,38501963,1,0,F,103.05152699423207707,5124
1123236,38501963,2,0,F,103.05152699423207707,5124
1123237,38501796,1,0,F,178.06388210814785111,275
1123237,38501796,2,0,F,178.06388210814785111,275
1123238,38580959,1,0,F,297.03910066655612354,811
1123238,38580959,2,0,F,297.03910066655612354,811
1123239,38501780,1,0,F,182.89522708425721476,983
1123239,38501780,2,0,F,182.89522708425721476,983
1123240,38505735,1,0,F,48.18799494954465956,4243
1123240,38505735,2,0,F,48.18799494954465956,4243
1125001,38587040,1,0,F,277.90973162819005893,5180
1125001,38587040,2,0,F,277.90973162819005893,5180
1125003,38592630,1,0,F,400.65889455263214813,3073
1125003,38592630,2,0,F,400.65889455263214813,3073
1125004,38587073,1,0,F,208.82377952133742838,7640
1125004,38587073,2,0,F,208.82377952133742838,7640
1125008,38587089,1,0,F,273.62827364376533978,4830
1125008,38587089,2,0,F,273.62827364376533978,4830
1125009,41003151,1,0,F,415.51114644906033391,1266
1125009,41003151,2,0,F,415.51114644906033391,1266
1125010,38587381,1,0,F,410.59690280005895602,4279
1125010,38587381,2,0,F,410.59690280005895602,4279
1125010,38587389,1,0,F,288.70315474322592308,9020
1125010,38587389,2,0,F,288.70315474322592308,9020
1125011,38593096,1,0,F,183.23777472220120899,9522
1125011,38593096,2,0,F,183.23777472220120899,9522
1125011,38593098,1,0,F,311.40836461993575313,6711
1125011,38593098,2,0,F,311.40836461993575313,6711
1125011,38595041,1,0,F,232.90321313821067406,4948
1125011,38595041,2,0,F,232.90321313821067406,4948
1125012,38587389,1,0,F,214.11112208721777961,4122
1125012,38587389,2,0,F,214.11112208721777961,4122
1125012,38593093,1,0,F,268.44062560094494074,6137
1125012,38593093,2,0,F,268.44062560094494074,6137
1125013,38587038,1,0,F,179.20793451453141643,2659
1125013,38587038,2,0,F,179.20793451453141643,2659
1125014,38587074,1,0,F,163.48815276369742833,2219
1125014,38587074,2,0,F,163.48815276369742833,2219
1125015,38587028,1,0,F,233.41583268228365000,3981
1125015,38587028,2,0,F,233.41583268228365000,3981
1125016,38587091,1,0,F,199.22408147465876027,2134
1125016,38587091,2,0,F,199.22408147465876027,2134
1125017,38592652,1,0,F,261.13510127319295862,3347
1125017,38592652,2,0,F,261.13510127319295862,3347
1125018,38592660,1,0,F,335.31803251827795975,2898
1125018,38592660,2,0,F,335.31803251827795975,2898
1125019,38587034,1,0,F,229.92605354418998331,9645
1125019,38587034,2,0,F,229.92605354418998331,9645
1125019,38592650,1,0,F,155.96316620129016428,3758
1125019,38592650,2,0,F,155.96316620129016428,3758
1125019,38592661,1,0,F,253.05507967307428885,4281
1125019,38592661,2,0,F,253.05507967307428885,4281
1125019,38592663,1,0,F,284.06957024406182200,5820
1125019,38592663,2,0,F,284.06957024406182200,5820
1125020,38592755,1,0,F,138.20738604567199559,5289
1125020,38592755,2,0,F,138.20738604567199559,5289
1125021,38593010,1,0,F,250.01326776019010367,20674
1125021,38593010,2,0,F,250.01326776019010367,20674
1125021,38593011,1,0,F,241.55096286640406333,9043
1125021,38593011,2,0,F,241.55096286640406333,9043
1125021,38593013,1,0,F,252.26222158909760651,11055
1125021,38593013,2,0,F,252.26222158909760651,11055
1125021,38593015,1,0,F,287.68010330564368360,6442
1125021,38593015,2,0,F,287.68010330564368360,6442
1125021,38593025,1,0,F,260.80893164248152516,5588
1125021,38593025,2,0,F,260.80893164248152516,5588
1125021,38594933,1,0,F,292.17754711736841955,7264
1125021,38594933,2,0,F,292.17754711736841955,7264
1125021,41003161,1,0,F,438.34829853868899363,5514
1125021,41003161,2,0,F,438.34829853868899363,5514
1125022,38587924,1,0,F,433.34006653712776824,5272
1125022,38587924,2,0,F,433.34006653712776824,5272
1125022,38592929,1,0,F,95.00000000000000000,100
1125022,38592929,2,0,F,95.00000000000000000,100
1125022,38593008,1,0,F,209.05267501821018072,9468
1125022,38593008,2,0,F,209.05267501821018072,9468
1125022,38593012,1,0,F,68.00000000000000000,100
1125022,38593012,2,0,F,68.00000000000000000,100
1125022,38593019,1,0,F,222.78833053636407158,5364
1125022,38593019,2,0,F,222.78833053636407158,5364
1125022,38593025,1,0,F,267.93384910915989394,4473
1125022,38593025,2,0,F,267.93384910915989394,4473
1125022,38594946,1,0,F,166.26002180819153864,230
1125022,38594946,2,0,F,166.26002180819153864,230
1125022,38595027,1,0,F,195.43592253529536151,11184
1125022,38595027,2,0,F,195.43592253529536151,11184
1125022,38595028,1,0,F,261.01478197647048773,9145
1125022,38595028,2,0,F,261.01478197647048773,9145
1125022,38595031,1,0,F,263.66848359729357298,18000
1125022,38595031,2,0,F,263.66848359729357298,18000
1125022,38595458,1,0,F,141.64265099308627782,4602
1125022,38595458,2,0,F,141.64265099308627782,4602
1125023,38593150,1,0,F,213.61460178684706079,8991
1125023,38593150,2,0,F,213.61460178684706079,8991
1125023,38593168,1,0,F,330.65341474903686958,7818
1125023,38593168,2,0,F,330.65341474903686958,7818
1125023,38593169,1,0,F,161.21616587458615300,8191
1125023,38593169,2,0,F,161.21616587458615300,8191
1125023,38593176,1,0,F,172.95188131776919249,10971
1125023,38593176,2,0,F,172.95188131776919249,10971
1125024,38592948,1,0,F,214.78909793336589473,2283
1125024,38592948,2,0,F,214.78909793336589473,2283
1125024,38593139,1,0,F,242.09424311496908899,8325
1125024,38593139,2,0,F,242.09424311496908899,8325
1125024,38593158,1,0,F,254.01029699875127221,18684
1125024,38593158,2,0,F,254.01029699875127221,18684
1125024,38595052,1,0,F,278.25117757169999777,14669
1125024,38595052,2,0,F,278.25117757169999777,14669
1125024,41003190,1,0,F,259.97217993878183506,16265
1125024,41003190,2,0,F,259.97217993878183506,16265
1125025,38593142,1,0,F,245.34664743916027874,16779
1125025,38593142,2,0,F,245.34664743916027874,16779
1125025,38593148,1,0,F,251.84757552918918577,7608
1125025,38593148,2,0,F,251.84757552918918577,7608
1125025,38593171,1,0,F,147.74377030369311115,7131
1125025,38593171,2,0,F,147.74377030369311115,7131
1125025,38593173,1,0,F,172.64398747811333124,10535
1125025,38593173,2,0,F,172.64398747811333124,10535
1125025,38593174,1,0,F,155.25197499708329474,6636
1125025,38593174,2,0,F,155.25197499708329474,6636
1125026,38593141,1,0,F,239.34735659684321263,10834
1125026,38593141,2,0,F,239.34735659684321263,10834
1125026,38593152,1,0,F,177.76307777583468805,7089
1125026,38593152,2,0,F,177.76307777583468805,7089
1125026,38593162,1,0,F,294.38806805307643799,14148
1125026,38593162,2,0,F,294.38806805307643799,14148
1125027,38593044,1,0,F,175.67432533922547577,2539
1125027,38593044,2,0,F,175.67432533922547577,2539
1125027,38595034,1,0,F,191.64566135416399106,5190
1125027,38595034,2,0,F,191.64566135416399106,5190
1125028,38587081,1,0,F,218.52652254558614686,4560
1125028,38587081,2,0,F,218.52652254558614686,4560
1125029,38587051,1,0,F,306.70679789194281284,7361
1125029,38587051,2,0,F,306.70679789194281284,7361
1125029,38587386,1,0,F,338.90109418699131538,2922
1125029,38587386,2,0,F,338.90109418699131538,2922
1125029,38592757,1,0,F,132.10940472152014991,6000
1125029,38592757,2,0,F,132.10940472152014991,6000
1125030,38593029,1,0,F,170.94113881662323706,7163
1125030,38593029,2,0,F,170.94113881662323706,7163
1125030,38593032,1,0,F,151.59089012610064628,10242
1125030,38593032,2,0,F,151.59089012610064628,10242
1125030,38593033,1,0,F,125.60326863792204222,7185
1125030,38593033,2,0,F,125.60326863792204222,7185
1125030,38593035,1,0,F,284.18425954565680058,14727
1125030,38593035,2,0,F,284.18425954565680058,14727
1125031,38587080,1,0,F,269.42426124700989476,3687
1125031,38587080,2,0,F,269.42426124700989476,3687
1125031,38593027,1,0,F,168.21666392275167823,10420
1125031,38593027,2,0,F,168.21666392275167823,10420
1125031,38593034,1,0,F,330.38949453950533552,4896
1125031,38593034,2,0,F,330.38949453950533552,4896
1125031,38593037,1,0,F,166.67738735852981335,4695
1125031,38593037,2,0,F,166.67738735852981335,4695
1125031,38593043,1,0,F,273.28002485281467671,6156
1125031,38593043,2,0,F,273.28002485281467671,6156
1125033,38587033,1,0,F,307.10488437436384856,2335
1125033,38587033,2,0,F,307.10488437436384856,2335
1125035,38587070,1,0,F,157.18098173043065913,4735
1125035,38587070,2,0,F,157.18098173043065913,4735
1125036,38587082,1,0,F,238.86234250901219411,8710
1125036,38587082,2,0,F,238.86234250901219411,8710
1125036,38592891,1,0,F,338.22370457022134360,5247
1125036,38592891,2,0,F,338.22370457022134360,5247
1125036,38592978,1,0,F,255.04145020491924356,7008
1125036,38592978,2,0,F,255.04145020491924356,7008
1125036,38592979,1,0,F,322.83606267086838670,4814
1125036,38592979,2,0,F,322.83606267086838670,4814
1125036,38592980,1,0,F,193.24202787019635252,5528
1125036,38592980,2,0,F,193.24202787019635252,5528
1125036,38592986,1,0,F,180.28992050699554284,11318
1125036,38592986,2,0,F,180.28992050699554284,11318
1125037,38587082,1,0,F,237.27053454029635304,8703
1125037,38587082,2,0,F,237.27053454029635304,8703
1125037,38587418,1,0,F,261.97209102604756481,9615
1125037,38587418,2,0,F,261.97209102604756481,9615
1125037,38589098,1,0,F,255.87393203021247245,6130
1125037,38589098,2,0,F,255.87393203021247245,6130
1125037,38592975,1,0,F,195.26523085541887781,15603
1125037,38592975,2,0,F,195.26523085541887781,15603
1125037,38592982,1,0,F,283.57181064906802703,6240
1125037,38592982,2,0,F,283.57181064906802703,6240
1125037,38592985,1,0,F,290.32106620247446926,5052
1125037,38592985,2,0,F,290.32106620247446926,5052
1125038,38592982,1,0,F,243.59344400833600730,11305
1125038,38592982,2,0,F,243.59344400833600730,11305
1125038,38592991,1,0,F,194.41354184012129735,7608
1125038,38592991,2,0,F,194.41354184012129735,7608
1125038,38592992,1,0,F,70.69780400657697328,4617
1125038,38592992,2,0,F,70.69780400657697328,4617
1125039,38588802,1,0,F,154.68390569424755654,3650
1125039,38588802,2,0,F,154.68390569424755654,3650
1125039,38589098,1,0,F,226.93727360241223323,21289
1125039,38589098,2,0,F,226.93727360241223323,21289
1125039,38592992,1,0,F,269.72083824917291395,10415
1125039,38592992,2,0,F,269.72083824917291395,10415
1125039,38592994,1,0,F,245.16260002511018001,12899
1125039,38592994,2,0,F,245.16260002511018001,12899
1125040,38587083,1,0,F,251.25660352185690272,8235
1125040,38587083,2,0,F,251.25660352185690272,8235
1125040,38592984,1,0,F,226.51354785929362379,6627
1125040,38592984,2,0,F,226.51354785929362379,6627
1125040,38593050,1,0,F,251.38942398512915588,11816
1125040,38593050,2,0,F,251.38942398512915588,11816
1125040,38593054,1,0,F,170.55425829285542250,13794
1125040,38593054,2,0,F,170.55425829285542250,13794
1125040,38593065,1,0,F,252.82944133532964770,18321
1125040,38593065,2,0,F,252.82944133532964770,18321
1125040,38593069,1,0,F,184.43688225662955915,7440
1125040,38593069,2,0,F,184.43688225662955915,7440
1125040,38593072,1,0,F,225.20401232906235123,10452
1125040,38593072,2,0,F,225.20401232906235123,10452
1125041,38593068,1,0,F,217.08729641375995811,8403
1125041,38593068,2,0,F,217.08729641375995811,8403
1125043,38587044,1,0,F,311.29859631773513229,4626
1125043,38587044,2,0,F,311.29859631773513229,4626
1125044,38587914,1,0,F,51.00000000000001421,100
1125044,38587914,2,0,F,51.00000000000001421,100
1125044,38592899,1,0,F,141.48165638996695748,10632
1125044,38592899,2,0,F,141.48165638996695748,10632
1125044,38592935,1,0,F,143.00000000000005684,100
1125044,38592935,2,0,F,143.00000000000005684,100
1125044,38592938,1,0,F,249.07279177414594074,3768
1125044,38592938,2,0,F,249.07279177414594074,3768
1125044,38592944,1,0,F,225.59599201819423797,10056
1125044,38592944,2,0,F,225.59599201819423797,10056
1125044,38592945,1,0,F,296.10940771195316756,6801
1125044,38592945,2,0,F,296.10940771195316756,6801
1125044,38592951,1,0,F,194.78659025824114792,9696
1125044,38592951,2,0,F,194.78659025824114792,9696
1125044,38592952,1,0,F,160.14670215679603871,9408
1125044,38592952,2,0,F,160.14670215679603871,9408
1125045,38592797,1,0,F,229.38329699428985009,7608
1125045,38592797,2,0,F,229.38329699428985009,7608
1125045,38592816,1,0,F,219.00217594382269226,10446
1125045,38592816,2,0,F,219.00217594382269226,10446
1125045,38592844,1,0,F,130.00636500684575481,10278
1125045,38592844,2,0,F,130.00636500684575481,10278
1125045,38595018,1,0,F,241.76545666993033024,12711
1125045,38595018,2,0,F,241.76545666993033024,12711
1125046,38592826,1,0,F,174.55522910109931445,7917
1125046,38592826,2,0,F,174.55522910109931445,7917
1125046,38592835,1,0,F,225.44659652124400395,7467
1125046,38592835,2,0,F,225.44659652124400395,7467
1125046,38592922,1,0,F,169.48144235222642351,7359
1125046,38592922,2,0,F,169.48144235222642351,7359
1125046,38592928,1,0,F,223.66614462967018540,12387
1125046,38592928,2,0,F,223.66614462967018540,12387
1125046,38595020,1,0,F,192.62108372548536295,7365
1125046,38595020,2,0,F,192.62108372548536295,7365
1125047,38592808,1,0,F,205.22123016618724023,10632
1125047,38592808,2,0,F,205.22123016618724023,10632
1125047,38592809,1,0,F,158.27437019717945077,6165
1125047,38592809,2,0,F,158.27437019717945077,6165
1125047,38592893,1,0,F,244.12125143732316701,9666
1125047,38592893,2,0,F,244.12125143732316701,9666
1125047,38592922,1,0,F,262.34455490247233911,10872
1125047,38592922,2,0,F,262.34455490247233911,10872
1125048,38592802,1,0,F,166.19425543167841397,12762
1125048,38592802,2,0,F,166.19425543167841397,12762
1125048,38592811,1,0,F,238.37421600721759773,14088
1125048,38592811,2,0,F,238.37421600721759773,14088
1125048,38592889,1,0,F,180.95683274449118016,9870
1125048,38592889,2,0,F,180.95683274449118016,9870
1125048,38592928,1,0,F,171.56685265228747994,12501
1125048,38592928,2,0,F,171.56685265228747994,12501
1125049,38587062,1,0,F,153.66877655567859051,8355
1125049,38587062,2,0,F,153.66877655567859051,8355
1125049,38592680,1,0,F,289.51927418582812379,5793
1125049,38592680,2,0,F,289.51927418582812379,5793
1125049,38592822,1,0,F,239.49225988132900511,18546
1125049,38592822,2,0,F,239.49225988132900511,18546
1125049,38592842,1,0,F,198.35538470441670711,17077
1125049,38592842,2,0,F,198.35538470441670711,17077
1125049,38592868,1,0,F,120.00000000000001421,11860
1125049,38592868,2,0,F,120.00000000000001421,11860
1125049,38592891,1,0,F,200.00174926328850233,5445
1125049,38592891,2,0,F,200.00174926328850233,5445
1125049,38592908,1,0,F,195.00000000000000000,9837
1125049,38592908,2,0,F,195.00000000000000000,9837
1125049,38592915,1,0,F,138.00000000000000000,12942
1125049,38592915,2,0,F,138.00000000000000000,12942
1125049,38592920,1,0,F,314.99691920126542755,7574
1125049,38592920,2,0,F,314.99691920126542755,7574
1125050,38592840,1,0,F,254.74754035477292291,9225
1125050,38592840,2,0,F,254.74754035477292291,9225
1125050,38592861,1,0,F,172.61183601387352837,7935
1125050,38592861,2,0,F,172.61183601387352837,7935
1125050,38592867,1,0,F,214.23029538168452746,5808
1125050,38592867,2,0,F,214.23029538168452746,5808
1125050,38592911,1,0,F,275.36874148406576523,5106
1125050,38592911,2,0,F,275.36874148406576523,5106
1125051,38587062,1,0,F,172.30659148382099488,7203
1125051,38587062,2,0,F,172.30659148382099488,7203
1125051,38592782,1,0,F,144.57967819634774287,22533
1125051,38592782,2,0,F,144.57967819634774287,22533
1125051,38592874,1,0,F,145.78881247124840570,20880
1125051,38592874,2,0,F,145.78881247124840570,20880
1125051,38592908,1,0,F,126.13339185657137875,8706
1125051,38592908,2,0,F,126.13339185657137875,8706
1125052,38592798,1,0,F,212.34004722486218952,34554
1125052,38592798,2,0,F,212.34004722486218952,34554
1125052,38592919,1,0,F,146.66554404443547810,10893
1125052,38592919,2,0,F,146.66554404443547810,10893
1125053,38592834,1,0,F,177.91570109687987156,10890
1125053,38592834,2,0,F,177.91570109687987156,10890
1125053,38592850,1,0,F,162.09234852637948165,11340
1125053,38592850,2,0,F,162.09234852637948165,11340
1125053,38592869,1,0,F,177.41269226137740134,9780
1125053,38592869,2,0,F,177.41269226137740134,9780
1125053,38592873,1,0,F,190.32766663568366994,6792
1125053,38592873,2,0,F,190.32766663568366994,6792
1125053,38592888,1,0,F,148.32844686124087730,10119
1125053,38592888,2,0,F,148.32844686124087730,10119
1125053,38592890,1,0,F,180.79825256298775571,12714
1125053,38592890,2,0,F,180.79825256298775571,12714
1125054,38592780,1,0,F,224.34951497446306234,7242
1125054,38592780,2,0,F,224.34951497446306234,7242
1125054,38592881,1,0,F,169.48371341400724077,8142
1125054,38592881,2,0,F,169.48371341400724077,8142
1125054,38592887,1,0,F,200.56294030468333744,13746
1125054,38592887,2,0,F,200.56294030468333744,13746
1125054,38592915,1,0,F,178.86903380674422692,6945
1125054,38592915,2,0,F,178.86903380674422692,6945
1125055,38592780,1,0,F,130.83160908560091684,6348
1125055,38592780,2,0,F,130.83160908560091684,6348
1125055,38592789,1,0,F,120.54088504402574245,8043
1125055,38592789,2,0,F,120.54088504402574245,8043
1125055,38592848,1,0,F,153.43717052395697920,8859
1125055,38592848,2,0,F,153.43717052395697920,8859
1125055,38592887,1,0,F,174.10547928912251336,8874
1125055,38592887,2,0,F,174.10547928912251336,8874
1125056,38530699,1,0,F,143.97404759594991219,13851
1125056,38530699,2,0,F,143.97404759594991219,13851
1125056,38587057,1,0,F,109.14445810698563832,13221
1125056,38587057,2,0,F,109.14445810698563832,13221
1125056,38587061,1,0,F,100.33855694362900124,7368
1125056,38587061,2,0,F,100.33855694362900124,7368
1125056,38587387,1,0,F,155.74352573133813848,10725
1125056,38587387,2,0,F,155.74352573133813848,10725
1125056,38592777,1,0,F,207.13632982929527770,1836
1125056,38592777,2,0,F,207.13632982929527770,1836
1125056,38592799,1,0,F,135.75723073850355149,10647
1125056,38592799,2,0,F,135.75723073850355149,10647
1125056,38592801,1,0,F,141.73124537843881399,9267
1125056,38592801,2,0,F,141.73124537843881399,9267
1125056,38592804,1,0,F,170.00000000000000000,8794
1125056,38592804,2,0,F,170.00000000000000000,8794
1125056,38592812,1,0,F,129.80285193454918158,20706
1125056,38592812,2,0,F,129.80285193454918158,20706
1125056,38592820,1,0,F,124.59266218188287212,7092
1125056,38592820,2,0,F,124.59266218188287212,7092
1125056,38592838,1,0,F,162.00791143358483737,10602
1125056,38592838,2,0,F,162.00791143358483737,10602
1125056,38592856,1,0,F,129.66937252815728243,8574
1125056,38592856,2,0,F,129.66937252815728243,8574
1125056,38592874,1,0,F,225.06663697767709209,11838
1125056,38592874,2,0,F,225.06663697767709209,11838
1125056,38592881,1,0,F,128.00000000000000000,10695
1125056,38592881,2,0,F,128.00000000000000000,10695
1125056,38592883,1,0,F,88.58791662900014785,10284
1125056,38592883,2,0,F,88.58791662900014785,10284
1125056,38592906,1,0,F,98.48393438116879395,6801
1125056,38592906,2,0,F,98.48393438116879395,6801
1125056,38592907,1,0,F,150.71284883650449160,10293
1125056,38592907,2,0,F,150.71284883650449160,10293
1125056,38592910,1,0,F,164.44410525719248994,12120
1125056,38592910,2,0,F,164.44410525719248994,12120
1125056,38595022,1,0,F,114.59938845471610591,12147
1125056,38595022,2,0,F,114.59938845471610591,12147
1125057,38592795,1,0,F,147.04981467597281153,22539
1125057,38592795,2,0,F,147.04981467597281153,22539
1125057,38592825,1,0,F,244.90993180179668798,27558
1125057,38592825,2,0,F,244.90993180179668798,27558
1125057,38592830,1,0,F,235.98896074137394407,7491
1125057,38592830,2,0,F,235.98896074137394407,7491
1125057,38592843,1,0,F,2.00000000000000000,100
1125057,38592843,2,0,F,2.00000000000000000,100
1125057,38592905,1,0,F,152.53154398695363625,8937
1125057,38592905,2,0,F,152.53154398695363625,8937
1125058,38592796,1,0,F,224.39183587284324517,13687
1125058,38592796,2,0,F,224.39183587284324517,13687
1125058,38592824,1,0,F,191.02976417509387375,11013
1125058,38592824,2,0,F,191.02976417509387375,11013
1125058,38592837,1,0,F,197.24518934544241233,24065
1125058,38592837,2,0,F,197.24518934544241233,24065
1125058,38592853,1,0,F,187.19270243158979383,10413
1125058,38592853,2,0,F,187.19270243158979383,10413
1125058,38592898,1,0,F,159.77274658715441547,5974
1125058,38592898,2,0,F,159.77274658715441547,5974
1125059,38592777,1,0,F,132.14425003535282599,20406
1125059,38592777,2,0,F,132.14425003535282599,20406
1125059,38592830,1,0,F,97.63302693371666408,11019
1125059,38592830,2,0,F,97.63302693371666408,11019
1125059,38592863,1,0,F,135.40907622900658680,17742
1125059,38592863,2,0,F,135.40907622900658680,17742
1125059,38592866,1,0,F,183.38244693096973492,14619
1125059,38592866,2,0,F,183.38244693096973492,14619
1125060,38592796,1,0,F,151.79452840417027915,8505
1125060,38592796,2,0,F,151.79452840417027915,8505
1125060,38592806,1,0,F,186.19841015470652223,16549
1125060,38592806,2,0,F,186.19841015470652223,16549
1125060,38592813,1,0,F,216.65057829961639868,10591
1125060,38592813,2,0,F,216.65057829961639868,10591
1125060,38592878,1,0,F,185.33348547101763870,8101
1125060,38592878,2,0,F,185.33348547101763870,8101
1125060,38592886,1,0,F,152.71815858607916994,5482
1125060,38592886,2,0,F,152.71815858607916994,5482
1125061,38592773,1,0,F,132.80373248411396503,7849
1125061,38592773,2,0,F,132.80373248411396503,7849
1125061,38592900,1,0,F,164.26521817841154416,28653
1125061,38592900,2,0,F,164.26521817841154416,28653
1125061,38592910,1,0,F,139.76175151019015175,15039
1125061,38592910,2,0,F,139.76175151019015175,15039
1125061,38592925,1,0,F,184.77092258135206748,13854
1125061,38592925,2,0,F,184.77092258135206748,13854
1125062,38592824,1,0,F,173.16421468762732161,4836
1125062,38592824,2,0,F,173.16421468762732161,4836
1125062,38592846,1,0,F,249.23478690981238515,9144
1125062,38592846,2,0,F,249.23478690981238515,9144
1125062,38592849,1,0,F,200.84737904080961357,11130
1125062,38592849,2,0,F,200.84737904080961357,11130
1125062,38592870,1,0,F,294.27286892785264172,11466
1125062,38592870,2,0,F,294.27286892785264172,11466
1125063,38592778,1,0,F,265.37350140260565468,9369
1125063,38592778,2,0,F,265.37350140260565468,9369
1125063,38592829,1,0,F,168.63868083168333101,7264
1125063,38592829,2,0,F,168.63868083168333101,7264
1125063,38592833,1,0,F,170.13322561527519383,2073
1125063,38592833,2,0,F,170.13322561527519383,2073
1125063,38592865,1,0,F,228.07113161758471165,12779
1125063,38592865,2,0,F,228.07113161758471165,12779
1125064,38592778,1,0,F,262.14254904835092930,7450
1125064,38592778,2,0,F,262.14254904835092930,7450
1125064,38592849,1,0,F,246.65488245957422464,8970
1125064,38592849,2,0,F,246.65488245957422464,8970
1125064,38592894,1,0,F,264.16097544141513254,11405
1125064,38592894,2,0,F,264.16097544141513254,11405
1125064,38592927,1,0,F,249.43293442823136274,5512
1125064,38592927,2,0,F,249.43293442823136274,5512
1125065,38587037,1,0,F,287.30473844276133377,23978
1125065,38587037,2,0,F,287.30473844276133377,23978
1125065,38587437,1,0,F,253.03641204352038585,16989
1125065,38587437,2,0,F,253.03641204352038585,16989
1125065,38592669,1,0,F,167.36561160019650174,9093
1125065,38592669,2,0,F,167.36561160019650174,9093
1125065,38592674,1,0,F,165.74471246599134133,9636
1125065,38592674,2,0,F,165.74471246599134133,9636
1125065,38592677,1,0,F,143.03193140925262128,9870
1125065,38592677,2,0,F,143.03193140925262128,9870
1125065,38592680,1,0,F,144.25327360984979919,8841
1125065,38592680,2,0,F,144.25327360984979919,8841
1125065,38592822,1,0,F,134.96450857325339712,6561
1125065,38592822,2,0,F,134.96450857325339712,6561
1125065,38592839,1,0,F,278.57325637552764874,12133
1125065,38592839,2,0,F,278.57325637552764874,12133
1125066,38592668,1,0,F,180.04870685391017560,12195
1125066,38592668,2,0,F,180.04870685391017560,12195
1125066,38592675,1,0,F,221.52418138070174791,15066
1125066,38592675,2,0,F,221.52418138070174791,15066
1125066,38592677,1,0,F,249.63166724694292498,5553
1125066,38592677,2,0,F,249.63166724694292498,5553
1125066,38592678,1,0,F,446.71864749829461516,3327
1125066,38592678,2,0,F,446.71864749829461516,3327
1125066,38592682,1,0,F,220.69537707958824058,10620
1125066,38592682,2,0,F,220.69537707958824058,10620
1125068,38587036,1,0,F,200.87376254881860405,6360
1125068,38587036,2,0,F,200.87376254881860405,6360
1125068,38593200,1,0,F,258.83152196010195212,7767
1125068,38593200,2,0,F,258.83152196010195212,7767
1125068,38593206,1,0,F,296.74805020415038825,6751
1125068,38593206,2,0,F,296.74805020415038825,6751
1125068,38593207,1,0,F,248.89101782979923883,5091
1125068,38593207,2,0,F,248.89101782979923883,5091
1125068,38593211,1,0,F,290.15165085227801001,7374
1125068,38593211,2,0,F,290.15165085227801001,7374
1125068,38593216,1,0,F,248.65620572033191138,5005
1125068,38593216,2,0,F,248.65620572033191138,5005
1125069,38592934,1,0,F,425.37542009630811890,5924
1125069,38592934,2,0,F,425.37542009630811890,5924
1125069,41003375,1,0,F,511.63251716947047498,6404
1125069,41003375,2,0,F,511.63251716947047498,6404
1125070,38587093,1,0,F,305.85539867120917279,4284
1125070,38587093,2,0,F,305.85539867120917279,4284
1125070,38588801,1,0,F,255.51322240825436438,3933
1125070,38588801,2,0,F,255.51322240825436438,3933
1125071,38593074,1,0,F,379.10846576156603760,11464
1125071,38593074,2,0,F,379.10846576156603760,11464
1125071,41003367,1,0,F,520.94793760886500422,1331
1125071,41003367,2,0,F,520.94793760886500422,1331
1125072,38587095,1,0,F,221.96539053083574800,8231
1125072,38587095,2,0,F,221.96539053083574800,8231
1125072,38593181,1,0,F,163.36161968054307181,3507
1125072,38593181,2,0,F,163.36161968054307181,3507
1125072,38593185,1,0,F,390.95056243486141057,4796
1125072,38593185,2,0,F,390.95056243486141057,4796
1125072,38593186,1,0,F,231.60041259282627379,6524
1125072,38593186,2,0,F,231.60041259282627379,6524
1125072,38593187,1,0,F,171.38289611931995182,5098
1125072,38593187,2,0,F,171.38289611931995182,5098
1125072,38593188,1,0,F,233.51856282566512846,14104
1125072,38593188,2,0,F,233.51856282566512846,14104
1125072,38593189,1,0,F,249.31734501240831037,14588
1125072,38593189,2,0,F,249.31734501240831037,14588
1125072,41003398,1,0,F,730.24530232950644404,1962
1125072,41003398,2,0,F,730.24530232950644404,1962
1125073,38587064,1,0,F,408.35347673374479882,2939
1125073,38587064,2,0,F,408.35347673374479882,2939
1125073,41003388,1,0,F,415.65253470629602361,4653
1125073,41003388,2,0,F,415.65253470629602361,4653
1125074,38587046,1,0,F,162.63785466033152716,6918
1125074,38587046,2,0,F,162.63785466033152716,6918
1125074,38592741,1,0,F,366.64349752437533425,3354
1125074,38592741,2,0,F,366.64349752437533425,3354
1125074,38592743,1,0,F,197.86119841840530853,6523
1125074,38592743,2,0,F,197.86119841840530853,6523
1125074,38592833,1,0,F,369.81513946022027994,2498
1125074,38592833,2,0,F,369.81513946022027994,2498
1125075,38587384,1,0,F,305.68920246342344171,6209
1125075,38587384,2,0,F,305.68920246342344171,6209
1125075,38587900,1,0,F,279.32694464213977881,3078
1125075,38587900,2,0,F,279.32694464213977881,3078
1125075,38592691,1,0,F,304.18057423716805943,3345
1125075,38592691,2,0,F,304.18057423716805943,3345
1125075,38592693,1,0,F,168.56816772245244351,6300
1125075,38592693,2,0,F,168.56816772245244351,6300
1125075,38592694,1,0,F,314.12485462115228074,12164
1125075,38592694,2,0,F,314.12485462115228074,12164
1125075,38592697,1,0,F,144.69571443655445364,4704
1125075,38592697,2,0,F,144.69571443655445364,4704
1125075,38592699,1,0,F,134.65036369589986975,6678
1125075,38592699,2,0,F,134.65036369589986975,6678
1125075,38592703,1,0,F,188.07309258835559262,6528
1125075,38592703,2,0,F,188.07309258835559262,6528
1125076,38593106,1,0,F,241.56825103953912048,5325
1125076,38593106,2,0,F,241.56825103953912048,5325
1125076,38593110,1,0,F,272.49327092770073477,10899
1125076,38593110,2,0,F,272.49327092770073477,10899
1125076,38593112,1,0,F,231.74321282199133520,10780
1125076,38593112,2,0,F,231.74321282199133520,10780
1125076,38593116,1,0,F,266.76886579990889459,8184
1125076,38593116,2,0,F,266.76886579990889459,8184
1125076,38593118,1,0,F,248.84967854185805436,5700
1125076,38593118,2,0,F,248.84967854185805436,5700
1125077,38593107,1,0,F,227.88079152728832355,7872
1125077,38593107,2,0,F,227.88079152728832355,7872
1125077,38593120,1,0,F,273.42672947754675761,3661
1125077,38593120,2,0,F,273.42672947754675761,3661
1125077,38593121,1,0,F,369.87283003254395908,8243
1125077,38593121,2,0,F,369.87283003254395908,8243
1125077,38593122,1,0,F,319.84018910575457539,2967
1125077,38593122,2,0,F,319.84018910575457539,2967
1125078,38592707,1,0,F,243.33680375820441100,4701
1125078,38592707,2,0,F,243.33680375820441100,4701
1125078,38592708,1,0,F,251.35827743111465793,8562
1125078,38592708,2,0,F,251.35827743111465793,8562
1125078,38592709,1,0,F,222.14168453334784203,7797
1125078,38592709,2,0,F,222.14168453334784203,7797
1125078,38592711,1,0,F,225.02802611369438068,5601
1125078,38592711,2,0,F,225.02802611369438068,5601
1125078,38592716,1,0,F,269.18627196962302150,4278
1125078,38592716,2,0,F,269.18627196962302150,4278
1125078,38593112,1,0,F,368.59585682098139614,3431
1125078,38593112,2,0,F,368.59585682098139614,3431
1125079,38587071,1,0,F,34.54661470050230321,3142
1125079,38587071,2,0,F,34.54661470050230321,3142
1125079,38587097,1,0,F,180.52865751922985282,3390
1125079,38587097,2,0,F,180.52865751922985282,3390
1125079,38592724,1,0,F,355.21525713207205399,5079
1125079,38592724,2,0,F,355.21525713207205399,5079
1125079,38592725,1,0,F,248.26923109008524193,5360
1125079,38592725,2,0,F,248.26923109008524193,5360
1125079,38592726,1,0,F,292.74068772055863974,862
1125079,38592726,2,0,F,292.74068772055863974,862
1125079,38592733,1,0,F,214.32588438820744159,10074
1125079,38592733,2,0,F,214.32588438820744159,10074
1125079,38592737,1,0,F,330.06116480401777835,5217
1125079,38592737,2,0,F,330.06116480401777835,5217
1125080,38587094,1,0,F,82.06971048619313081,2122
1125080,38587094,2,0,F,82.06971048619313081,2122
1125080,38593130,1,0,F,411.47692692662826630,4183
1125080,38593130,2,0,F,411.47692692662826630,4183
1125081,38588664,1,0,F,194.47720566198515257,865
1125081,38588664,2,0,F,194.47720566198515257,865
1125082,38587053,1,0,F,64.35520484129145302,2452
1125082,38587053,2,0,F,64.35520484129145302,2452
1125082,38592760,1,0,F,241.23483016566888182,2354
1125082,38592760,2,0,F,241.23483016566888182,2354
1125083,38587077,1,0,F,101.73051735885533731,4535
1125083,38587077,2,0,F,101.73051735885533731,4535
1125084,38587077,1,0,F,331.57630675808121623,3384
1125084,38587077,2,0,F,331.57630675808121623,3384
1125085,38587029,1,0,F,309.50692255743092574,3116
1125085,38587029,2,0,F,309.50692255743092574,3116
1125085,38592623,1,0,F,277.02660905475534037,5115
1125085,38592623,2,0,F,277.02660905475534037,5115
1125086,38587043,1,0,F,282.16621279783311138,3626
1125086,38587043,2,0,F,282.16621279783311138,3626
1125087,38587086,1,0,F,218.97080769595430638,9226
1125087,38587086,2,0,F,218.97080769595430638,9226
1125088,38592957,1,0,F,143.26579072134282455,770
1125088,38592957,2,0,F,143.26579072134282455,770
1125090,38587068,1,0,F,371.93846210740508695,3365
1125090,38587068,2,0,F,371.93846210740508695,3365
1125091,38587085,1,0,F,80.36837273976277629,1888
1125091,38587085,2,0,F,80.36837273976277629,1888
1125092,38587066,1,0,F,241.21577568642342726,1608
1125092,38587066,2,0,F,241.21577568642342726,1608
1202001,41004466,1,0,F,601.37952440023843792,2193
1202001,41004466,2,0,F,601.37952440023843792,2193
1202002,38504700,1,0,F,56.08756428169480301,2095
1202002,38504700,2,0,F,56.08756428169480301,2095
1202003,38504991,1,0,F,365.68916837546083798,2278
1202003,38504991,2,0,F,365.68916837546083798,2278
1202004,38504760,1,0,F,229.19297177528187603,4611
1202004,38504760,2,0,F,229.19297177528187603,4611
1202005,38571245,1,0,F,364.58614745881726549,3618
1202005,38571245,2,0,F,364.58614745881726549,3618
1202005,38581895,1,0,F,291.38074051653325114,5433
1202005,38581895,2,0,F,291.38074051653325114,5433
1202005,41004567,1,0,F,332.82229537130757535,2721
1202005,41004567,2,0,F,332.82229537130757535,2721
1202006,38504992,1,0,F,157.77455697554896119,2274
1202006,38504992,2,0,F,157.77455697554896119,2274
1202007,41004623,1,0,F,436.64500824212808539,2650
1202007,41004623,2,0,F,436.64500824212808539,2650
1202008,41004631,1,0,F,169.36377775305183491,673
1202008,41004631,2,0,F,169.36377775305183491,673
1202009,38504460,1,0,F,295.18739941280489347,1769
1202009,38504460,2,0,F,295.18739941280489347,1769
1202010,41004631,1,0,F,1657.20584509004902429,1
1202010,41004631,2,0,F,1657.20584509004902429,1
1202011,41004631,1,0,F,2462.35881614412437557,1
1202011,41004631,2,0,F,2462.35881614412437557,1
1202012,41004675,1,0,F,315.80791353613369665,512
1202012,41004675,2,0,F,315.80791353613369665,512
1202013,41004688,1,0,F,357.18665539372904050,3109
1202013,41004688,2,0,F,357.18665539372904050,3109
1202013,41004692,1,0,F,325.05178146688501784,4908
1202013,41004692,2,0,F,325.05178146688501784,4908
1202014,41004666,1,0,F,1991.18358598497752610,1
1202014,41004666,2,0,F,1991.18358598497752610,1
1202015,41004729,1,0,F,447.05788998719043548,4037
1202015,41004729,2,0,F,447.05788998719043548,4037
1202016,38507995,1,0,F,1500.30910315287883350,1
1202016,38507995,2,0,F,1500.30910315287883350,1
1202016,38587802,1,0,F,323.49241030033368816,411
1202016,38587802,2,0,F,323.49241030033368816,411
1202017,38571234,1,0,F,125.65082917139397978,411
1202017,38571234,2,0,F,125.65082917139397978,411
1202018,38571232,1,0,F,314.51083035369214258,2364
1202018,38571232,2,0,F,314.51083035369214258,2364
1202019,38571212,1,0,F,186.58546546679289690,588
1202019,38571212,2,0,F,186.58546546679289690,588
1202020,41004768,1,0,F,391.58713638073317043,2656
1202020,41004768,2,0,F,391.58713638073317043,2656
1202021,38571213,1,0,F,228.82102994722330891,848
1202021,38571213,2,0,F,228.82102994722330891,848
1202022,38583212,1,0,F,288.05245928641079445,1167
1202022,38583212,2,0,F,288.05245928641079445,1167
1202023,38507974,1,0,F,73.40594546330621029,1715
1202023,38507974,2,0,F,73.40594546330621029,1715
1202025,38571223,1,0,F,454.29820814193203660,1723
1202025,38571223,2,0,F,454.29820814193203660,1723
1202026,38571217,1,0,F,233.89075486953791483,2050
1202026,38571217,2,0,F,233.89075486953791483,2050
1202027,38571220,1,0,F,227.88067908887120439,6165
1202027,38571220,2,0,F,227.88067908887120439,6165
1202027,38571253,1,0,F,296.45670468990084601,4046
1202027,38571253,2,0,F,296.45670468990084601,4046
1202027,38580569,1,0,F,256.95133519478827111,10744
1202027,38580569,2,0,F,256.95133519478827111,10744
1202027,41004786,1,0,F,484.82073000895690029,3881
1202027,41004786,2,0,F,484.82073000895690029,3881
1202029,38504756,1,0,F,105.37001268297765932,2769
1202029,38504756,2,0,F,105.37001268297765932,2769
1202032,38504756,1,0,F,133.62235281863175373,2830
1202032,38504756,2,0,F,133.62235281863175373,2830
1202033,38507994,1,0,F,18.85872340441186168,2176
1202033,38507994,2,0,F,18.85872340441186168,2176
1202034,41004808,1,0,F,320.29503987577123780,3327
1202034,41004808,2,0,F,320.29503987577123780,3327
1202035,38576423,1,0,F,223.23479829101066230,3333
1202035,38576423,2,0,F,223.23479829101066230,3333
1202035,38576425,1,0,F,193.19954198643583254,5081
1202035,38576425,2,0,F,193.19954198643583254,5081
1202035,38576426,1,0,F,241.00818361137103807,4736
1202035,38576426,2,0,F,241.00818361137103807,4736
1202036,38576430,1,0,F,371.79325761571271869,3192
1202036,38576430,2,0,F,371.79325761571271869,3192
1202036,38576431,1,0,F,258.66699595780465870,5302
1202036,38576431,2,0,F,258.66699595780465870,5302
1202037,38504706,1,0,F,494.99760529507477713,3287
1202037,38504706,2,0,F,494.99760529507477713,3287
1202037,38571255,1,0,F,263.38036315150810651,7191
1202037,38571255,2,0,F,263.38036315150810651,7191
1202037,38576435,1,0,F,224.16169800687785596,1782
1202037,38576435,2,0,F,224.16169800687785596,1782
1202037,38576437,1,0,F,256.31497098576915050,5253
1202037,38576437,2,0,F,256.31497098576915050,5253
1202037,38581782,1,0,F,178.50288358464544558,11986
1202037,38581782,2,0,F,178.50288358464544558,11986
1202037,38582619,1,0,F,221.96930850962459658,4842
1202037,38582619,2,0,F,221.96930850962459658,4842
1202037,38583033,1,0,F,215.23806127534413690,10940
1202037,38583033,2,0,F,215.23806127534413690,10940
1202037,38583038,1,0,F,246.44787529299503603,5736
1202037,38583038,2,0,F,246.44787529299503603,5736
1202037,38583041,1,0,F,383.18382808039666543,3477
1202037,38583041,2,0,F,383.18382808039666543,3477
1202037,38583045,1,0,F,299.66706885745816180,3795
1202037,38583045,2,0,F,299.66706885745816180,3795
1202037,41004802,1,0,F,424.89925955147793957,5679
1202037,41004802,2,0,F,424.89925955147793957,5679
1202038,41004824,1,0,F,298.03364336603624452,1784
1202038,41004824,2,0,F,298.03364336603624452,1784
1202039,38508873,1,0,F,249.54095262518583809,2102
1202039,38508873,2,0,F,249.54095262518583809,2102
1202041,38571464,1,0,F,188.44026846875394199,3036
1202041,38571464,2,0,F,188.44026846875394199,3036
1202041,41004831,1,0,F,42.54705177960456552,4020
1202041,41004831,2,0,F,42.54705177960456552,4020
1202042,38576719,1,0,F,1649.03014139403285299,1
1202042,38576719,2,0,F,1649.03014139403285299,1
1202043,41004830,1,0,F,286.59716770789685825,2371
1202043,41004830,2,0,F,286.59716770789685825,2371
1202044,38508874,1,0,F,290.94380549862330554,1668
1202044,38508874,2,0,F,290.94380549862330554,1668
1202045,38588470,1,0,F,280.12447560473856356,4322
1202045,38588470,2,0,F,280.12447560473856356,4322
1202045,38588471,1,0,F,443.50038622216044359,824
1202045,38588471,2,0,F,443.50038622216044359,824
1202045,38588472,1,0,F,268.86864682948953487,4538
1202045,38588472,2,0,F,268.86864682948953487,4538
1202045,41004871,1,0,F,334.08700000384618534,6543
1202045,41004871,2,0,F,334.08700000384618534,6543
1202046,41004916,1,0,F,415.58461620840574824,2355
1202046,41004916,2,0,F,415.58461620840574824,2355
1202047,38508796,1,0,F,38.07857278555331959,871
1202047,38508796,2,0,F,38.07857278555331959,871
1202048,38577934,1,0,F,330.10449115288372468,1361
1202048,38577934,2,0,F,330.10449115288372468,1361
1202049,38571477,1,0,F,339.42604661625080098,1419
1202049,38571477,2,0,F,339.42604661625080098,1419
1202050,38508777,1,0,F,149.66086142554345884,456
1202050,38508777,2,0,F,149.66086142554345884,456
1202050,38508782,1,0,F,133.03366117781200728,338
1202050,38508782,2,0,F,133.03366117781200728,338
1202050,38581033,1,0,F,131.90499938401376312,1289
1202050,38581033,2,0,F,131.90499938401376312,1289
1202051,38508753,1,0,F,1697.56846062186764357,1
1202051,38508753,2,0,F,1697.56846062186764357,1
1202053,38577918,1,0,F,287.60031833678351632,3687
1202053,38577918,2,0,F,287.60031833678351632,3687
1202054,38577923,1,0,F,385.52413716682787026,2237
1202054,38577923,2,0,F,385.52413716682787026,2237
1202055,41004579,1,0,F,641.11793807140202262,1125
1202055,41004579,2,0,F,641.11793807140202262,1125
1202056,38583440,1,0,F,163.01706707050021805,308
1202056,38583440,2,0,F,163.01706707050021805,308
1202057,38504198,1,0,F,71.19258210495732442,450
1202057,38504198,2,0,F,71.19258210495732442,450
1202058,38571453,1,0,F,201.43341384329022503,2304
1202058,38571453,2,0,F,201.43341384329022503,2304
1202059,38587801,1,0,F,196.66483766082541251,1410
1202059,38587801,2,0,F,196.66483766082541251,1410
1202060,38504199,1,0,F,348.92966925243297283,4380
1202060,38504199,2,0,F,348.92966925243297283,4380
1202060,38570554,1,0,F,386.04034245835038064,4606
1202060,38570554,2,0,F,386.04034245835038064,4606
1202060,41004732,1,0,F,252.27355682826501493,4807
1202060,41004732,2,0,F,252.27355682826501493,4807
1202062,38571458,1,0,F,181.11863931739526379,863
1202062,38571458,2,0,F,181.11863931739526379,863
1202063,38504993,1,0,F,314.21312787356185936,3969
1202063,38504993,2,0,F,314.21312787356185936,3969
1202063,38571449,1,0,F,164.22240255825815325,1841
1202063,38571449,2,0,F,164.22240255825815325,1841
1202064,38588125,1,0,F,1982.96416252086351051,1
1202064,38588125,2,0,F,1982.96416252086351051,1
1202065,38588079,1,0,F,285.34949284528016733,4584
1202065,38588079,2,0,F,285.34949284528016733,4584
1202065,38588082,1,0,F,176.44446162629975561,4467
1202065,38588082,2,0,F,176.44446162629975561,4467
1202065,41004805,1,0,F,340.14382372789202691,9071
1202065,41004805,2,0,F,340.14382372789202691,9071
1202067,38507977,1,0,F,355.44547218234549746,1718
1202067,38507977,2,0,F,355.44547218234549746,1718
1202069,38571354,1,0,F,244.99915834920460611,10606
1202069,38571354,2,0,F,244.99915834920460611,10606
1202070,38507976,1,0,F,229.30388834098101825,4652
1202070,38507976,2,0,F,229.30388834098101825,4652
1202070,38580219,1,0,F,280.99142372927269662,3843
1202070,38580219,2,0,F,280.99142372927269662,3843
1202070,38580404,1,0,F,248.04147783772233993,3876
1202070,38580404,2,0,F,248.04147783772233993,3876
1202071,38504766,1,0,F,61.36799690536869889,422
1202071,38504766,2,0,F,61.36799690536869889,422
1202072,38571665,1,0,F,178.32127128473590005,6789
1202072,38571665,2,0,F,178.32127128473590005,6789
1202072,38571673,1,0,F,187.30644634684148286,4321
1202072,38571673,2,0,F,187.30644634684148286,4321
1202072,38571691,1,0,F,332.13120420385143916,5542
1202072,38571691,2,0,F,332.13120420385143916,5542
1202072,38577859,1,0,F,231.68048224881724195,5926
1202072,38577859,2,0,F,231.68048224881724195,5926
1202073,41004842,1,0,F,356.86345878288199174,487
1202073,41004842,2,0,F,356.86345878288199174,487
1202074,38507982,1,0,F,162.59231524129458535,2988
1202074,38507982,2,0,F,162.59231524129458535,2988
1202075,38571439,1,0,F,478.41536786687044014,1587
1202075,38571439,2,0,F,478.41536786687044014,1587
1202075,38579523,1,0,F,159.39215557141392310,9399
1202075,38579523,2,0,F,159.39215557141392310,9399
1202075,38579899,1,0,F,243.75639367735971064,6207
1202075,38579899,2,0,F,243.75639367735971064,6207
1202075,38579901,1,0,F,234.72205361461300299,5982
1202075,38579901,2,0,F,234.72205361461300299,5982
1202075,38582225,1,0,F,238.14686640398898021,8712
1202075,38582225,2,0,F,238.14686640398898021,8712
1202075,38589226,1,0,F,220.13678110109296426,21507
1202075,38589226,2,0,F,220.13678110109296426,21507
1202075,38590083,1,0,F,239.67751778379945904,7427
1202075,38590083,2,0,F,239.67751778379945904,7427
1202075,38590084,1,0,F,158.84844933461150163,9273
1202075,38590084,2,0,F,158.84844933461150163,9273
1202075,38590108,1,0,F,248.90192043889362594,9380
1202075,38590108,2,0,F,248.90192043889362594,9380
1202076,38571435,1,0,F,210.42449806496748010,4459
1202076,38571435,2,0,F,210.42449806496748010,4459
1202076,38582210,1,0,F,206.97013329950391380,11229
1202076,38582210,2,0,F,206.97013329950391380,11229
1202076,38582262,1,0,F,19.00000000000000000,100
1202076,38582262,2,0,F,19.00000000000000000,100
1202076,38583205,1,0,F,194.16045412863437036,8712
1202076,38583205,2,0,F,194.16045412863437036,8712
1202076,38590045,1,0,F,234.50496059777367464,10575
1202076,38590045,2,0,F,234.50496059777367464,10575
1202076,38590046,1,0,F,235.04307763998295400,14412
1202076,38590046,2,0,F,235.04307763998295400,14412
1202076,38590047,1,0,F,207.75498080856576166,6978
1202076,38590047,2,0,F,207.75498080856576166,6978
1202077,38571343,1,0,F,174.01410671186934565,3903
1202077,38571343,2,0,F,174.01410671186934565,3903
1202077,38579898,1,0,F,207.26288706248925564,7301
1202077,38579898,2,0,F,207.26288706248925564,7301
1202077,38580939,1,0,F,164.19811776618675481,7087
1202077,38580939,2,0,F,164.19811776618675481,7087
1202077,38590005,1,0,F,198.59014009719973615,5862
1202077,38590005,2,0,F,198.59014009719973615,5862
1202077,38590014,1,0,F,277.11564644747579678,10776
1202077,38590014,2,0,F,277.11564644747579678,10776
1202077,38590042,1,0,F,370.15059302789859430,5705
1202077,38590042,2,0,F,370.15059302789859430,5705
1202077,38594200,1,0,F,131.00000000000000000,45823
1202077,38594200,2,0,F,131.00000000000000000,45823
1202078,38507992,1,0,F,163.90430254092729001,1326
1202078,38507992,2,0,F,163.90430254092729001,1326
1202078,38571357,1,0,F,195.18814814814814440,23625
1202078,38571357,2,0,F,195.18814814814814440,23625
1202078,38571358,1,0,F,195.00000000000000000,7498
1202078,38571358,2,0,F,195.00000000000000000,7498
1202078,38571359,1,0,F,164.00000000000000000,4877
1202078,38571359,2,0,F,164.00000000000000000,4877
1202078,38581351,1,0,F,84.92717217353961701,5199
1202078,38581351,2,0,F,84.92717217353961701,5199
1202078,38583222,1,0,F,164.00000000000000000,5514
1202078,38583222,2,0,F,164.00000000000000000,5514
1202078,38590029,1,0,F,218.91622215841354659,11217
1202078,38590029,2,0,F,218.91622215841354659,11217
1202078,38590038,1,0,F,188.98350372373860750,16786
1202078,38590038,2,0,F,188.98350372373860750,16786
1202079,38571393,1,0,F,181.33533956787462671,8151
1202079,38571393,2,0,F,181.33533956787462671,8151
1202079,38579896,1,0,F,148.71552804889091703,22896
1202079,38579896,2,0,F,148.71552804889091703,22896
1202079,38579897,1,0,F,159.30799825669635084,12876
1202079,38579897,2,0,F,159.30799825669635084,12876
1202079,38589992,1,0,F,245.55697642151005766,4689
1202079,38589992,2,0,F,245.55697642151005766,4689
1202079,38590010,1,0,F,151.90805795595795757,6954
1202079,38590010,2,0,F,151.90805795595795757,6954
1202079,38590011,1,0,F,214.56305623507432756,9912
1202079,38590011,2,0,F,214.56305623507432756,9912
1202079,38590015,1,0,F,168.92602954371028545,20667
1202079,38590015,2,0,F,168.92602954371028545,20667
1202080,38589992,1,0,F,212.50158037726268390,11424
1202080,38589992,2,0,F,212.50158037726268390,11424
1202080,38589993,1,0,F,163.41303186085647781,9669
1202080,38589993,2,0,F,163.41303186085647781,9669
1202080,38590013,1,0,F,255.83593535672588359,9644
1202080,38590013,2,0,F,255.83593535672588359,9644
1202080,38590016,1,0,F,195.78338797046620812,12090
1202080,38590016,2,0,F,195.78338797046620812,12090
1202080,38590022,1,0,F,241.86845534123068546,10509
1202080,38590022,2,0,F,241.86845534123068546,10509
1202080,38590114,1,0,F,223.99509261733828680,10485
1202080,38590114,2,0,F,223.99509261733828680,10485
1202080,38595142,1,0,F,189.20051510811347839,10713
1202080,38595142,2,0,F,189.20051510811347839,10713
1202081,38588996,1,0,F,200.10393591230416632,19803
1202081,38588996,2,0,F,200.10393591230416632,19803
1202081,38589008,1,0,F,184.20704740469724925,16467
1202081,38589008,2,0,F,184.20704740469724925,16467
1202081,38590079,1,0,F,115.93985869609331019,5976
1202081,38590079,2,0,F,115.93985869609331019,5976
1202081,41005073,1,0,F,502.71950558353529459,5632
1202081,41005073,2,0,F,502.71950558353529459,5632
1202082,38576989,1,0,F,162.76610585901426020,7047
1202082,38576989,2,0,F,162.76610585901426020,7047
1202082,38588699,1,0,F,29.00000000000000355,100
1202082,38588699,2,0,F,29.00000000000000355,100
1202082,38588999,1,0,F,198.54395865680092470,6120
1202082,38588999,2,0,F,198.54395865680092470,6120
1202082,38589000,1,0,F,178.41140187002650919,9774
1202082,38589000,2,0,F,178.41140187002650919,9774
1202082,38590029,1,0,F,224.00000000000000000,9191
1202082,38590029,2,0,F,224.00000000000000000,9191
1202082,38590129,1,0,F,110.59546249859525346,6756
1202082,38590129,2,0,F,110.59546249859525346,6756
1202082,38595543,1,0,F,136.26924488040799588,29141
1202082,38595543,2,0,F,136.26924488040799588,29141
1202082,41005073,1,0,F,351.85351673670032824,10834
1202082,41005073,2,0,F,351.85351673670032824,10834
1202082,41005094,1,0,F,214.34959152336546140,3263
1202082,41005094,2,0,F,214.34959152336546140,3263
1202083,38508075,1,0,F,193.42001520937003534,5340
1202083,38508075,2,0,F,193.42001520937003534,5340
1202083,38587483,1,0,F,164.33410213816395640,10329
1202083,38587483,2,0,F,164.33410213816395640,10329
1202083,38587484,1,0,F,228.89146256821362613,7827
1202083,38587484,2,0,F,228.89146256821362613,7827
1202083,38588994,1,0,F,171.25233640181676265,10581
1202083,38588994,2,0,F,171.25233640181676265,10581
1202083,38589000,1,0,F,179.83944413099760595,4065
1202083,38589000,2,0,F,179.83944413099760595,4065
1202083,38590020,1,0,F,272.54888524519014936,8577
1202083,38590020,2,0,F,272.54888524519014936,8577
1202083,38590021,1,0,F,149.12140189704845739,8142
1202083,38590021,2,0,F,149.12140189704845739,8142
1202084,38507110,1,0,F,169.10985468519356800,16401
1202084,38507110,2,0,F,169.10985468519356800,16401
1202084,38507785,1,0,F,125.41214572798375571,15270
1202084,38507785,2,0,F,125.41214572798375571,15270
1202084,38576646,1,0,F,191.03955589872475684,36120
1202084,38576646,2,0,F,191.03955589872475684,36120
1202084,38588990,1,0,F,127.99636365938835070,11475
1202084,38588990,2,0,F,127.99636365938835070,11475
1202084,38588998,1,0,F,309.47568940624967126,9906
1202084,38588998,2,0,F,309.47568940624967126,9906
1202084,38589001,1,0,F,232.79616432063238562,9393
1202084,38589001,2,0,F,232.79616432063238562,9393
1202084,38590006,1,0,F,219.95679819840611913,21546
1202084,38590006,2,0,F,219.95679819840611913,21546
1202084,38590032,1,0,F,224.14274480663428335,15984
1202084,38590032,2,0,F,224.14274480663428335,15984
1202084,38590033,1,0,F,134.82697413998829461,7767
1202084,38590033,2,0,F,134.82697413998829461,7767
1202084,38590048,1,0,F,138.64433321615987893,16011
1202084,38590048,2,0,F,138.64433321615987893,16011
1202084,38590062,1,0,F,214.56909728017058114,8490
1202084,38590062,2,0,F,214.56909728017058114,8490
1202084,38590112,1,0,F,108.77827654292323700,5289
1202084,38590112,2,0,F,108.77827654292323700,5289
1202085,38507050,1,0,F,203.49831863429267287,8169
1202085,38507050,2,0,F,203.49831863429267287,8169
1202085,38507061,1,0,F,198.14025389846685243,10533
1202085,38507061,2,0,F,198.14025389846685243,10533
1202085,38576990,1,0,F,91.00000000000000000,100
1202085,38576990,2,0,F,91.00000000000000000,100
1202085,38576991,1,0,F,213.34780459968411037,6710
1202085,38576991,2,0,F,213.34780459968411037,6710
1202085,38587479,1,0,F,236.09383153369080333,7695
1202085,38587479,2,0,F,236.09383153369080333,7695
1202085,38589006,1,0,F,260.68059923646478637,7728
1202085,38589006,2,0,F,260.68059923646478637,7728
1202085,38590003,1,0,F,234.07616452498933768,9495
1202085,38590003,2,0,F,234.07616452498933768,9495
1202085,38590019,1,0,F,260.89193587539875807,7515
1202085,38590019,2,0,F,260.89193587539875807,7515
1202085,38590049,1,0,F,227.43131610026540557,3722
1202085,38590049,2,0,F,227.43131610026540557,3722
1202085,38590050,1,0,F,211.63959434125118264,7085
1202085,38590050,2,0,F,211.63959434125118264,7085
1202085,38590090,1,0,F,197.36830677089815822,11676
1202085,38590090,2,0,F,197.36830677089815822,11676
1202085,38595138,1,0,F,284.13271248273554193,7387
1202085,38595138,2,0,F,284.13271248273554193,7387
1202085,41005215,1,0,F,545.91490538804907828,12586
1202085,41005215,2,0,F,545.91490538804907828,12586
1202086,38507980,1,0,F,162.98577942325206891,3308
1202086,38507980,2,0,F,162.98577942325206891,3308
1202088,38507778,1,0,F,218.02633677385250621,3536
1202088,38507778,2,0,F,218.02633677385250621,3536
1202088,38571373,1,0,F,405.11041380910620546,3564
1202088,38571373,2,0,F,405.11041380910620546,3564
1202090,38571670,1,0,F,110.29413940047265896,1540
1202090,38571670,2,0,F,110.29413940047265896,1540
1202090,38571672,1,0,F,272.06408490700437142,1128
1202090,38571672,2,0,F,272.06408490700437142,1128
1202091,41004855,1,0,F,244.12301123492406418,1499
1202091,41004855,2,0,F,244.12301123492406418,1499
1202092,41004847,1,0,F,363.07716002176823622,2076
1202092,41004847,2,0,F,363.07716002176823622,2076
1202094,41004862,1,0,F,216.68772649705599065,1351
1202094,41004862,2,0,F,216.68772649705599065,1351
1202095,41004894,1,0,F,404.04390830386557809,7974
1202095,41004894,2,0,F,404.04390830386557809,7974
1202096,38590081,1,0,F,303.20055071772571864,7387
1202096,38590081,2,0,F,303.20055071772571864,7387
1202096,38590403,1,0,F,288.71032681807184872,6587
1202096,38590403,2,0,F,288.71032681807184872,6587
1202096,41004852,1,0,F,386.57820038706449850,1029
1202096,41004852,2,0,F,386.57820038706449850,1029
1202097,38580925,1,0,F,101.92202202090726360,1818
1202097,38580925,2,0,F,101.92202202090726360,1818
1202099,38571417,1,0,F,311.16323142484219488,12605
1202099,38571417,2,0,F,311.16323142484219488,12605
1202100,38571412,1,0,F,235.72309617241202773,22098
1202100,38571412,2,0,F,235.72309617241202773,22098
1202100,38580927,1,0,F,178.85046635697068496,7796
1202100,38580927,2,0,F,178.85046635697068496,7796
1202100,38589266,1,0,F,195.90995749992688957,11064
1202100,38589266,2,0,F,195.90995749992688957,11064
1202100,38590055,1,0,F,217.58645851665227156,9084
1202100,38590055,2,0,F,217.58645851665227156,9084
1202100,38590056,1,0,F,328.08567734871166977,4048
1202100,38590056,2,0,F,328.08567734871166977,4048
1202100,38590059,1,0,F,470.68574742589117932,5427
1202100,38590059,2,0,F,470.68574742589117932,5427
1202100,38590097,1,0,F,290.34917025924818290,6485
1202100,38590097,2,0,F,290.34917025924818290,6485
1202100,38590098,1,0,F,230.23923392931513376,6905
1202100,38590098,2,0,F,230.23923392931513376,6905
1202100,38590118,1,0,F,186.52408637215205545,6128
1202100,38590118,2,0,F,186.52408637215205545,6128
1202100,41004978,1,0,F,299.15208734931900381,13664
1202100,41004978,2,0,F,299.15208734931900381,13664
1202101,38580925,1,0,F,273.59994914599167259,4465
1202101,38580925,2,0,F,273.59994914599167259,4465
1202102,38579515,1,0,F,274.03262698993148661,5194
1202102,38579515,2,0,F,274.03262698993148661,5194
1202102,38580567,1,0,F,172.22251131942499569,10410
1202102,38580567,2,0,F,172.22251131942499569,10410
1202102,38589268,1,0,F,274.32553841351227675,6909
1202102,38589268,2,0,F,274.32553841351227675,6909
1202102,38590000,1,0,F,194.12867102797679308,5061
1202102,38590000,2,0,F,194.12867102797679308,5061
1202102,38590023,1,0,F,236.71201271751269246,7410
1202102,38590023,2,0,F,236.71201271751269246,7410
1202102,38590102,1,0,F,234.17155389589950687,3430
1202102,38590102,2,0,F,234.17155389589950687,3430
1202102,38590104,1,0,F,233.54317823988259306,4704
1202102,38590104,2,0,F,233.54317823988259306,4704
1202102,38590107,1,0,F,213.96806228269232975,6372
1202102,38590107,2,0,F,213.96806228269232975,6372
1202103,38507783,1,0,F,333.30176788425910672,3220
1202103,38507783,2,0,F,333.30176788425910672,3220
1202104,38507777,1,0,F,342.54282052012769100,4203
1202104,38507777,2,0,F,342.54282052012769100,4203
1202105,38571360,1,0,F,319.94897039288304086,3772
1202105,38571360,2,0,F,319.94897039288304086,3772
1202107,38507716,1,0,F,302.35163984864402664,608
1202107,38507716,2,0,F,302.35163984864402664,608
1202108,38508073,1,0,F,987.71327061546514869,1
1202108,38508073,2,0,F,987.71327061546514869,1
1202109,38507728,1,0,F,330.23395000552119427,829
1202109,38507728,2,0,F,330.23395000552119427,829
1202109,38507731,1,0,F,164.78664775195599645,1567
1202109,38507731,2,0,F,164.78664775195599645,1567
1202110,38589020,1,0,F,211.91309147998845219,5835
1202110,38589020,2,0,F,211.91309147998845219,5835
1202110,38589021,1,0,F,216.66014075870322131,5179
1202110,38589021,2,0,F,216.66014075870322131,5179
1202110,38590069,1,0,F,160.03270639797611352,3053
1202110,38590069,2,0,F,160.03270639797611352,3053
1202111,38508074,1,0,F,244.65786507805938754,7800
1202111,38508074,2,0,F,244.65786507805938754,7800
1202111,38576972,1,0,F,231.54815787635303082,7858
1202111,38576972,2,0,F,231.54815787635303082,7858
1202111,38576974,1,0,F,311.90641953367338601,5775
1202111,38576974,2,0,F,311.90641953367338601,5775
1202111,41005101,1,0,F,416.85395444838553658,14263
1202111,41005101,2,0,F,416.85395444838553658,14263
1202112,38576978,1,0,F,192.52999434337652929,1909
1202112,38576978,2,0,F,192.52999434337652929,1909
1202113,38571392,1,0,F,186.98308030828232518,5160
1202113,38571392,2,0,F,186.98308030828232518,5160
1202113,41005147,1,0,F,360.67561955307502330,2247
1202113,41005147,2,0,F,360.67561955307502330,2247
1202114,38508077,1,0,F,256.39851582942509367,12048
1202114,38508077,2,0,F,256.39851582942509367,12048
1202114,38576980,1,0,F,207.02401047801006939,9964
1202114,38576980,2,0,F,207.02401047801006939,9964
1202114,38589046,1,0,F,176.74435137701712506,7596
1202114,38589046,2,0,F,176.74435137701712506,7596
1202114,38589047,1,0,F,292.47615219597298619,5137
1202114,38589047,2,0,F,292.47615219597298619,5137
1202114,38589049,1,0,F,284.87626762331734653,6300
1202114,38589049,2,0,F,284.87626762331734653,6300
1202114,38589053,1,0,F,309.64962594814426211,4709
1202114,38589053,2,0,F,309.64962594814426211,4709
1202114,38589054,1,0,F,186.24649067291966276,4380
1202114,38589054,2,0,F,186.24649067291966276,4380
1202114,38595600,1,0,F,304.43352461765203998,11179
1202114,38595600,2,0,F,304.43352461765203998,11179
1202114,41005141,1,0,F,428.31988789920535510,10448
1202114,41005141,2,0,F,428.31988789920535510,10448
1202115,38581025,1,0,F,1048.47149834339643348,1
1202115,38581025,2,0,F,1048.47149834339643348,1
1202116,38507735,1,0,F,429.51917778975911233,852
1202116,38507735,2,0,F,429.51917778975911233,852
1202116,38507979,1,0,F,276.75213299256876098,2302
1202116,38507979,2,0,F,276.75213299256876098,2302
1202117,38507765,1,0,F,325.80255842066748073,5777
1202117,38507765,2,0,F,325.80255842066748073,5777
1202117,38571659,1,0,F,316.36734783245918834,217
1202117,38571659,2,0,F,316.36734783245918834,217
1202118,38571431,1,0,F,74.02329841685754275,413
1202118,38571431,2,0,F,74.02329841685754275,413
1202119,38507983,1,0,F,266.03868288373081441,742
1202119,38507983,2,0,F,266.03868288373081441,742
1202120,38576982,1,0,F,314.10550428325240091,13068
1202120,38576982,2,0,F,314.10550428325240091,13068
1202120,38576983,1,0,F,297.40960950017023379,8085
1202120,38576983,2,0,F,297.40960950017023379,8085
1202121,38508076,1,0,F,171.16961509358813487,5241
1202121,38508076,2,0,F,171.16961509358813487,5241
1202121,38576993,1,0,F,286.49910575537217028,10085
1202121,38576993,2,0,F,286.49910575537217028,10085
1202121,38576994,1,0,F,221.00412587573774204,9552
1202121,38576994,2,0,F,221.00412587573774204,9552
1202121,38587292,1,0,F,181.99328321959086452,5770
1202121,38587292,2,0,F,181.99328321959086452,5770
1202121,41005212,1,0,F,480.57715604099399798,21982
1202121,41005212,2,0,F,480.57715604099399798,21982
1202121,41005219,1,0,F,331.32104825187161623,11726
1202121,41005219,2,0,F,331.32104825187161623,11726
1202122,38508721,1,0,F,252.30687546970781909,1097
1202122,38508721,2,0,F,252.30687546970781909,1097
1202123,41005101,1,0,F,1596.71516719120290873,1
1202123,41005101,2,0,F,1596.71516719120290873,1
1202124,38571398,1,0,F,270.13373294711874451,4872
1202124,38571398,2,0,F,270.13373294711874451,4872
1202124,38580407,1,0,F,281.51860748416623892,5896
1202124,38580407,2,0,F,281.51860748416623892,5896
1202124,41005176,1,0,F,289.05272439629732162,3107
1202124,41005176,2,0,F,289.05272439629732162,3107
1202125,38571515,1,0,F,221.96485078469746099,1330
1202125,38571515,2,0,F,221.96485078469746099,1330
1202126,38508718,1,0,F,223.92098457317584348,311
1202126,38508718,2,0,F,223.92098457317584348,311
1202126,38508881,1,0,F,181.65512465038764844,735
1202126,38508881,2,0,F,181.65512465038764844,735
1202127,38508717,1,0,F,134.05565323139828138,669
1202127,38508717,2,0,F,134.05565323139828138,669
1202128,41005283,1,0,F,277.42095979283863016,930
1202128,41005283,2,0,F,277.42095979283863016,930
1202129,38587810,1,0,F,1056.19652777068904470,1
1202129,38587810,2,0,F,1056.19652777068904470,1
1202130,41005309,1,0,F,207.99221261046116638,550
1202130,41005309,2,0,F,207.99221261046116638,550
1202131,38587811,1,0,F,190.00325309056890433,338
1202131,38587811,2,0,F,190.00325309056890433,338
1202131,41005304,1,0,F,387.61331631218507709,4818
1202131,41005304,2,0,F,387.61331631218507709,4818
1202132,38576978,1,0,F,467.47019211384770188,180
1202132,38576978,2,0,F,467.47019211384770188,180
1202132,41005224,1,0,F,351.46824966444057736,5071
1202132,41005224,2,0,F,351.46824966444057736,5071
1202132,41005238,1,0,F,68.00000000000000000,100
1202132,41005238,2,0,F,68.00000000000000000,100
1202133,38507062,1,0,F,327.61516435029733429,1949
1202133,38507062,2,0,F,327.61516435029733429,1949
1202133,38507251,1,0,F,211.67085992584304677,4001
1202133,38507251,2,0,F,211.67085992584304677,4001
1202133,38577018,1,0,F,307.97944888608066094,5323
1202133,38577018,2,0,F,307.97944888608066094,5323
1202133,38577022,1,0,F,307.27250971665205270,5219
1202133,38577022,2,0,F,307.27250971665205270,5219
1202133,38589002,1,0,F,288.25661714284973414,7689
1202133,38589002,2,0,F,288.25661714284973414,7689
1202133,38595603,1,0,F,390.90149719018921814,3832
1202133,38595603,2,0,F,390.90149719018921814,3832
1202134,38507053,1,0,F,216.92441678628367185,5900
1202134,38507053,2,0,F,216.92441678628367185,5900
1202134,38530259,1,0,F,306.67011525068886613,10710
1202134,38530259,2,0,F,306.67011525068886613,10710
1202134,38577012,1,0,F,293.77300892848541025,8502
1202134,38577012,2,0,F,293.77300892848541025,8502
1202134,38577014,1,0,F,198.39306900098671349,3146
1202134,38577014,2,0,F,198.39306900098671349,3146
1202134,38577015,1,0,F,217.97832059221281042,5622
1202134,38577015,2,0,F,217.97832059221281042,5622
1202134,41005270,1,0,F,340.48906811935489714,9396
1202134,41005270,2,0,F,340.48906811935489714,9396
1202135,38508721,1,0,F,1173.34114037238509809,1
1202135,38508721,2,0,F,1173.34114037238509809,1
1202135,38571513,1,0,F,459.59825086356880774,1890
1202135,38571513,2,0,F,459.59825086356880774,1890
1202135,38571514,1,0,F,319.84759704342144460,5706
1202135,38571514,2,0,F,319.84759704342144460,5706
1202135,38571516,1,0,F,1321.83233556448089985,1
1202135,38571516,2,0,F,1321.83233556448089985,1
1202135,38581330,1,0,F,384.63342531809286129,1448
1202135,38581330,2,0,F,384.63342531809286129,1448
1202135,41005274,1,0,F,570.63353278625845633,6082
1202135,41005274,2,0,F,570.63353278625845633,6082
1202136,41005274,1,0,F,1055.62052755859758690,1
1202136,41005274,2,0,F,1055.62052755859758690,1
1202137,38581327,1,0,F,295.74987388385233089,6573
1202137,38581327,2,0,F,295.74987388385233089,6573
1202138,38508072,1,0,F,250.11462726672795043,7168
1202138,38508072,2,0,F,250.11462726672795043,7168
1202138,41005264,1,0,F,396.24552200246756684,1608
1202138,41005264,2,0,F,396.24552200246756684,1608
1202139,38577027,1,0,F,252.64776808102740802,6081
1202139,38577027,2,0,F,252.64776808102740802,6081
1202139,38577028,1,0,F,280.12960987604662932,10197
1202139,38577028,2,0,F,280.12960987604662932,10197
1202140,38577003,1,0,F,260.73817931286271232,15068
1202140,38577003,2,0,F,260.73817931286271232,15068
1202140,38577006,1,0,F,256.52139150977052395,21200
1202140,38577006,2,0,F,256.52139150977052395,21200
1202140,38577007,1,0,F,241.87004545593418925,5780
1202140,38577007,2,0,F,241.87004545593418925,5780
1202140,38577008,1,0,F,310.04600732872376057,5681
1202140,38577008,2,0,F,310.04600732872376057,5681
1202141,38576999,1,0,F,271.51150836766606744,5420
1202141,38576999,2,0,F,271.51150836766606744,5420
1202141,38577004,1,0,F,322.09190710401259139,8070
1202141,38577004,2,0,F,322.09190710401259139,8070
1202141,38590007,1,0,F,228.49309423998397506,6753
1202141,38590007,2,0,F,228.49309423998397506,6753
1202141,38590052,1,0,F,216.03503389402951029,6985
1202141,38590052,2,0,F,216.03503389402951029,6985
1202141,41005215,1,0,F,272.26139715097048111,11467
1202141,41005215,2,0,F,272.26139715097048111,11467
1202142,41005265,1,0,F,325.57546406098674652,3107
1202142,41005265,2,0,F,325.57546406098674652,3107
1202143,38587776,1,0,F,423.00000000000000000,100
1202143,38587776,2,0,F,423.00000000000000000,100
1202143,38588267,1,0,F,196.75165161287100091,7574
1202143,38588267,2,0,F,196.75165161287100091,7574
1202143,38588269,1,0,F,197.96423859372077914,3988
1202143,38588269,2,0,F,197.96423859372077914,3988
1202143,38588275,1,0,F,210.51217999636466516,8358
1202143,38588275,2,0,F,210.51217999636466516,8358
1202143,41005233,1,0,F,378.70890482110343100,3388
1202143,41005233,2,0,F,378.70890482110343100,3388
1202143,41005259,1,0,F,318.38997595216335412,7868
1202143,41005259,2,0,F,318.38997595216335412,7868
1202144,38507990,1,0,F,483.34442865658098754,3108
1202144,38507990,2,0,F,483.34442865658098754,3108
1202144,38571631,1,0,F,1905.48374093376628480,1
1202144,38571631,2,0,F,1905.48374093376628480,1
1202145,38588264,1,0,F,199.54344849636080994,3852
1202145,38588264,2,0,F,199.54344849636080994,3852
1202145,38588270,1,0,F,277.65819050140800073,5932
1202145,38588270,2,0,F,277.65819050140800073,5932
1202146,38507734,1,0,F,297.04507703691149345,451
1202146,38507734,2,0,F,297.04507703691149345,451
1202147,41005286,1,0,F,429.41643775522362603,6368
1202147,41005286,2,0,F,429.41643775522362603,6368
1202148,38576459,1,0,F,292.25593565553225517,2628
1202148,38576459,2,0,F,292.25593565553225517,2628
1202148,38576998,1,0,F,325.78071064315372496,5266
1202148,38576998,2,0,F,325.78071064315372496,5266
1202148,38589010,1,0,F,231.28880409271857843,5634
1202148,38589010,2,0,F,231.28880409271857843,5634
1202148,41005248,1,0,F,401.98104056722661426,9659
1202148,41005248,2,0,F,401.98104056722661426,9659
1202149,38588623,1,0,F,199.79521508322466161,857
1202149,38588623,2,0,F,199.79521508322466161,857
1202150,38508094,1,0,F,229.69372870274008847,1399
1202150,38508094,2,0,F,229.69372870274008847,1399
1202151,41005289,1,0,F,343.95184030195252944,1324
1202151,41005289,2,0,F,343.95184030195252944,1324
1202151,41005310,1,0,F,409.89547950469057014,3320
1202151,41005310,2,0,F,409.89547950469057014,3320
1202152,38508894,1,0,F,233.45185258881735990,2245
1202152,38508894,2,0,F,233.45185258881735990,2245
1202153,38507714,1,0,F,1789.74958960289836796,1
1202153,38507714,2,0,F,1789.74958960289836796,1
1202153,38507715,1,0,F,234.44752744616624796,682
1202153,38507715,2,0,F,234.44752744616624796,682
1202153,38507986,1,0,F,83.17001753294749733,351
1202153,38507986,2,0,F,83.17001753294749733,351
1202153,38580568,1,0,F,386.47474675648339826,1936
1202153,38580568,2,0,F,386.47474675648339826,1936
1202154,38507250,1,0,F,229.90638445018552716,4787
1202154,38507250,2,0,F,229.90638445018552716,4787
1202154,38576100,1,0,F,361.96506370956137744,2849
1202154,38576100,2,0,F,361.96506370956137744,2849
1202154,38581859,1,0,F,218.30977992002831911,5143
1202154,38581859,2,0,F,218.30977992002831911,5143
1202156,8589198,1,0,F,242.72128151869694079,4765
1202156,8589198,2,0,F,242.72128151869694079,4765
1202156,38507063,1,0,F,252.86488493134618238,4952
1202156,38507063,2,0,F,252.86488493134618238,4952
1202156,38571723,1,0,F,278.33542841529668976,3936
1202156,38571723,2,0,F,278.33542841529668976,3936
1202156,38571742,1,0,F,292.83859028080661346,6055
1202156,38571742,2,0,F,292.83859028080661346,6055
1202156,41005412,1,0,F,417.67413089192598363,7284
1202156,41005412,2,0,F,417.67413089192598363,7284
1202158,38508779,1,0,F,55.00845270791592156,2332
1202158,38508779,2,0,F,55.00845270791592156,2332
1202159,38571628,1,0,F,400.59342954932128578,2790
1202159,38571628,2,0,F,400.59342954932128578,2790
1202160,38577026,1,0,F,213.46777230430981831,5402
1202160,38577026,2,0,F,213.46777230430981831,5402
1202160,41005362,1,0,F,526.03929903874904994,4611
1202160,41005362,2,0,F,526.03929903874904994,4611
1202161,38571734,1,0,F,396.75582979143160856,6104
1202161,38571734,2,0,F,396.75582979143160856,6104
1202161,38582749,1,0,F,347.55241502155547551,8845
1202161,38582749,2,0,F,347.55241502155547551,8845
1202162,38571732,1,0,F,111.96469351310278739,1910
1202162,38571732,2,0,F,111.96469351310278739,1910
1202164,38571621,1,0,F,200.38426281897000081,5344
1202164,38571621,2,0,F,200.38426281897000081,5344
1202164,38578963,1,0,F,240.34156499314275379,8253
1202164,38578963,2,0,F,240.34156499314275379,8253
1202164,38578968,1,0,F,157.75356381929907457,5791
1202164,38578968,2,0,F,157.75356381929907457,5791
1202164,38579026,1,0,F,167.49407223897918584,7832
1202164,38579026,2,0,F,167.49407223897918584,7832
1202164,38579069,1,0,F,222.38044287514077268,4422
1202164,38579069,2,0,F,222.38044287514077268,4422
1202164,38579087,1,0,F,286.32683408465572938,4076
1202164,38579087,2,0,F,286.32683408465572938,4076
1202164,38581897,1,0,F,162.93238988917721599,9531
1202164,38581897,2,0,F,162.93238988917721599,9531
1202164,41005407,1,0,F,396.41071218207844140,21197
1202164,41005407,2,0,F,396.41071218207844140,21197
1202165,41005431,1,0,F,1653.22385676088356377,1
1202165,41005431,2,0,F,1653.22385676088356377,1
1202166,38588257,1,0,F,248.60246841219611724,538
1202166,38588257,2,0,F,248.60246841219611724,538
1202167,41005501,1,0,F,574.32039411331811607,351
1202167,41005501,2,0,F,574.32039411331811607,351
1202168,38571623,1,0,F,127.26612440409130045,1550
1202168,38571623,2,0,F,127.26612440409130045,1550
1202168,38571624,1,0,F,91.55656611597829908,4214
1202168,38571624,2,0,F,91.55656611597829908,4214
1202168,38571626,1,0,F,244.47227397018463080,4768
1202168,38571626,2,0,F,244.47227397018463080,4768
1202169,41005501,1,0,F,544.27797005854438339,2350
1202169,41005501,2,0,F,544.27797005854438339,2350
1202170,38593311,1,0,F,297.90234344713149994,927
1202170,38593311,2,0,F,297.90234344713149994,927
1202171,41005920,1,0,F,2044.09354150801777905,1
1202171,41005920,2,0,F,2044.09354150801777905,1
1202172,38588253,1,0,F,349.63151584141996864,8702
1202172,38588253,2,0,F,349.63151584141996864,8702
1202172,38588254,1,0,F,389.04842056021720964,5326
1202172,38588254,2,0,F,389.04842056021720964,5326
1202172,38588706,1,0,F,250.92214520786697562,5778
1202172,38588706,2,0,F,250.92214520786697562,5778
1202173,38583108,1,0,F,221.18044117062441956,675
1202173,38583108,2,0,F,221.18044117062441956,675
1202174,38508785,1,0,F,228.35276673106849898,1956
1202174,38508785,2,0,F,228.35276673106849898,1956
1202175,38571759,1,0,F,349.27712443359718009,3010
1202175,38571759,2,0,F,349.27712443359718009,3010
1202175,41005955,1,0,F,351.41596215994121621,6216
1202175,41005955,2,0,F,351.41596215994121621,6216
1202176,41005841,1,0,F,397.29122092441997438,370
1202176,41005841,2,0,F,397.29122092441997438,370
1202177,38571747,1,0,F,371.62975042828298911,9600
1202177,38571747,2,0,F,371.62975042828298911,9600
1202178,38575852,1,0,F,312.56527568329755695,4295
1202178,38575852,2,0,F,312.56527568329755695,4295
1202178,41005922,1,0,F,234.00552945277016192,494
1202178,41005922,2,0,F,234.00552945277016192,494
1202179,41005900,1,0,F,379.58684233672590835,4582
1202179,41005900,2,0,F,379.58684233672590835,4582
1202180,38576574,1,0,F,1914.31853021444908336,1
1202180,38576574,2,0,F,1914.31853021444908336,1
1202181,38576611,1,0,F,352.22526729170493809,608
1202181,38576611,2,0,F,352.22526729170493809,608
1202181,41005900,1,0,F,425.30997488093169068,4507
1202181,41005900,2,0,F,425.30997488093169068,4507
1202182,41005920,1,0,F,354.28858101108227174,467
1202182,41005920,2,0,F,354.28858101108227174,467
1202183,41005920,1,0,F,1334.31740580175005562,1
1202183,41005920,2,0,F,1334.31740580175005562,1
1202184,38588705,1,0,F,1277.84569332546971054,1
1202184,38588705,2,0,F,1277.84569332546971054,1
1202185,38508751,1,0,F,469.48141972481630546,1601
1202185,38508751,2,0,F,469.48141972481630546,1601
1202186,41006043,1,0,F,381.72808021812323886,1845
1202186,41006043,2,0,F,381.72808021812323886,1845
1202187,41006043,1,0,F,2489.19297501795472272,1
1202187,41006043,2,0,F,2489.19297501795472272,1
1202188,38508750,1,0,F,2072.91159421731072143,1
1202188,38508750,2,0,F,2072.91159421731072143,1
1202189,38508664,1,0,F,220.99390536584746769,489
1202189,38508664,2,0,F,220.99390536584746769,489
1202190,38576614,1,0,F,290.69127897309834907,2198
1202190,38576614,2,0,F,290.69127897309834907,2198
1202191,41006127,1,0,F,446.44465459266001517,719
1202191,41006127,2,0,F,446.44465459266001517,719
1202192,38576891,1,0,F,154.07039830417392068,251
1202192,38576891,2,0,F,154.07039830417392068,251
1202193,41005848,1,0,F,305.07274054875091451,1815
1202193,41005848,2,0,F,305.07274054875091451,1815
1202194,38576892,1,0,F,451.54308781175257081,1068
1202194,38576892,2,0,F,451.54308781175257081,1068
1202195,41006016,1,0,F,475.88223318812782736,9657
1202195,41006016,2,0,F,475.88223318812782736,9657
1202196,41005974,1,0,F,447.24471409914957576,11671
1202196,41005974,2,0,F,447.24471409914957576,11671
1202197,38576902,1,0,F,277.62918019798826208,1260
1202197,38576902,2,0,F,277.62918019798826208,1260
1202198,38578123,1,0,F,279.03588481843723912,1316
1202198,38578123,2,0,F,279.03588481843723912,1316
1202200,38508702,1,0,F,95.14009821064372829,3288
1202200,38508702,2,0,F,95.14009821064372829,3288
1202200,38587597,1,0,F,234.40069359898774337,139
1202200,38587597,2,0,F,234.40069359898774337,139
1202201,41006026,1,0,F,405.51598488755121252,2690
1202201,41006026,2,0,F,405.51598488755121252,2690
1202202,38500480,1,0,F,274.94886090113016053,1542
1202202,38500480,2,0,F,274.94886090113016053,1542
1202203,38576915,1,0,F,174.86683486498739626,395
1202203,38576915,2,0,F,174.86683486498739626,395
1202204,38576913,1,0,F,236.31087822488038341,1078
1202204,38576913,2,0,F,236.31087822488038341,1078
1202205,38576911,1,0,F,180.44601417881207794,1891
1202205,38576911,2,0,F,180.44601417881207794,1891
1202206,38500479,1,0,F,313.42744332092325976,3815
1202206,38500479,2,0,F,313.42744332092325976,3815
1202207,38576911,1,0,F,854.11664683944400167,1
1202207,38576911,2,0,F,854.11664683944400167,1
1202208,38576893,1,0,F,1444.28844045306186672,1
1202208,38576893,2,0,F,1444.28844045306186672,1
1202208,41006120,1,0,F,405.39400464454121220,6229
1202208,41006120,2,0,F,405.39400464454121220,6229
1202208,41006135,1,0,F,270.23160463852696012,1832
1202208,41006135,2,0,F,270.23160463852696012,1832
1202209,38576912,1,0,F,1683.31250653290840091,1
1202209,38576912,2,0,F,1683.31250653290840091,1
1202210,38500479,1,0,F,443.42430686134235884,2720
1202210,38500479,2,0,F,443.42430686134235884,2720
1202210,38576916,1,0,F,188.31429516766536381,3617
1202210,38576916,2,0,F,188.31429516766536381,3617
1202210,38576917,1,0,F,302.55110729930493108,7068
1202210,38576917,2,0,F,302.55110729930493108,7068
1202210,38576918,1,0,F,348.41039210103315327,3264
1202210,38576918,2,0,F,348.41039210103315327,3264
1202210,38576919,1,0,F,317.86816534425702230,4025
1202210,38576919,2,0,F,317.86816534425702230,4025
1202211,38576952,1,0,F,255.36321240691745516,1004
1202211,38576952,2,0,F,255.36321240691745516,1004
1202211,38576954,1,0,F,180.05537233779190842,373
1202211,38576954,2,0,F,180.05537233779190842,373
1202212,38576920,1,0,F,1516.87625539230907634,1
1202212,38576920,2,0,F,1516.87625539230907634,1
1202213,41006174,1,0,F,118.60397807476527987,498
1202213,41006174,2,0,F,118.60397807476527987,498
1202214,38508700,1,0,F,112.12586956566595120,659
1202214,38508700,2,0,F,112.12586956566595120,659
1202215,38591888,1,0,F,2637.65981401608905799,1
1202215,38591888,2,0,F,2637.65981401608905799,1
1202216,38508960,1,0,F,244.85133860369390391,4277
1202216,38508960,2,0,F,244.85133860369390391,4277
1202216,38576923,1,0,F,290.07730971998836367,2319
1202216,38576923,2,0,F,290.07730971998836367,2319
1202217,38576944,1,0,F,278.71464360194022447,1918
1202217,38576944,2,0,F,278.71464360194022447,1918
1202218,38571552,1,0,F,58.61052536009147218,98
1202218,38571552,2,0,F,58.61052536009147218,98
1202219,38508998,1,0,F,344.76680479804281276,1670
1202219,38508998,2,0,F,344.76680479804281276,1670
1202220,41006252,1,0,F,186.50706693069955122,1773
1202220,41006252,2,0,F,186.50706693069955122,1773
1202220,41006261,1,0,F,292.98865408122992449,1623
1202220,41006261,2,0,F,292.98865408122992449,1623
1202220,41006270,1,0,F,318.95971673436008587,2226
1202220,41006270,2,0,F,318.95971673436008587,2226
1202221,38571549,1,0,F,225.17152251614962211,660
1202221,38571549,2,0,F,225.17152251614962211,660
1202222,41006240,1,0,F,708.92841007752736004,349
1202222,41006240,2,0,F,708.92841007752736004,349
1202223,38571559,1,0,F,139.77680377531333988,578
1202223,38571559,2,0,F,139.77680377531333988,578
1202224,41006314,1,0,F,1567.07385606131038003,1
1202224,41006314,2,0,F,1567.07385606131038003,1
1202225,38576924,1,0,F,200.27615502779386247,4612
1202225,38576924,2,0,F,200.27615502779386247,4612
1202225,38576949,1,0,F,234.21369879675131642,5524
1202225,38576949,2,0,F,234.21369879675131642,5524
1202225,38589934,1,0,F,192.33108425120511242,8324
1202225,38589934,2,0,F,192.33108425120511242,8324
1202225,38589940,1,0,F,313.57680875021270595,10266
1202225,38589940,2,0,F,313.57680875021270595,10266
1202225,41006276,1,0,F,398.16065717460992346,10600
1202225,41006276,2,0,F,398.16065717460992346,10600
1202226,38576926,1,0,F,204.43756797906885936,4200
1202226,38576926,2,0,F,204.43756797906885936,4200
1202226,38576945,1,0,F,262.09654697504288379,9674
1202226,38576945,2,0,F,262.09654697504288379,9674
1202226,38589201,1,0,F,218.00885615922317129,6865
1202226,38589201,2,0,F,218.00885615922317129,6865
1202226,38589931,1,0,F,204.33596628645270243,4062
1202226,38589931,2,0,F,204.33596628645270243,4062
1202226,38589937,1,0,F,295.51691517079626692,14843
1202226,38589937,2,0,F,295.51691517079626692,14843
1202226,41006276,1,0,F,646.56242814684355835,10720
1202226,41006276,2,0,F,646.56242814684355835,10720
1202227,38576930,1,0,F,56.65536804822303196,417
1202227,38576930,2,0,F,56.65536804822303196,417
1202227,38580401,1,0,F,849.28063118875661530,1
1202227,38580401,2,0,F,849.28063118875661530,1
1202228,38571546,1,0,F,148.76313485577819051,1112
1202228,38571546,2,0,F,148.76313485577819051,1112
1202228,41006305,1,0,F,555.99185642810061836,229
1202228,41006305,2,0,F,555.99185642810061836,229
1202229,41006314,1,0,F,222.31198876537058595,166
1202229,41006314,2,0,F,222.31198876537058595,166
1202229,41006315,1,0,F,376.96407221926330067,2478
1202229,41006315,2,0,F,376.96407221926330067,2478
1202230,41006298,1,0,F,358.01132437202522851,3577
1202230,41006298,2,0,F,358.01132437202522851,3577
1202231,38571559,1,0,F,1867.03682813870750579,1
1202231,38571559,2,0,F,1867.03682813870750579,1
1202232,41006336,1,0,F,494.89509213072511784,891
1202232,41006336,2,0,F,494.89509213072511784,891
1202233,41006334,1,0,F,379.38644700300062595,1719
1202233,41006334,2,0,F,379.38644700300062595,1719
1202234,41006344,1,0,F,306.79102963967687856,6173
1202234,41006344,2,0,F,306.79102963967687856,6173
1202235,38508656,1,0,F,229.45157837872096707,1900
1202235,38508656,2,0,F,229.45157837872096707,1900
1202236,38576932,1,0,F,341.23805010609692090,48
1202236,38576932,2,0,F,341.23805010609692090,48
1202237,41006334,1,0,F,1422.78613393909790830,1
1202237,41006334,2,0,F,1422.78613393909790830,1
1202238,38576936,1,0,F,1898.80317140355509764,1
1202238,38576936,2,0,F,1898.80317140355509764,1
1202239,38508178,1,0,F,218.32641285687617483,3615
1202239,38508178,2,0,F,218.32641285687617483,3615
1202239,38508885,1,0,F,179.43169596652452924,7482
1202239,38508885,2,0,F,179.43169596652452924,7482
1202239,38571567,1,0,F,305.66910340966131798,6410
1202239,38571567,2,0,F,305.66910340966131798,6410
1202239,38571575,1,0,F,379.69781009990452958,5928
1202239,38571575,2,0,F,379.69781009990452958,5928
1202240,38576935,1,0,F,342.71196806713891192,3128
1202240,38576935,2,0,F,342.71196806713891192,3128
1202241,38576509,1,0,F,407.89799890019941131,3975
1202241,38576509,2,0,F,407.89799890019941131,3975
1202242,38571566,1,0,F,133.65411975312673576,704
1202242,38571566,2,0,F,133.65411975312673576,704
1202243,38504356,1,0,F,204.76786571830453454,1408
1202243,38504356,2,0,F,204.76786571830453454,1408
1202244,41004648,1,0,F,143.00682086800094339,835
1202244,41004648,2,0,F,143.00682086800094339,835
1202244,41004686,1,0,F,465.47431796903913437,367
1202244,41004686,2,0,F,465.47431796903913437,367
1202245,41004711,1,0,F,280.93336209804522241,1044
1202245,41004711,2,0,F,280.93336209804522241,1044
1202246,38594272,1,0,F,343.43106962119611580,4676
1202246,38594272,2,0,F,343.43106962119611580,4676
1202247,38504352,1,0,F,276.14835392858685736,3336
1202247,38504352,2,0,F,276.14835392858685736,3336
1202248,41004718,1,0,F,284.87461642559816255,2056
1202248,41004718,2,0,F,284.87461642559816255,2056
1202249,38504355,1,0,F,160.00000000000000000,5071
1202249,38504355,2,0,F,160.00000000000000000,5071
1202250,38576391,1,0,F,113.58777232112761624,11136
1202250,38576391,2,0,F,113.58777232112761624,11136
1202250,38576409,1,0,F,139.61268766797459762,9906
1202250,38576409,2,0,F,139.61268766797459762,9906
1202250,38576410,1,0,F,191.22093282279601567,9834
1202250,38576410,2,0,F,191.22093282279601567,9834
1202250,38579946,1,0,F,173.89624741744154335,10302
1202250,38579946,2,0,F,173.89624741744154335,10302
1202250,38587619,1,0,F,146.66803722431012602,8181
1202250,38587619,2,0,F,146.66803722431012602,8181
1202251,38504350,1,0,F,91.67205655239258988,6237
1202251,38504350,2,0,F,91.67205655239258988,6237
1202251,38576394,1,0,F,166.27897614657948111,4914
1202251,38576394,2,0,F,166.27897614657948111,4914
1202251,38576408,1,0,F,143.12913455872302393,8253
1202251,38576408,2,0,F,143.12913455872302393,8253
1202251,38576725,1,0,F,122.50562056584659842,12603
1202251,38576725,2,0,F,122.50562056584659842,12603
1202251,38587614,1,0,F,141.67542048239997143,10083
1202251,38587614,2,0,F,141.67542048239997143,10083
1202251,38587616,1,0,F,241.75239448700114053,3980
1202251,38587616,2,0,F,241.75239448700114053,3980
1202251,38592469,1,0,F,179.31447721560326158,6648
1202251,38592469,2,0,F,179.31447721560326158,6648
1202251,38593374,1,0,F,118.76076279865981178,6282
1202251,38593374,2,0,F,118.76076279865981178,6282
1202251,38593375,1,0,F,218.20096007358969814,9036
1202251,38593375,2,0,F,218.20096007358969814,9036
1202252,38576411,1,0,F,140.51247809903520647,8031
1202252,38576411,2,0,F,140.51247809903520647,8031
1202252,38576724,1,0,F,322.15035449927279387,8351
1202252,38576724,2,0,F,322.15035449927279387,8351
1202252,38587621,1,0,F,163.34850831120689918,4986
1202252,38587621,2,0,F,163.34850831120689918,4986
1202252,38593321,1,0,F,130.08823901662148614,7644
1202252,38593321,2,0,F,130.08823901662148614,7644
1202252,38593369,1,0,F,202.99438812563835199,8040
1202252,38593369,2,0,F,202.99438812563835199,8040
1202252,38593375,1,0,F,286.41303512703530032,5351
1202252,38593375,2,0,F,286.41303512703530032,5351
1202252,38593376,1,0,F,257.17496718558311386,6486
1202252,38593376,2,0,F,257.17496718558311386,6486
1202253,38593315,1,0,F,156.84974712859829538,8765
1202253,38593315,2,0,F,156.84974712859829538,8765
1202253,38593342,1,0,F,262.12762594804144101,7593
1202253,38593342,2,0,F,262.12762594804144101,7593
1202253,38593347,1,0,F,172.29428898912328805,8097
1202253,38593347,2,0,F,172.29428898912328805,8097
1202253,38595071,1,0,F,222.92891361722004717,6975
1202253,38595071,2,0,F,222.92891361722004717,6975
1202254,38587276,1,0,F,252.86534223209201855,6098
1202254,38587276,2,0,F,252.86534223209201855,6098
1202254,38587618,1,0,F,160.19711446433009883,4688
1202254,38587618,2,0,F,160.19711446433009883,4688
1202254,38587622,1,0,F,182.07105921226880696,3636
1202254,38587622,2,0,F,182.07105921226880696,3636
1202254,38587623,1,0,F,201.76660599418627839,3249
1202254,38587623,2,0,F,201.76660599418627839,3249
1202254,38587624,1,0,F,329.74870368166318713,7449
1202254,38587624,2,0,F,329.74870368166318713,7449
1202254,38587898,1,0,F,245.59345564625564862,16550
1202254,38587898,2,0,F,245.59345564625564862,16550
1202254,38593368,1,0,F,148.47005962540876567,8703
1202254,38593368,2,0,F,148.47005962540876567,8703
1202255,38576723,1,0,F,171.06644037152307192,6520
1202255,38576723,2,0,F,171.06644037152307192,6520
1202255,38587899,1,0,F,185.89135893043115288,7164
1202255,38587899,2,0,F,185.89135893043115288,7164
1202255,38592467,1,0,F,213.84010922690359280,7378
1202255,38592467,2,0,F,213.84010922690359280,7378
1202255,38593332,1,0,F,351.80454764187982164,4479
1202255,38593332,2,0,F,351.80454764187982164,4479
1202255,38593354,1,0,F,310.20965224107396807,5886
1202255,38593354,2,0,F,310.20965224107396807,5886
1202255,38593370,1,0,F,282.61771417256744598,6096
1202255,38593370,2,0,F,282.61771417256744598,6096
1202255,38593378,1,0,F,144.65043794149625001,4340
1202255,38593378,2,0,F,144.65043794149625001,4340
1202255,41004777,1,0,F,416.92557998091666605,12816
1202255,41004777,2,0,F,416.92557998091666605,12816
1202255,41004797,1,0,F,235.66195798194416966,4988
1202255,41004797,2,0,F,235.66195798194416966,4988
1202256,38571206,1,0,F,249.72419690075443555,4662
1202256,38571206,2,0,F,249.72419690075443555,4662
1202256,41004725,1,0,F,265.34257921979173034,2505
1202256,41004725,2,0,F,265.34257921979173034,2505
1202257,38571202,1,0,F,143.14327171354165102,7580
1202257,38571202,2,0,F,143.14327171354165102,7580
1202257,38571204,1,0,F,274.70282074923937898,7625
1202257,38571204,2,0,F,274.70282074923937898,7625
1202257,41004740,1,0,F,476.00349110992806345,22492
1202257,41004740,2,0,F,476.00349110992806345,22492
1202258,38571208,1,0,F,413.70335034488402925,5309
1202258,38571208,2,0,F,413.70335034488402925,5309
1202259,38587315,1,0,F,364.43669588911558321,2929
1202259,38587315,2,0,F,364.43669588911558321,2929
1202259,38592486,1,0,F,233.16637856644203453,5244
1202259,38592486,2,0,F,233.16637856644203453,5244
1202259,38594344,1,0,F,232.28886319209618705,5636
1202259,38594344,2,0,F,232.28886319209618705,5636
1202260,38592479,1,0,F,262.29646090978206985,5461
1202260,38592479,2,0,F,262.29646090978206985,5461
1202261,38576416,1,0,F,198.18892086448983036,5840
1202261,38576416,2,0,F,198.18892086448983036,5840
1202261,38576419,1,0,F,272.79599713025726260,6049
1202261,38576419,2,0,F,272.79599713025726260,6049
1202261,38576447,1,0,F,266.60281236357008083,8244
1202261,38576447,2,0,F,266.60281236357008083,8244
1202262,38587639,1,0,F,336.79366025892289827,4771
1202262,38587639,2,0,F,336.79366025892289827,4771
1202263,38587638,1,0,F,271.75052519015048347,3825
1202263,38587638,2,0,F,271.75052519015048347,3825
1202264,38593252,1,0,F,315.22131772986966780,10998
1202264,38593252,2,0,F,315.22131772986966780,10998
1202265,38587630,1,0,F,272.80654899515729994,1498
1202265,38587630,2,0,F,272.80654899515729994,1498
1202266,38587627,1,0,F,314.15102593194137626,10290
1202266,38587627,2,0,F,314.15102593194137626,10290
1202266,41004833,1,0,F,588.83116631425025389,4538
1202266,41004833,2,0,F,588.83116631425025389,4538
1202267,38587611,1,0,F,260.54790842082525160,1726
1202267,38587611,2,0,F,260.54790842082525160,1726
1202268,38576720,1,0,F,300.86552007016723564,2775
1202268,38576720,2,0,F,300.86552007016723564,2775
1202268,38594167,1,0,F,122.99353028730797632,1085
1202268,38594167,2,0,F,122.99353028730797632,1085
1202269,38587608,1,0,F,245.37703488113245953,1264
1202269,38587608,2,0,F,245.37703488113245953,1264
1202270,38504545,1,0,F,243.59159837268160231,4230
1202270,38504545,2,0,F,243.59159837268160231,4230
1202271,38577946,1,0,F,183.75546077184938554,6027
1202271,38577946,2,0,F,183.75546077184938554,6027
1202271,38577947,1,0,F,279.68968513958839139,4994
1202271,38577947,2,0,F,279.68968513958839139,4994
1202271,38577949,1,0,F,211.70243791030205216,4620
1202271,38577949,2,0,F,211.70243791030205216,4620
1202271,38577954,1,0,F,221.37303654059164160,4472
1202271,38577954,2,0,F,221.37303654059164160,4472
1202271,41004859,1,0,F,535.98062062239466741,3554
1202271,41004859,2,0,F,535.98062062239466741,3554
1202272,38571507,1,0,F,465.67062536992006017,1920
1202272,38571507,2,0,F,465.67062536992006017,1920
1202272,41005337,1,0,F,378.34868879998907687,6316
1202272,41005337,2,0,F,378.34868879998907687,6316
1202274,38576449,1,0,F,97.34530500532909514,832
1202274,38576449,2,0,F,97.34530500532909514,832
1202275,38508079,1,0,F,237.22163234591849346,3630
1202275,38508079,2,0,F,237.22163234591849346,3630
1202276,41005403,1,0,F,303.53285362220970001,1412
1202276,41005403,2,0,F,303.53285362220970001,1412
1202277,38587812,1,0,F,135.90787454922465827,445
1202277,38587812,2,0,F,135.90787454922465827,445
1202278,38576445,1,0,F,294.10955148765873446,3637
1202278,38576445,2,0,F,294.10955148765873446,3637
1202278,38576446,1,0,F,395.99688943456629886,6578
1202278,38576446,2,0,F,395.99688943456629886,6578
1202278,41005360,1,0,F,2042.05118716513743493,1
1202278,41005360,2,0,F,2042.05118716513743493,1
1202279,41005385,1,0,F,278.99612894779488670,1268
1202279,41005385,2,0,F,278.99612894779488670,1268
1202280,38571505,1,0,F,291.51580313610924122,5732
1202280,38571505,2,0,F,291.51580313610924122,5732
1202280,38571506,1,0,F,297.36974173516171049,2991
1202280,38571506,2,0,F,297.36974173516171049,2991
1202280,41005373,1,0,F,622.70375435882363035,4588
1202280,41005373,2,0,F,622.70375435882363035,4588
1202281,41005403,1,0,F,445.31603026899250608,1704
1202281,41005403,2,0,F,445.31603026899250608,1704
1202282,38589192,1,0,F,232.03612559767162793,6135
1202282,38589192,2,0,F,232.03612559767162793,6135
1202284,41005532,1,0,F,266.62425721171280202,2905
1202284,41005532,2,0,F,266.62425721171280202,2905
1202285,38589196,1,0,F,266.10560237086173174,4202
1202285,38589196,2,0,F,266.10560237086173174,4202
1202286,38589910,1,0,F,284.42384724562964493,2268
1202286,38589910,2,0,F,284.42384724562964493,2268
1202287,38576489,1,0,F,268.12122117271593424,5768
1202287,38576489,2,0,F,268.12122117271593424,5768
1202287,38576490,1,0,F,224.62853569719871416,8788
1202287,38576490,2,0,F,224.62853569719871416,8788
1202287,38587868,1,0,F,258.76618093304296053,7606
1202287,38587868,2,0,F,258.76618093304296053,7606
1202289,38591787,1,0,F,280.88152841647416835,438
1202289,38591787,2,0,F,280.88152841647416835,438
1202290,41005532,1,0,F,860.18000151221554006,1
1202290,41005532,2,0,F,860.18000151221554006,1
1202292,38571765,1,0,F,180.78570115616938097,3980
1202292,38571765,2,0,F,180.78570115616938097,3980
1202292,41006088,1,0,F,712.90583053758666665,1184
1202292,41006088,2,0,F,712.90583053758666665,1184
1202294,38587242,1,0,F,489.83704600101543747,2738
1202294,38587242,2,0,F,489.83704600101543747,2738
1202295,38508890,1,0,F,260.02403465697409501,4599
1202295,38508890,2,0,F,260.02403465697409501,4599
1202295,38576493,1,0,F,319.28781178031226773,4497
1202295,38576493,2,0,F,319.28781178031226773,4497
1202296,38508892,1,0,F,269.65727956700686718,3986
1202296,38508892,2,0,F,269.65727956700686718,3986
1202297,38508964,1,0,F,242.51023136855687312,537
1202297,38508964,2,0,F,242.51023136855687312,537
1202297,38508965,1,0,F,292.83093332457667657,136
1202297,38508965,2,0,F,292.83093332457667657,136
1202298,38508969,1,0,F,273.82596290737564004,2996
1202298,38508969,2,0,F,273.82596290737564004,2996
1202298,38576440,1,0,F,214.06018264103389015,5292
1202298,38576440,2,0,F,214.06018264103389015,5292
1202298,38587818,1,0,F,342.61169944506457341,9404
1202298,38587818,2,0,F,342.61169944506457341,9404
1202298,41005800,1,0,F,549.46616235071792289,4456
1202298,41005800,2,0,F,549.46616235071792289,4456
1202298,41005895,1,0,F,547.12049555727719508,19527
1202298,41005895,2,0,F,547.12049555727719508,19527
1202299,38576504,1,0,F,203.48202428260580632,13355
1202299,38576504,2,0,F,203.48202428260580632,13355
1202299,38587816,1,0,F,235.84681839498696831,7808
1202299,38587816,2,0,F,235.84681839498696831,7808
1202299,38588908,1,0,F,40.35759565992189124,5720
1202299,38588908,2,0,F,40.35759565992189124,5720
1202299,38588920,1,0,F,132.36500864210347572,8075
1202299,38588920,2,0,F,132.36500864210347572,8075
1202299,38588922,1,0,F,143.68341635913682808,6882
1202299,38588922,2,0,F,143.68341635913682808,6882
1202299,38591684,1,0,F,145.97378290313457683,6013
1202299,38591684,2,0,F,145.97378290313457683,6013
1202299,41005800,1,0,F,429.86291869487399708,7454
1202299,41005800,2,0,F,429.86291869487399708,7454
1202300,38587830,1,0,F,217.70151531875222872,5700
1202300,38587830,2,0,F,217.70151531875222872,5700
1202300,38593269,1,0,F,245.79079206552245296,7916
1202300,38593269,2,0,F,245.79079206552245296,7916
1202301,38587820,1,0,F,292.30430253690781228,3276
1202301,38587820,2,0,F,292.30430253690781228,3276
1202301,38587823,1,0,F,162.39225954456850332,5132
1202301,38587823,2,0,F,162.39225954456850332,5132
1202301,38587824,1,0,F,263.59587147876561630,3627
1202301,38587824,2,0,F,263.59587147876561630,3627
1202302,38593261,1,0,F,160.00943294202025413,310
1202302,38593261,2,0,F,160.00943294202025413,310
1202303,38589069,1,0,F,204.20802120498120757,5195
1202303,38589069,2,0,F,204.20802120498120757,5195
1202303,41006019,1,0,F,701.07434185994020481,447
1202303,41006019,2,0,F,701.07434185994020481,447
1202305,38571765,1,0,F,434.74827997644155175,3657
1202305,38571765,2,0,F,434.74827997644155175,3657
1202306,38593257,1,0,F,227.89595816018444907,782
1202306,38593257,2,0,F,227.89595816018444907,782
1202307,38576495,1,0,F,352.63493207564874865,1135
1202307,38576495,2,0,F,352.63493207564874865,1135
1202308,38589489,1,0,F,1181.94442601685227601,1
1202308,38589489,2,0,F,1181.94442601685227601,1
1202309,38593255,1,0,F,232.74035064839389975,557
1202309,38593255,2,0,F,232.74035064839389975,557
1202310,38571529,1,0,F,255.55301988376467648,3954
1202310,38571529,2,0,F,255.55301988376467648,3954
1202310,41006018,1,0,F,461.06959501525273026,3784
1202310,41006018,2,0,F,461.06959501525273026,3784
1202311,38508884,1,0,F,199.44418809318256081,1735
1202311,38508884,2,0,F,199.44418809318256081,1735
1202312,38508953,1,0,F,267.11060028824704204,3008
1202312,38508953,2,0,F,267.11060028824704204,3008
1202313,38571772,1,0,F,267.87415221945883559,2254
1202313,38571772,2,0,F,267.87415221945883559,2254
1202314,38508666,1,0,F,365.77383998258130759,444
1202314,38508666,2,0,F,365.77383998258130759,444
1202315,38588641,1,0,F,110.95380076153460891,3731
1202315,38588641,2,0,F,110.95380076153460891,3731
1202316,38571537,1,0,F,100.28154093612832298,1478
1202316,38571537,2,0,F,100.28154093612832298,1478
1202318,38576705,1,0,F,214.40283054246680194,1367
1202318,38576705,2,0,F,214.40283054246680194,1367
1202318,41006159,1,0,F,430.23841000885391850,4273
1202318,41006159,2,0,F,430.23841000885391850,4273
1202320,38588633,1,0,F,416.61005393670740204,4488
1202320,38588633,2,0,F,416.61005393670740204,4488
1202320,41006176,1,0,F,723.00408921009250207,1546
1202320,41006176,2,0,F,723.00408921009250207,1546
1202321,38508282,1,0,F,451.62855390107364428,993
1202321,38508282,2,0,F,451.62855390107364428,993
1202321,38587245,1,0,F,318.19434650900029737,3956
1202321,38587245,2,0,F,318.19434650900029737,3956
1202321,38587246,1,0,F,288.31152833464727792,2739
1202321,38587246,2,0,F,288.31152833464727792,2739
1202321,41006167,1,0,F,345.61365294604706833,4141
1202321,41006167,2,0,F,345.61365294604706833,4141
1202322,38576689,1,0,F,182.60627822975166623,1767
1202322,38576689,2,0,F,182.60627822975166623,1767
1202322,38587248,1,0,F,460.08239219515729701,671
1202322,38587248,2,0,F,460.08239219515729701,671
1202323,38508986,1,0,F,264.88253928404105864,985
1202323,38508986,2,0,F,264.88253928404105864,985
1202324,38588628,1,0,F,125.33416675384495420,1850
1202324,38588628,2,0,F,125.33416675384495420,1850
1202325,38508668,1,0,F,320.04040513802760870,1268
1202325,38508668,2,0,F,320.04040513802760870,1268
1202326,38508990,1,0,F,216.80576768449554947,4295
1202326,38508990,2,0,F,216.80576768449554947,4295
1202326,38576665,1,0,F,218.04251547098078845,4090
1202326,38576665,2,0,F,218.04251547098078845,4090
1202326,38576690,1,0,F,89.76882871829015187,4285
1202326,38576690,2,0,F,89.76882871829015187,4285
1202326,38576700,1,0,F,484.03748235693939250,994
1202326,38576700,2,0,F,484.03748235693939250,994
1202326,41006294,1,0,F,449.40170936115913491,34220
1202326,41006294,2,0,F,449.40170936115913491,34220
1202327,38508893,1,0,F,414.89363388044517933,1946
1202327,38508893,2,0,F,414.89363388044517933,1946
1202327,38576709,1,0,F,250.03602300443156992,1
1202327,38576709,2,0,F,250.03602300443156992,1
1202327,38576711,1,0,F,1917.20987474857497546,1
1202327,38576711,2,0,F,1917.20987474857497546,1
1202328,41006372,1,0,F,367.19515656730737874,6680
1202328,41006372,2,0,F,367.19515656730737874,6680
1202329,38508784,1,0,F,186.01772584269764366,1467
1202329,38508784,2,0,F,186.01772584269764366,1467
1202330,38588405,1,0,F,414.59018293874038363,1935
1202330,38588405,2,0,F,414.59018293874038363,1935
1202331,41004073,1,0,F,119.08290731603062795,481
1202331,41004073,2,0,F,119.08290731603062795,481
1202332,41004184,1,0,F,62.64131236496223210,816
1202332,41004184,2,0,F,62.64131236496223210,816
1202333,41004288,1,0,F,406.54250333134098128,1155
1202333,41004288,2,0,F,406.54250333134098128,1155
1202334,38500895,1,0,F,332.16002512293130167,13758
1202334,38500895,2,0,F,332.16002512293130167,13758
1202334,38504360,1,0,F,324.66136370629027397,8324
1202334,38504360,2,0,F,324.66136370629027397,8324
1202334,38576772,1,0,F,237.38507097469783957,3843
1202334,38576772,2,0,F,237.38507097469783957,3843
1202335,41004401,1,0,F,557.82594965460293679,2158
1202335,41004401,2,0,F,557.82594965460293679,2158
1202336,41004459,1,0,F,276.82409966293806747,659
1202336,41004459,2,0,F,276.82409966293806747,659
1202337,38500890,1,0,F,221.75655005714682488,109
1202337,38500890,2,0,F,221.75655005714682488,109
1202338,41004514,1,0,F,376.13757964713681758,1900
1202338,41004514,2,0,F,376.13757964713681758,1900
1202339,38504763,1,0,F,252.01474124742412641,1798
1202339,38504763,2,0,F,252.01474124742412641,1798
1202340,38571923,1,0,F,308.11956413172487146,4846
1202340,38571923,2,0,F,308.11956413172487146,4846
1202340,38571925,1,0,F,242.39655270391733666,3122
1202340,38571925,2,0,F,242.39655270391733666,3122
1202340,41004569,1,0,F,357.19043203734599956,2991
1202340,41004569,2,0,F,357.19043203734599956,2991
1202340,41004576,1,0,F,448.59596767548691787,2765
1202340,41004576,2,0,F,448.59596767548691787,2765
1202341,38571897,1,0,F,379.44165696187917547,6227
1202341,38571897,2,0,F,379.44165696187917547,6227
1202341,38583497,1,0,F,325.40844344123581777,9717
1202341,38583497,2,0,F,325.40844344123581777,9717
1202342,41004572,1,0,F,231.21326016687154947,835
1202342,41004572,2,0,F,231.21326016687154947,835
1202343,38504359,1,0,F,335.99719897898586396,2447
1202343,38504359,2,0,F,335.99719897898586396,2447
1202344,38504762,1,0,F,141.04192110569934471,765
1202344,38504762,2,0,F,141.04192110569934471,765
1202345,38504752,1,0,F,63.62850146359721748,806
1202345,38504752,2,0,F,63.62850146359721748,806
1202346,41004627,1,0,F,314.73707839107595419,1852
1202346,41004627,2,0,F,314.73707839107595419,1852
1202347,38571940,1,0,F,154.17545542119364654,1429
1202347,38571940,2,0,F,154.17545542119364654,1429
1202348,38576399,1,0,F,312.53259275188941047,4814
1202348,38576399,2,0,F,312.53259275188941047,4814
1202350,41004664,1,0,F,497.10949453908943951,2712
1202350,41004664,2,0,F,497.10949453908943951,2712
1202351,38571938,1,0,F,332.53719650854412748,1928
1202351,38571938,2,0,F,332.53719650854412748,1928
1202351,41004694,1,0,F,394.91383569004068477,5625
1202351,41004694,2,0,F,394.91383569004068477,5625
1202352,38571946,1,0,F,1224.55336010859241469,1
1202352,38571946,2,0,F,1224.55336010859241469,1
1202353,41004720,1,0,F,248.91835955276283698,572
1202353,41004720,2,0,F,248.91835955276283698,572
1202354,41004749,1,0,F,443.50883898430345198,2481
1202354,41004749,2,0,F,443.50883898430345198,2481
1202355,38571952,1,0,F,202.54256699963505639,141
1202355,38571952,2,0,F,202.54256699963505639,141
1202356,38581110,1,0,F,356.33727661270785347,3056
1202356,38581110,2,0,F,356.33727661270785347,3056
1202356,41004723,1,0,F,453.43440377487468140,4464
1202356,41004723,2,0,F,453.43440377487468140,4464
1202357,38571946,1,0,F,174.89391927566398977,67
1202357,38571946,2,0,F,174.89391927566398977,67
1202357,38571964,1,0,F,135.10794195647181937,158
1202357,38571964,2,0,F,135.10794195647181937,158
1202357,38583050,1,0,F,1493.33845405894794567,1
1202357,38583050,2,0,F,1493.33845405894794567,1
1202358,38582962,1,0,F,748.19281965120171662,1
1202358,38582962,2,0,F,748.19281965120171662,1
1202359,41004755,1,0,F,320.04344235299021193,256
1202359,41004755,2,0,F,320.04344235299021193,256
1202359,41004779,1,0,F,415.27952226167474237,2955
1202359,41004779,2,0,F,415.27952226167474237,2955
1202360,41004779,1,0,F,557.14117565968172130,1621
1202360,41004779,2,0,F,557.14117565968172130,1621
1202361,38576404,1,0,F,269.79671241515177371,535
1202361,38576404,2,0,F,269.79671241515177371,535
1202362,38576406,1,0,F,216.44561570473359779,1737
1202362,38576406,2,0,F,216.44561570473359779,1737
1202363,41004813,1,0,F,169.26035190461840330,323
1202363,41004813,2,0,F,169.26035190461840330,323
1202364,41004813,1,0,F,1935.71969137273276829,1
1202364,41004813,2,0,F,1935.71969137273276829,1
1202365,38500676,1,0,F,277.08288714203808922,992
1202365,38500676,2,0,F,277.08288714203808922,992
1202366,38576407,1,0,F,97.63099570343133848,462
1202366,38576407,2,0,F,97.63099570343133848,462
1202367,41004839,1,0,F,440.59708830778293986,1637
1202367,41004839,2,0,F,440.59708830778293986,1637
1202368,38500680,1,0,F,225.21654241040445754,4794
1202368,38500680,2,0,F,225.21654241040445754,4794
1202368,38571959,1,0,F,263.18535246328076482,2516
1202368,38571959,2,0,F,263.18535246328076482,2516
1202368,38576481,1,0,F,313.51448413247419467,4477
1202368,38576481,2,0,F,313.51448413247419467,4477
1202368,38578062,1,0,F,202.42348419522525660,5736
1202368,38578062,2,0,F,202.42348419522525660,5736
1202368,38580079,1,0,F,345.56772944688782445,2390
1202368,38580079,2,0,F,345.56772944688782445,2390
1202368,38581144,1,0,F,217.09489373552435154,3286
1202368,38581144,2,0,F,217.09489373552435154,3286
1202368,38581151,1,0,F,180.42064642984871625,5385
1202368,38581151,2,0,F,180.42064642984871625,5385
1202369,38580736,1,0,F,243.99339328941329086,200
1202369,38580736,2,0,F,243.99339328941329086,200
1202370,38576484,1,0,F,181.09684053834311612,688
1202370,38576484,2,0,F,181.09684053834311612,688
1202371,38576483,1,0,F,222.04675411160420140,724
1202371,38576483,2,0,F,222.04675411160420140,724
1202372,38578911,1,0,F,237.03991831214051444,920
1202372,38578911,2,0,F,237.03991831214051444,920
1202373,38581912,1,0,F,250.24923426572181029,1382
1202373,38581912,2,0,F,250.24923426572181029,1382
1202374,38581909,1,0,F,299.43357055517594745,476
1202374,38581909,2,0,F,299.43357055517594745,476
1202375,38500773,1,0,F,2748.11104766636572094,1
1202375,38500773,2,0,F,2748.11104766636572094,1
1202376,38572190,1,0,F,3659.10443952909326981,1
1202376,38572190,2,0,F,3659.10443952909326981,1
1202377,41005033,1,0,F,208.04189004733638058,736
1202377,41005033,2,0,F,208.04189004733638058,736
1202378,41005207,1,0,F,535.70056917510328276,935
1202378,41005207,2,0,F,535.70056917510328276,935
1202379,38507722,1,0,F,268.62625560657011192,3717
1202379,38507722,2,0,F,268.62625560657011192,3717
1202380,38571635,1,0,F,291.01815710692949324,3529
1202380,38571635,2,0,F,291.01815710692949324,3529
1202384,41005394,1,0,F,351.53605137222808708,918
1202384,41005394,2,0,F,351.53605137222808708,918
1202385,38571635,1,0,F,498.11878579890634455,1283
1202385,38571635,2,0,F,498.11878579890634455,1283
1202386,38507851,1,0,F,269.42910626307281063,11798
1202386,38507851,2,0,F,269.42910626307281063,11798
1202386,38507853,1,0,F,305.27421864754910530,2608
1202386,38507853,2,0,F,305.27421864754910530,2608
1202387,38507502,1,0,F,193.26126198114582166,4718
1202387,38507502,2,0,F,193.26126198114582166,4718
1202387,38507503,1,0,F,170.73291471904377659,4095
1202387,38507503,2,0,F,170.73291471904377659,4095
1202387,38507587,1,0,F,271.25280511572992737,10692
1202387,38507587,2,0,F,271.25280511572992737,10692
1202387,38576314,1,0,F,406.53067636595653767,1504
1202387,38576314,2,0,F,406.53067636595653767,1504
1202387,38576367,1,0,F,374.94292346353256562,1566
1202387,38576367,2,0,F,374.94292346353256562,1566
1202387,41006008,1,0,F,526.18964129491621406,4914
1202387,41006008,2,0,F,526.18964129491621406,4914
1202388,38507469,1,0,F,295.84294974930736544,1490
1202388,38507469,2,0,F,295.84294974930736544,1490
1202390,38576850,1,0,F,295.71476512058279695,9464
1202390,38576850,2,0,F,295.71476512058279695,9464
1202391,38588100,1,0,F,212.29928037065931790,4033
1202391,38588100,2,0,F,212.29928037065931790,4033
1202392,38507878,1,0,F,222.28281032445548249,4540
1202392,38507878,2,0,F,222.28281032445548249,4540
1202393,38576342,1,0,F,281.83974080690057917,5983
1202393,38576342,2,0,F,281.83974080690057917,5983
1202393,38583620,1,0,F,221.41623881966455656,8330
1202393,38583620,2,0,F,221.41623881966455656,8330
1202393,38588105,1,0,F,256.42445394342206555,6727
1202393,38588105,2,0,F,256.42445394342206555,6727
1202393,38588615,1,0,F,355.22148013141668343,4773
1202393,38588615,2,0,F,355.22148013141668343,4773
1202393,38591839,1,0,F,220.55791971251531436,6756
1202393,38591839,2,0,F,220.55791971251531436,6756
1202395,38588607,1,0,F,276.45542851627260461,2490
1202395,38588607,2,0,F,276.45542851627260461,2490
1202396,38576336,1,0,F,262.33242346985446147,4269
1202396,38576336,2,0,F,262.33242346985446147,4269
1202397,38507504,1,0,F,348.42231917726024903,2139
1202397,38507504,2,0,F,348.42231917726024903,2139
1202398,38571330,1,0,F,430.75628816403070687,3429
1202398,38571330,2,0,F,430.75628816403070687,3429
1202398,38583254,1,0,F,362.62012474075470436,2994
1202398,38583254,2,0,F,362.62012474075470436,2994
1202399,38507760,1,0,F,65.74420724274010297,724
1202399,38507760,2,0,F,65.74420724274010297,724
1202400,38507506,1,0,F,470.54958269434695239,1632
1202400,38507506,2,0,F,470.54958269434695239,1632
1202401,38576361,1,0,F,355.93627647983089446,3020
1202401,38576361,2,0,F,355.93627647983089446,3020
1202402,38507875,1,0,F,280.96252412840033230,3589
1202402,38507875,2,0,F,280.96252412840033230,3589
1202403,41006065,1,0,F,413.91899554479113021,6646
1202403,41006065,2,0,F,413.91899554479113021,6646
1202404,38507861,1,0,F,362.82301388742507697,3614
1202404,38507861,2,0,F,362.82301388742507697,3614
1202405,38588969,1,0,F,137.41274362742061044,970
1202405,38588969,2,0,F,137.41274362742061044,970
1202407,38507751,1,0,F,426.20998910059893205,3848
1202407,38507751,2,0,F,426.20998910059893205,3848
1202408,38588812,1,0,F,229.03048199258935824,473
1202408,38588812,2,0,F,229.03048199258935824,473
1202409,38571328,1,0,F,115.12185587140903920,112
1202409,38571328,2,0,F,115.12185587140903920,112
1202410,38507867,1,0,F,109.50497449991746635,5910
1202410,38507867,2,0,F,109.50497449991746635,5910
1202410,38579177,1,0,F,119.77511809756005334,5082
1202410,38579177,2,0,F,119.77511809756005334,5082
1202410,38579283,1,0,F,282.70120137752508072,5170
1202410,38579283,2,0,F,282.70120137752508072,5170
1202410,38579288,1,0,F,283.04620513551225258,3590
1202410,38579288,2,0,F,283.04620513551225258,3590
1202410,38579304,1,0,F,191.06137822301732854,5850
1202410,38579304,2,0,F,191.06137822301732854,5850
1202411,38507893,1,0,F,163.08446561638160688,8946
1202411,38507893,2,0,F,163.08446561638160688,8946
1202411,38576375,1,0,F,253.31028526436455195,8601
1202411,38576375,2,0,F,253.31028526436455195,8601
1202411,38579134,1,0,F,220.61723807504185402,5184
1202411,38579134,2,0,F,220.61723807504185402,5184
1202411,38579334,1,0,F,329.12186705042967105,6327
1202411,38579334,2,0,F,329.12186705042967105,6327
1202411,38583681,1,0,F,196.99425612156906595,8217
1202411,38583681,2,0,F,196.99425612156906595,8217
1202412,38507897,1,0,F,248.31356899579395758,6114
1202412,38507897,2,0,F,248.31356899579395758,6114
1202412,38571323,1,0,F,245.08115237493385052,6039
1202412,38571323,2,0,F,245.08115237493385052,6039
1202413,38507895,1,0,F,189.90353673636573717,2355
1202413,38507895,2,0,F,189.90353673636573717,2355
1202413,38579339,1,0,F,251.01211458772709761,5196
1202413,38579339,2,0,F,251.01211458772709761,5196
1202413,38579377,1,0,F,202.68565932720218825,7383
1202413,38579377,2,0,F,202.68565932720218825,7383
1202414,38571318,1,0,F,393.39724899428847493,5340
1202414,38571318,2,0,F,393.39724899428847493,5340
1202416,41006492,1,0,F,79.70817282300690465,1762
1202416,41006492,2,0,F,79.70817282300690465,1762
1202417,38507869,1,0,F,148.07229038915960473,491
1202417,38507869,2,0,F,148.07229038915960473,491
1202418,38507759,1,0,F,165.20303256131120406,1931
1202418,38507759,2,0,F,165.20303256131120406,1931
1202419,38507700,1,0,F,189.99613833587136469,2163
1202419,38507700,2,0,F,189.99613833587136469,2163
1202419,38576383,1,0,F,264.52150168825158971,5546
1202419,38576383,2,0,F,264.52150168825158971,5546
1202420,38507390,1,0,F,272.74376866035004241,4704
1202420,38507390,2,0,F,272.74376866035004241,4704
1202420,38507490,1,0,F,214.79058110634019840,4134
1202420,38507490,2,0,F,214.79058110634019840,4134
1202421,38577040,1,0,F,226.80346398486105386,999
1202421,38577040,2,0,F,226.80346398486105386,999
1202422,41006453,1,0,F,499.18173197006984765,414
1202422,41006453,2,0,F,499.18173197006984765,414
1202423,41006519,1,0,F,446.55698982944903719,275
1202423,41006519,2,0,F,446.55698982944903719,275
1202424,41006528,1,0,F,422.02556686565628752,625
1202424,41006528,2,0,F,422.02556686565628752,625
1202425,38576390,1,0,F,145.75158225148135216,646
1202425,38576390,2,0,F,145.75158225148135216,646
1202426,38576726,1,0,F,273.93258668854866755,5379
1202426,38576726,2,0,F,273.93258668854866755,5379
1202426,41006631,1,0,F,467.51851586809044647,4206
1202426,41006631,2,0,F,467.51851586809044647,4206
1202427,38576739,1,0,F,481.61098970812213338,4483
1202427,38576739,2,0,F,481.61098970812213338,4483
1202428,38576510,1,0,F,258.91116331763345215,17493
1202428,38576510,2,0,F,258.91116331763345215,17493
1202428,38587540,1,0,F,291.44641296826506505,4200
1202428,38587540,2,0,F,291.44641296826506505,4200
1202429,38576730,1,0,F,292.43285117904969184,2095
1202429,38576730,2,0,F,292.43285117904969184,2095
1202430,38576734,1,0,F,266.82925352584180700,2251
1202430,38576734,2,0,F,266.82925352584180700,2251
1202431,38508697,1,0,F,310.41667877864631464,1800
1202431,38508697,2,0,F,310.41667877864631464,1800
1202432,8530799,1,0,F,307.01322133822662863,3441
1202432,8530799,2,0,F,307.01322133822662863,3441
1202432,38581369,1,0,F,189.79613587163515831,5743
1202432,38581369,2,0,F,189.79613587163515831,5743
1202432,38581475,1,0,F,264.21779329247345913,1752
1202432,38581475,2,0,F,264.21779329247345913,1752
1202432,38581994,1,0,F,246.53193179151097070,7400
1202432,38581994,2,0,F,246.53193179151097070,7400
1202432,41006806,1,0,F,367.05495522899275329,7088
1202432,41006806,2,0,F,367.05495522899275329,7088
1202433,8530799,1,0,F,454.68897359792515545,4534
1202433,8530799,2,0,F,454.68897359792515545,4534
1202435,38508857,1,0,F,281.56221913368864307,4799
1202435,38508857,2,0,F,281.56221913368864307,4799
1202437,38508763,1,0,F,83.95930547359006368,403
1202437,38508763,2,0,F,83.95930547359006368,403
1202438,38508767,1,0,F,227.71627959040282008,2488
1202438,38508767,2,0,F,227.71627959040282008,2488
1202438,38508775,1,0,F,210.47648671981639268,409
1202438,38508775,2,0,F,210.47648671981639268,409
1202439,38507872,1,0,F,263.76552674584058877,2620
1202439,38507872,2,0,F,263.76552674584058877,2620
1202439,38507873,1,0,F,479.68639878627800499,3532
1202439,38507873,2,0,F,479.68639878627800499,3532
1202439,38576791,1,0,F,260.85742418542480436,4721
1202439,38576791,2,0,F,260.85742418542480436,4721
1202440,38571652,1,0,F,238.76863526874518584,575
1202440,38571652,2,0,F,238.76863526874518584,575
1202443,38507891,1,0,F,63.43645371586063675,3859
1202443,38507891,2,0,F,63.43645371586063675,3859
1202444,38576823,1,0,F,337.19173071249355189,805
1202444,38576823,2,0,F,337.19173071249355189,805
1202445,38576795,1,0,F,358.29818878344804034,672
1202445,38576795,2,0,F,358.29818878344804034,672
1202446,38576797,1,0,F,67.04744747019199735,531
1202446,38576797,2,0,F,67.04744747019199735,531
1202448,38581801,1,0,F,186.30127296416330296,1387
1202448,38581801,2,0,F,186.30127296416330296,1387
1202449,38587421,1,0,F,279.40599520145258339,5030
1202449,38587421,2,0,F,279.40599520145258339,5030
1202450,38576807,1,0,F,141.31920882351988666,2147
1202450,38576807,2,0,F,141.31920882351988666,2147
1202451,38576825,1,0,F,124.16611299234776311,965
1202451,38576825,2,0,F,124.16611299234776311,965
1202452,38507892,1,0,F,69.58932703134388476,1083
1202452,38507892,2,0,F,69.58932703134388476,1083
1202452,38576842,1,0,F,133.22188690942164158,318
1202452,38576842,2,0,F,133.22188690942164158,318
1202453,38581787,1,0,F,221.89050958934225832,5592
1202453,38581787,2,0,F,221.89050958934225832,5592
1202453,38581802,1,0,F,325.92097863370969435,9275
1202453,38581802,2,0,F,325.92097863370969435,9275
1202453,41005477,1,0,F,401.79337781743151936,4317
1202453,41005477,2,0,F,401.79337781743151936,4317
1202454,41005699,1,0,F,442.04679543498502881,10200
1202454,41005699,2,0,F,442.04679543498502881,10200
1202455,38576811,1,0,F,353.18253257866223294,2691
1202455,38576811,2,0,F,353.18253257866223294,2691
1202455,38576813,1,0,F,432.48614136348629700,3880
1202455,38576813,2,0,F,432.48614136348629700,3880
1202457,41005550,1,0,F,367.67051690419430088,1915
1202457,41005550,2,0,F,367.67051690419430088,1915
1202458,38576831,1,0,F,357.68742813804090019,2098
1202458,38576831,2,0,F,357.68742813804090019,2098
1202459,38576836,1,0,F,268.14491766783845605,7115
1202459,38576836,2,0,F,268.14491766783845605,7115
1202459,38576838,1,0,F,199.62119637833328056,9612
1202459,38576838,2,0,F,199.62119637833328056,9612
1202459,38591909,1,0,F,242.50227240202275425,10554
1202459,38591909,2,0,F,242.50227240202275425,10554
1202459,38591915,1,0,F,321.24900858669661829,8221
1202459,38591915,2,0,F,321.24900858669661829,8221
1202459,38591919,1,0,F,263.85731188395607205,16614
1202459,38591919,2,0,F,263.85731188395607205,16614
1202459,38591921,1,0,F,257.03463473659320471,6516
1202459,38591921,2,0,F,257.03463473659320471,6516
1202459,41005904,1,0,F,580.50549037744406178,18730
1202459,41005904,2,0,F,580.50549037744406178,18730
1202460,38576863,1,0,F,195.27022192279088131,8669
1202460,38576863,2,0,F,195.27022192279088131,8669
1202460,38588477,1,0,F,204.63713809832412949,10179
1202460,38588477,2,0,F,204.63713809832412949,10179
1202460,38588479,1,0,F,218.94071562835438272,8526
1202460,38588479,2,0,F,218.94071562835438272,8526
1202461,38507180,1,0,F,82.79924950318451238,5115
1202461,38507180,2,0,F,82.79924950318451238,5115
1202461,38576555,1,0,F,251.46797938000037220,9051
1202461,38576555,2,0,F,251.46797938000037220,9051
1202461,38576557,1,0,F,261.68739401505769138,7908
1202461,38576557,2,0,F,261.68739401505769138,7908
1202461,38576558,1,0,F,101.68876907724724390,7277
1202461,38576558,2,0,F,101.68876907724724390,7277
1202461,38576860,1,0,F,208.87363837345219508,6870
1202461,38576860,2,0,F,208.87363837345219508,6870
1202461,38576865,1,0,F,130.72696538779715070,8680
1202461,38576865,2,0,F,130.72696538779715070,8680
1202461,38587406,1,0,F,302.46013114950170575,8088
1202461,38587406,2,0,F,302.46013114950170575,8088
1202461,38587874,1,0,F,184.18424968966536426,5475
1202461,38587874,2,0,F,184.18424968966536426,5475
1202461,38587879,1,0,F,304.37761365126192459,7986
1202461,38587879,2,0,F,304.37761365126192459,7986
1202461,38590399,1,0,F,326.32229829053517278,3745
1202461,38590399,2,0,F,326.32229829053517278,3745
1202461,38591912,1,0,F,255.62295514641752447,9048
1202461,38591912,2,0,F,255.62295514641752447,9048
1202461,38591924,1,0,F,262.89711855434183008,8682
1202461,38591924,2,0,F,262.89711855434183008,8682
1202461,41005904,1,0,F,456.42084217053650264,11124
1202461,41005904,2,0,F,456.42084217053650264,11124
1202462,38507870,1,0,F,29.19616425592738551,3993
1202462,38507870,2,0,F,29.19616425592738551,3993
1202462,38576866,1,0,F,248.99753736078397992,6264
1202462,38576866,2,0,F,248.99753736078397992,6264
1202463,38595557,1,0,F,290.60670677393454753,12385
1202463,38595557,2,0,F,290.60670677393454753,12385
1202463,38595559,1,0,F,241.89697580383023023,4582
1202463,38595559,2,0,F,241.89697580383023023,4582
1202463,38595564,1,0,F,161.15606260838850972,3846
1202463,38595564,2,0,F,161.15606260838850972,3846
1202463,41005820,1,0,F,381.11253098146903540,6913
1202463,41005820,2,0,F,381.11253098146903540,6913
1202465,38576845,1,0,F,202.28133699643859700,2305
1202465,38576845,2,0,F,202.28133699643859700,2305
1202466,38576853,1,0,F,246.90328629417521711,486
1202466,38576853,2,0,F,246.90328629417521711,486
1202467,38589068,1,0,F,290.03740796105512345,7684
1202467,38589068,2,0,F,290.03740796105512345,7684
1202467,41005904,1,0,F,487.83818626537703267,10165
1202467,41005904,2,0,F,487.83818626537703267,10165
1202468,38507401,1,0,F,264.27666264388852824,7217
1202468,38507401,2,0,F,264.27666264388852824,7217
1202468,38576579,1,0,F,113.89972277172012127,5229
1202468,38576579,2,0,F,113.89972277172012127,5229
1202468,38588581,1,0,F,254.78003009628912423,9034
1202468,38588581,2,0,F,254.78003009628912423,9034
1202469,38571711,1,0,F,329.71932632299206034,5121
1202469,38571711,2,0,F,329.71932632299206034,5121
1202469,38571715,1,0,F,54.64416776792189268,198
1202469,38571715,2,0,F,54.64416776792189268,198
1202469,38576581,1,0,F,292.72966531800932444,11285
1202469,38576581,2,0,F,292.72966531800932444,11285
1202469,38576583,1,0,F,177.26671969528089789,5942
1202469,38576583,2,0,F,177.26671969528089789,5942
1202470,38576573,1,0,F,475.35530653362440034,1695
1202470,38576573,2,0,F,475.35530653362440034,1695
1202471,38507172,1,0,F,159.61496919770851832,4227
1202471,38507172,2,0,F,159.61496919770851832,4227
1202471,38576872,1,0,F,274.84032758167711563,3049
1202471,38576872,2,0,F,274.84032758167711563,3049
1202471,38590400,1,0,F,191.75530978146002781,2644
1202471,38590400,2,0,F,191.75530978146002781,2644
1202471,38595478,1,0,F,323.84544412935844093,3888
1202471,38595478,2,0,F,323.84544412935844093,3888
1202473,38507871,1,0,F,118.01681652871727124,3042
1202473,38507871,2,0,F,118.01681652871727124,3042
1202474,38507174,1,0,F,279.80546069281183463,8737
1202474,38507174,2,0,F,279.80546069281183463,8737
1202475,38571717,1,0,F,336.88084495360652681,1060
1202475,38571717,2,0,F,336.88084495360652681,1060
1202476,38507399,1,0,F,212.87890002093058683,4203
1202476,38507399,2,0,F,212.87890002093058683,4203
1202477,38507403,1,0,F,258.75859895739262129,2366
1202477,38507403,2,0,F,258.75859895739262129,2366
1202478,38571722,1,0,F,25.04385298973582863,284
1202478,38571722,2,0,F,25.04385298973582863,284
1202479,38507881,1,0,F,201.07654983627136858,5018
1202479,38507881,2,0,F,201.07654983627136858,5018
1202479,38576758,1,0,F,338.96402280146486419,4746
1202479,38576758,2,0,F,338.96402280146486419,4746
1202481,38507155,1,0,F,165.31456754808849041,2919
1202481,38507155,2,0,F,165.31456754808849041,2919
1202481,38507880,1,0,F,488.77706666731950236,2868
1202481,38507880,2,0,F,488.77706666731950236,2868
1202482,38576590,1,0,F,171.09495771886253124,566
1202482,38576590,2,0,F,171.09495771886253124,566
1202483,38507405,1,0,F,431.39456127637151894,631
1202483,38507405,2,0,F,431.39456127637151894,631
1202484,38571721,1,0,F,143.65178083824073951,153
1202484,38571721,2,0,F,143.65178083824073951,153
1202485,38507404,1,0,F,221.25035443138767732,1294
1202485,38507404,2,0,F,221.25035443138767732,1294
1202487,38501769,1,0,F,139.34643146546940784,2002
1202487,38501769,2,0,F,139.34643146546940784,2002
1202488,38579267,1,0,F,402.16659744288682532,3660
1202488,38579267,2,0,F,402.16659744288682532,3660
1202488,41004759,1,0,F,199.45560394244770919,6271
1202488,41004759,2,0,F,199.45560394244770919,6271
1202489,38579277,1,0,F,284.00154156268445149,3376
1202489,38579277,2,0,F,284.00154156268445149,3376
1202490,38579265,1,0,F,306.70256298400215655,3639
1202490,38579265,2,0,F,306.70256298400215655,3639
1202490,41004785,1,0,F,681.35921283015466088,6504
1202490,41004785,2,0,F,681.35921283015466088,6504
1202491,38571264,1,0,F,429.91516280770468938,3516
1202491,38571264,2,0,F,429.91516280770468938,3516
1202491,38571297,1,0,F,429.70404166975322369,5581
1202491,38571297,2,0,F,429.70404166975322369,5581
1202491,41004792,1,0,F,194.11272872715380799,8168
1202491,41004792,2,0,F,194.11272872715380799,8168
1202492,38501774,1,0,F,175.09012265363102756,1870
1202492,38501774,2,0,F,175.09012265363102756,1870
1202493,38504732,1,0,F,227.46771686200568752,1544
1202493,38504732,2,0,F,227.46771686200568752,1544
1202495,38594787,1,0,F,174.94668168571402589,1007
1202495,38594787,2,0,F,174.94668168571402589,1007
1202495,41004878,1,0,F,401.50387789098436997,2980
1202495,41004878,2,0,F,401.50387789098436997,2980
1202497,41004919,1,0,F,154.35568215804681813,1858
1202497,41004919,2,0,F,154.35568215804681813,1858
1202499,38507608,1,0,F,377.03421042683731912,1236
1202499,38507608,2,0,F,377.03421042683731912,1236
1202500,38579279,1,0,F,232.06871534526680989,9336
1202500,38579279,2,0,F,232.06871534526680989,9336
1210001,38504727,1,0,F,154.88622494484840786,644
1210001,38504727,2,0,F,154.88622494484840786,644
1210002,38504724,1,0,F,243.91118161532764930,863
1210002,38504724,2,0,F,243.91118161532764930,863
1210003,38577608,1,0,F,286.31013562571649800,783
1210003,38577608,2,0,F,286.31013562571649800,783
1210004,38577612,1,0,F,378.94779467107258597,2292
1210004,38577612,2,0,F,378.94779467107258597,2292
1210004,38577623,1,0,F,308.25175373112131183,3461
1210004,38577623,2,0,F,308.25175373112131183,3461
1210004,41003954,1,0,F,540.15929671814296853,9370
1210004,41003954,2,0,F,540.15929671814296853,9370
1210005,38504719,1,0,F,215.44431221592279257,354
1210005,38504719,2,0,F,215.44431221592279257,354
1210006,38577635,1,0,F,287.18261830161424086,708
1210006,38577635,2,0,F,287.18261830161424086,708
1210007,38577634,1,0,F,148.35972783465618363,661
1210007,38577634,2,0,F,148.35972783465618363,661
1210008,38577626,1,0,F,243.85743996420200119,729
1210008,38577626,2,0,F,243.85743996420200119,729
1210009,38570410,1,0,F,213.74008917201072677,1211
1210009,38570410,2,0,F,213.74008917201072677,1211
1210009,38577628,1,0,F,181.58637747088104675,251
1210009,38577628,2,0,F,181.58637747088104675,251
1210010,41003883,1,0,F,381.73578115375426023,2863
1210010,41003883,2,0,F,381.73578115375426023,2863
1210011,38577610,1,0,F,132.42046453109833237,499
1210011,38577610,2,0,F,132.42046453109833237,499
1210012,38583483,1,0,F,132.71201646713561217,120
1210012,38583483,2,0,F,132.71201646713561217,120
1210013,38504720,1,0,F,85.64078466004731638,305
1210013,38504720,2,0,F,85.64078466004731638,305
1210014,38504720,1,0,F,487.94520636628095644,124
1210014,38504720,2,0,F,487.94520636628095644,124
1210015,38504722,1,0,F,194.79746542438277856,706
1210015,38504722,2,0,F,194.79746542438277856,706
1210016,38587453,1,0,F,493.55948365113232512,236
1210016,38587453,2,0,F,493.55948365113232512,236
1210017,38504901,1,0,F,235.89257403694870163,664
1210017,38504901,2,0,F,235.89257403694870163,664
1210018,38570383,1,0,F,149.91412059917473698,229
1210018,38570383,2,0,F,149.91412059917473698,229
1210018,38570404,1,0,F,253.38365933274857866,77
1210018,38570404,2,0,F,253.38365933274857866,77
1210019,38570376,1,0,F,170.03119851072131041,460
1210019,38570376,2,0,F,170.03119851072131041,460
1210019,38570377,1,0,F,170.26889389610568060,590
1210019,38570377,2,0,F,170.26889389610568060,590
1210019,38570379,1,0,F,82.92862604770961354,41
1210019,38570379,2,0,F,82.92862604770961354,41
1210020,38504725,1,0,F,1322.39361192451747229,1
1210020,38504725,2,0,F,1322.39361192451747229,1
1210021,38504718,1,0,F,223.12466165131434082,498
1210021,38504718,2,0,F,223.12466165131434082,498
1210022,38504721,1,0,F,149.63661559000345846,251
1210022,38504721,2,0,F,149.63661559000345846,251
1210022,38504723,1,0,F,261.00947574355183178,1192
1210022,38504723,2,0,F,261.00947574355183178,1192
1210023,38504902,1,0,F,283.47477797626925167,928
1210023,38504902,2,0,F,283.47477797626925167,928
1210024,38577622,1,0,F,299.62882083555439294,3632
1210024,38577622,2,0,F,299.62882083555439294,3632
1210025,38577625,1,0,F,276.50379680255088033,550
1210025,38577625,2,0,F,276.50379680255088033,550
1210026,38504150,1,0,F,173.44281395803773194,570
1210026,38504150,2,0,F,173.44281395803773194,570
1210027,38570402,1,0,F,233.86566686639002910,2683
1210027,38570402,2,0,F,233.86566686639002910,2683
1210028,38577834,1,0,F,93.10881044076454316,1202
1210028,38577834,2,0,F,93.10881044076454316,1202
1210030,38504547,1,0,F,269.96857616142926872,675
1210030,38504547,2,0,F,269.96857616142926872,675
1210030,38577831,1,0,F,359.85007275878336941,1429
1210030,38577831,2,0,F,359.85007275878336941,1429
1210032,38570413,1,0,F,171.58018982969693411,661
1210032,38570413,2,0,F,171.58018982969693411,661
1210033,38581632,1,0,F,55.23418304526624922,1024
1210033,38581632,2,0,F,55.23418304526624922,1024
1210035,38581635,1,0,F,190.12169708669549095,2732
1210035,38581635,2,0,F,190.12169708669549095,2732
1210036,38581636,1,0,F,80.81226064051534763,2607
1210036,38581636,2,0,F,80.81226064051534763,2607
1210037,38577829,1,0,F,237.68273821224082099,3567
1210037,38577829,2,0,F,237.68273821224082099,3567
1210038,41004312,1,0,F,522.50606657580044612,1555
1210038,41004312,2,0,F,522.50606657580044612,1555
1210038,41004377,1,0,F,1714.86859471671755273,1
1210038,41004377,2,0,F,1714.86859471671755273,1
1210039,38577828,1,0,F,365.21497214944128018,1784
1210039,38577828,2,0,F,365.21497214944128018,1784
1210039,38588723,1,0,F,273.04874167514850569,4226
1210039,38588723,2,0,F,273.04874167514850569,4226
1210039,41004379,1,0,F,495.71818430003958156,1694
1210039,41004379,2,0,F,495.71818430003958156,1694
1210040,41004377,1,0,F,291.13167007671233932,821
1210040,41004377,2,0,F,291.13167007671233932,821
1210041,38570437,1,0,F,878.51918606658853150,1
1210041,38570437,2,0,F,878.51918606658853150,1
1210042,41003900,1,0,F,162.36493591333871223,272
1210042,41003900,2,0,F,162.36493591333871223,272
1210043,38577701,1,0,F,173.15934532896653764,854
1210043,38577701,2,0,F,173.15934532896653764,854
1210044,38504692,1,0,F,140.94291905021040634,1852
1210044,38504692,2,0,F,140.94291905021040634,1852
1210045,38504978,1,0,F,319.60389790146740552,909
1210045,38504978,2,0,F,319.60389790146740552,909
1210045,38577661,1,0,F,485.08242544902134341,110
1210045,38577661,2,0,F,485.08242544902134341,110
1210046,38577661,1,0,F,1270.67454177581612385,1
1210046,38577661,2,0,F,1270.67454177581612385,1
1210047,38504279,1,0,F,320.83819297828813433,445
1210047,38504279,2,0,F,320.83819297828813433,445
1210047,38504977,1,0,F,240.96553892959960308,37
1210047,38504977,2,0,F,240.96553892959960308,37
1210048,38504977,1,0,F,242.06372043677211536,18
1210048,38504977,2,0,F,242.06372043677211536,18
1210048,38577656,1,0,F,384.02520922983603668,3960
1210048,38577656,2,0,F,384.02520922983603668,3960
1210048,38577695,1,0,F,375.81175704569977825,196
1210048,38577695,2,0,F,375.81175704569977825,196
1210048,38577697,1,0,F,326.78658783825954970,2410
1210048,38577697,2,0,F,326.78658783825954970,2410
1210049,38504697,1,0,F,300.24458081984340652,770
1210049,38504697,2,0,F,300.24458081984340652,770
1210050,38504899,1,0,F,111.01823179289320365,2662
1210050,38504899,2,0,F,111.01823179289320365,2662
1210051,38504094,1,0,F,327.40984282418338580,539
1210051,38504094,2,0,F,327.40984282418338580,539
1210052,38504266,1,0,F,439.67137474404751174,791
1210052,38504266,2,0,F,439.67137474404751174,791
1210053,38504093,1,0,F,293.08807490934839279,1490
1210053,38504093,2,0,F,293.08807490934839279,1490
1210055,38504935,1,0,F,249.18753679457495309,3983
1210055,38504935,2,0,F,249.18753679457495309,3983
1210055,38570463,1,0,F,335.22106609141587796,9241
1210055,38570463,2,0,F,335.22106609141587796,9241
1210055,38570467,1,0,F,480.00448267913327527,1037
1210055,38570467,2,0,F,480.00448267913327527,1037
1210055,38577688,1,0,F,272.99887983135596414,1686
1210055,38577688,2,0,F,272.99887983135596414,1686
1210055,38580466,1,0,F,175.34369511441178702,6062
1210055,38580466,2,0,F,175.34369511441178702,6062
1210056,38504094,1,0,F,1537.34805436953161006,1
1210056,38504094,2,0,F,1537.34805436953161006,1
1210056,38504851,1,0,F,139.20384512231839835,257
1210056,38504851,2,0,F,139.20384512231839835,257
1210056,38504882,1,0,F,351.85803171949186208,394
1210056,38504882,2,0,F,351.85803171949186208,394
1210056,38504883,1,0,F,788.42328580371145108,1
1210056,38504883,2,0,F,788.42328580371145108,1
1210056,38504896,1,0,F,151.15450598794885195,200
1210056,38504896,2,0,F,151.15450598794885195,200
1210056,38504898,1,0,F,469.89755904677809895,4
1210056,38504898,2,0,F,469.89755904677809895,4
1210056,38504971,1,0,F,160.60446356753780606,39
1210056,38504971,2,0,F,160.60446356753780606,39
1210056,38594248,1,0,F,390.25402086258679901,1676
1210056,38594248,2,0,F,390.25402086258679901,1676
1210057,38504092,1,0,F,1761.85967948879147116,1
1210057,38504092,2,0,F,1761.85967948879147116,1
1210057,38577670,1,0,F,352.43288546836799924,984
1210057,38577670,2,0,F,352.43288546836799924,984
1210058,38504980,1,0,F,132.31837571904125639,1104
1210058,38504980,2,0,F,132.31837571904125639,1104
1210059,38577703,1,0,F,464.74672010354106533,837
1210059,38577703,2,0,F,464.74672010354106533,837
1210059,38591686,1,0,F,418.25753236263318513,6511
1210059,38591686,2,0,F,418.25753236263318513,6511
1210060,38575838,1,0,F,315.68644086545936034,610
1210060,38575838,2,0,F,315.68644086545936034,610
1210061,38504794,1,0,F,212.94799584396673708,592
1210061,38504794,2,0,F,212.94799584396673708,592
1210061,38504795,1,0,F,278.88234318229319797,290
1210061,38504795,2,0,F,278.88234318229319797,290
1210062,38504898,1,0,F,96.63297926328607446,454
1210062,38504898,2,0,F,96.63297926328607446,454
1210063,38504601,1,0,F,305.26747250444861947,1280
1210063,38504601,2,0,F,305.26747250444861947,1280
1210064,38504894,1,0,F,295.32357740470200724,362
1210064,38504894,2,0,F,295.32357740470200724,362
1210064,38577707,1,0,F,256.24576229547591311,1030
1210064,38577707,2,0,F,256.24576229547591311,1030
1210065,38504095,1,0,F,345.36637372751255270,520
1210065,38504095,2,0,F,345.36637372751255270,520
1210066,38504095,1,0,F,740.73375279704828245,1
1210066,38504095,2,0,F,740.73375279704828245,1
1210067,38504895,1,0,F,55.06661786391234159,756
1210067,38504895,2,0,F,55.06661786391234159,756
1210068,38594993,1,0,F,370.86840069795158570,955
1210068,38594993,2,0,F,370.86840069795158570,955
1210069,38594242,1,0,F,365.34310634930091055,316
1210069,38594242,2,0,F,365.34310634930091055,316
1210069,38594243,1,0,F,148.72115994751723633,131
1210069,38594243,2,0,F,148.72115994751723633,131
1210070,38594388,1,0,F,261.14461636694665003,409
1210070,38594388,2,0,F,261.14461636694665003,409
1210071,41004317,1,0,F,460.55258936590871599,3170
1210071,41004317,2,0,F,460.55258936590871599,3170
1210072,38593292,1,0,F,160.98786629460192898,1322
1210072,38593292,2,0,F,160.98786629460192898,1322
1210072,41004392,1,0,F,304.63941656348055176,5985
1210072,41004392,2,0,F,304.63941656348055176,5985
1210073,41004424,1,0,F,320.14995862724265407,382
1210073,41004424,2,0,F,320.14995862724265407,382
1210074,41004475,1,0,F,219.56632617795938245,554
1210074,41004475,2,0,F,219.56632617795938245,554
1210075,41004442,1,0,F,711.57522386184609786,230
1210075,41004442,2,0,F,711.57522386184609786,230
1210075,41004453,1,0,F,149.96911820145865590,737
1210075,41004453,2,0,F,149.96911820145865590,737
1210076,38504708,1,0,F,307.75650506407777129,2703
1210076,38504708,2,0,F,307.75650506407777129,2703
1210077,38577737,1,0,F,0.00000000000000000,100
1210077,38577737,2,0,F,0.00000000000000000,100
1210079,38504884,1,0,F,101.65547451645080912,3038
1210079,38504884,2,0,F,101.65547451645080912,3038
1210080,38593277,1,0,F,433.44143783720778629,1296
1210080,38593277,2,0,F,433.44143783720778629,1296
1210080,38593284,1,0,F,221.37726019885894857,3136
1210080,38593284,2,0,F,221.37726019885894857,3136
1210081,38577730,1,0,F,278.62123405880595328,9537
1210081,38577730,2,0,F,278.62123405880595328,9537
1210081,38577731,1,0,F,266.70724834332651199,10245
1210081,38577731,2,0,F,266.70724834332651199,10245
1210081,38593276,1,0,F,410.69081086774514233,3387
1210081,38593276,2,0,F,410.69081086774514233,3387
1210081,38593287,1,0,F,189.04978488417748395,3675
1210081,38593287,2,0,F,189.04978488417748395,3675
1210081,38595125,1,0,F,300.32750759807805707,5247
1210081,38595125,2,0,F,300.32750759807805707,5247
1210081,41004456,1,0,F,287.14893165308171774,24890
1210081,41004456,2,0,F,287.14893165308171774,24890
1210082,38504913,1,0,F,306.07220275596165493,4735
1210082,38504913,2,0,F,306.07220275596165493,4735
1210082,38593275,1,0,F,302.03200906129302439,12696
1210082,38593275,2,0,F,302.03200906129302439,12696
1210082,38593279,1,0,F,224.75969394093610276,12408
1210082,38593279,2,0,F,224.75969394093610276,12408
1210082,38593485,1,0,F,175.37889196238947420,5663
1210082,38593485,2,0,F,175.37889196238947420,5663
1210082,38595126,1,0,F,275.59911971319951363,8076
1210082,38595126,2,0,F,275.59911971319951363,8076
1210082,41004456,1,0,F,379.10093139421758224,21204
1210082,41004456,2,0,F,379.10093139421758224,21204
1210083,38593290,1,0,F,286.86228284687570067,4572
1210083,38593290,2,0,F,286.86228284687570067,4572
1210084,38504872,1,0,F,267.66232758524125757,3246
1210084,38504872,2,0,F,267.66232758524125757,3246
1210085,38588597,1,0,F,299.18259245603303498,2519
1210085,38588597,2,0,F,299.18259245603303498,2519
1210086,41004467,1,0,F,375.83499737071622349,1530
1210086,41004467,2,0,F,375.83499737071622349,1530
1210087,38504267,1,0,F,242.47222423558599758,329
1210087,38504267,2,0,F,242.47222423558599758,329
1210087,38504863,1,0,F,131.21601963866689289,1689
1210087,38504863,2,0,F,131.21601963866689289,1689
1210088,41004512,1,0,F,357.13099653007066081,364
1210088,41004512,2,0,F,357.13099653007066081,364
1210089,41004531,1,0,F,492.31210277838448519,1360
1210089,41004531,2,0,F,492.31210277838448519,1360
1210090,38504937,1,0,F,171.24941373116257637,523
1210090,38504937,2,0,F,171.24941373116257637,523
1210091,38504908,1,0,F,174.55260946459461024,366
1210091,38504908,2,0,F,174.55260946459461024,366
1210092,38504905,1,0,F,73.29036019369662824,461
1210092,38504905,2,0,F,73.29036019369662824,461
1210093,38504904,1,0,F,86.86066651550882511,166
1210093,38504904,2,0,F,86.86066651550882511,166
1210094,38504925,1,0,F,310.19433709720067327,1610
1210094,38504925,2,0,F,310.19433709720067327,1610
1210095,38588830,1,0,F,264.16887124421879207,2334
1210095,38588830,2,0,F,264.16887124421879207,2334
1210096,38504922,1,0,F,233.17581488863169170,1713
1210096,38504922,2,0,F,233.17581488863169170,1713
1210097,38588827,1,0,F,333.18316661180568872,456
1210097,38588827,2,0,F,333.18316661180568872,456
1210098,38504530,1,0,F,190.87076475120232999,206
1210098,38504530,2,0,F,190.87076475120232999,206
1210098,38504910,1,0,F,230.84896966670197571,673
1210098,38504910,2,0,F,230.84896966670197571,673
1210099,38588864,1,0,F,363.90454651230913896,1566
1210099,38588864,2,0,F,363.90454651230913896,1566
1210100,38504911,1,0,F,170.59940799221243424,403
1210100,38504911,2,0,F,170.59940799221243424,403
1210101,41004553,1,0,F,330.37395605091472817,6601
1210101,41004553,2,0,F,330.37395605091472817,6601
1210101,41004568,1,0,F,0.00000000000000000,100
1210101,41004568,2,0,F,0.00000000000000000,100
1210102,38504917,1,0,F,265.68760002301974055,561
1210102,38504917,2,0,F,265.68760002301974055,561
1210103,38504927,1,0,F,18.66477355484298783,793
1210103,38504927,2,0,F,18.66477355484298783,793
1210104,38577753,1,0,F,281.48853887344552049,521
1210104,38577753,2,0,F,281.48853887344552049,521
1210105,38504873,1,0,F,330.35553132913315721,3514
1210105,38504873,2,0,F,330.35553132913315721,3514
1210106,38504797,1,0,F,143.68341175503945806,1058
1210106,38504797,2,0,F,143.68341175503945806,1058
1210107,38504852,1,0,F,271.19905127380337717,1300
1210107,38504852,2,0,F,271.19905127380337717,1300
1210107,38577754,1,0,F,328.38070623022491645,2716
1210107,38577754,2,0,F,328.38070623022491645,2716
1210108,38504860,1,0,F,47.19258710935896062,872
1210108,38504860,2,0,F,47.19258710935896062,872
1210109,38570487,1,0,F,304.85121555524312953,690
1210109,38570487,2,0,F,304.85121555524312953,690
1210110,38570489,1,0,F,350.75823372414475898,2203
1210110,38570489,2,0,F,350.75823372414475898,2203
1210111,38504639,1,0,F,265.38786351612998260,1958
1210111,38504639,2,0,F,265.38786351612998260,1958
1210112,41004349,1,0,F,415.14512470787673237,718
1210112,41004349,2,0,F,415.14512470787673237,718
1210113,38504548,1,0,F,243.16372913374129894,2927
1210113,38504548,2,0,F,243.16372913374129894,2927
1210114,38504947,1,0,F,163.20940427907606818,1082
1210114,38504947,2,0,F,163.20940427907606818,1082
1210115,38504641,1,0,F,176.46950970159520011,1032
1210115,38504641,2,0,F,176.46950970159520011,1032
1210116,38570504,1,0,F,196.58302648911146093,688
1210116,38570504,2,0,F,196.58302648911146093,688
1210117,38504792,1,0,F,221.67185350036970704,819
1210117,38504792,2,0,F,221.67185350036970704,819
1210118,38504097,1,0,F,248.00441415789308053,825
1210118,38504097,2,0,F,248.00441415789308053,825
1210119,38504262,1,0,F,145.24250707598497456,410
1210119,38504262,2,0,F,145.24250707598497456,410
1210120,38577712,1,0,F,368.68881319552241393,2117
1210120,38577712,2,0,F,368.68881319552241393,2117
1210121,38504855,1,0,F,339.45392873822180491,3289
1210121,38504855,2,0,F,339.45392873822180491,3289
1210122,38504906,1,0,F,310.51245462070363601,2033
1210122,38504906,2,0,F,310.51245462070363601,2033
1210123,38504546,1,0,F,277.79959469964023810,2815
1210123,38504546,2,0,F,277.79959469964023810,2815
1210124,38504791,1,0,F,316.55027687798974512,1698
1210124,38504791,2,0,F,316.55027687798974512,1698
1210125,41004417,1,0,F,348.76743899021778361,3560
1210125,41004417,2,0,F,348.76743899021778361,3560
1210126,38504617,1,0,F,257.46352403921378027,1584
1210126,38504617,2,0,F,257.46352403921378027,1584
1210128,38504974,1,0,F,277.14816949285227565,2493
1210128,38504974,2,0,F,277.14816949285227565,2493
1210128,38570490,1,0,F,274.71781140663983933,233
1210128,38570490,2,0,F,274.71781140663983933,233
1210128,38577790,1,0,F,50.00000000000000000,100
1210128,38577790,2,0,F,50.00000000000000000,100
1210128,41004480,1,0,F,334.00173535247989776,4734
1210128,41004480,2,0,F,334.00173535247989776,4734
1210129,41004495,1,0,F,399.54119577422318343,2409
1210129,41004495,2,0,F,399.54119577422318343,2409
1210130,41004500,1,0,F,418.00992143515446742,2152
1210130,41004500,2,0,F,418.00992143515446742,2152
1210131,38577774,1,0,F,393.39702069659307426,2373
1210131,38577774,2,0,F,393.39702069659307426,2373
1210132,38588825,1,0,F,302.82644063439130377,4435
1210132,38588825,2,0,F,302.82644063439130377,4435
1210133,38588345,1,0,F,245.02411160364704301,3193
1210133,38588345,2,0,F,245.02411160364704301,3193
1210134,41004548,1,0,F,458.94363853626418859,4023
1210134,41004548,2,0,F,458.94363853626418859,4023
1210135,38504611,1,0,F,1029.25957304254825431,1
1210135,38504611,2,0,F,1029.25957304254825431,1
1210135,41004562,1,0,F,309.03193396913439983,4057
1210135,41004562,2,0,F,309.03193396913439983,4057
1210135,41004570,1,0,F,305.92601395448576795,1236
1210135,41004570,2,0,F,305.92601395448576795,1236
1210136,38504607,1,0,F,311.73818340444881869,7251
1210136,38504607,2,0,F,311.73818340444881869,7251
1210136,38587452,1,0,F,397.99064344380877856,266
1210136,38587452,2,0,F,397.99064344380877856,266
1210136,38588863,1,0,F,289.01694209386232615,3475
1210136,38588863,2,0,F,289.01694209386232615,3475
1210137,41004570,1,0,F,1093.64734985315817539,1
1210137,41004570,2,0,F,1093.64734985315817539,1
1210138,41004609,1,0,F,529.28935433580886638,193
1210138,41004609,2,0,F,529.28935433580886638,193
1210139,38504941,1,0,F,179.76597347097913371,1512
1210139,38504941,2,0,F,179.76597347097913371,1512
1210140,38504533,1,0,F,142.01975339723676939,2514
1210140,38504533,2,0,F,142.01975339723676939,2514
1210140,38504615,1,0,F,74.60893283603911641,51
1210140,38504615,2,0,F,74.60893283603911641,51
1210141,38504281,1,0,F,110.35060852625092309,4815
1210141,38504281,2,0,F,110.35060852625092309,4815
1210141,38577786,1,0,F,215.28418915228942865,7269
1210141,38577786,2,0,F,215.28418915228942865,7269
1210141,38588344,1,0,F,174.45594341377403680,3547
1210141,38588344,2,0,F,174.45594341377403680,3547
1210141,38589131,1,0,F,209.44745555905015522,6203
1210141,38589131,2,0,F,209.44745555905015522,6203
1210141,38589134,1,0,F,277.30101198342651969,6376
1210141,38589134,2,0,F,277.30101198342651969,6376
1210141,38589135,1,0,F,156.03667638540201779,5310
1210141,38589135,2,0,F,156.03667638540201779,5310
1210141,38589169,1,0,F,166.19441690478186047,5385
1210141,38589169,2,0,F,166.19441690478186047,5385
1210141,38589172,1,0,F,283.23581373260407190,7784
1210141,38589172,2,0,F,283.23581373260407190,7784
1210141,38592377,1,0,F,108.00000000000000000,3443
1210141,38592377,2,0,F,108.00000000000000000,3443
1210141,41004583,1,0,F,421.16685799984099958,9710
1210141,41004583,2,0,F,421.16685799984099958,9710
1210142,38504625,1,0,F,251.92696020975742499,8223
1210142,38504625,2,0,F,251.92696020975742499,8223
1210142,38577803,1,0,F,288.91596611970743425,4656
1210142,38577803,2,0,F,288.91596611970743425,4656
1210142,41004590,1,0,F,455.77237361951682715,18151
1210142,41004590,2,0,F,455.77237361951682715,18151
1210143,38589175,1,0,F,150.27668320152477577,2012
1210143,38589175,2,0,F,150.27668320152477577,2012
1210144,38504625,1,0,F,171.30163297664412880,3387
1210144,38504625,2,0,F,171.30163297664412880,3387
1210144,38577815,1,0,F,331.68849235768010431,3180
1210144,38577815,2,0,F,331.68849235768010431,3180
1210144,38577819,1,0,F,249.92290695304967585,6708
1210144,38577819,2,0,F,249.92290695304967585,6708
1210144,38589177,1,0,F,207.91946926887601421,4161
1210144,38589177,2,0,F,207.91946926887601421,4161
1210145,38504933,1,0,F,258.29841086175792952,2272
1210145,38504933,2,0,F,258.29841086175792952,2272
1210146,38577784,1,0,F,123.76621037298954775,9051
1210146,38577784,2,0,F,123.76621037298954775,9051
1210146,38588351,1,0,F,91.00000000000001421,13023
1210146,38588351,2,0,F,91.00000000000001421,13023
1210146,38588860,1,0,F,181.59805873629576922,8661
1210146,38588860,2,0,F,181.59805873629576922,8661
1210146,38589140,1,0,F,163.40978788207377193,8925
1210146,38589140,2,0,F,163.40978788207377193,8925
1210146,38589157,1,0,F,165.05440850214546344,10806
1210146,38589157,2,0,F,165.05440850214546344,10806
1210146,38592369,1,0,F,142.12398993887146048,5736
1210146,38592369,2,0,F,142.12398993887146048,5736
1210147,38577810,1,0,F,153.38063978134147192,10254
1210147,38577810,2,0,F,153.38063978134147192,10254
1210147,38577811,1,0,F,233.74677054634162232,12182
1210147,38577811,2,0,F,233.74677054634162232,12182
1210147,38577820,1,0,F,214.88160401485953344,6691
1210147,38577820,2,0,F,214.88160401485953344,6691
1210147,38592371,1,0,F,320.25409961501941325,9317
1210147,38592371,2,0,F,320.25409961501941325,9317
1210147,41004646,1,0,F,637.98230024351460088,8428
1210147,41004646,2,0,F,637.98230024351460088,8428
1210148,38504881,1,0,F,190.12398488118208206,12207
1210148,38504881,2,0,F,190.12398488118208206,12207
1210148,38530013,1,0,F,133.42687628421643353,6885
1210148,38530013,2,0,F,133.42687628421643353,6885
1210148,38577741,1,0,F,210.15009270530885033,10866
1210148,38577741,2,0,F,210.15009270530885033,10866
1210148,38577810,1,0,F,101.42056988163228937,10785
1210148,38577810,2,0,F,101.42056988163228937,10785
1210148,38588858,1,0,F,152.01461672937878689,12645
1210148,38588858,2,0,F,152.01461672937878689,12645
1210148,38589154,1,0,F,208.02630580625671541,12486
1210148,38589154,2,0,F,208.02630580625671541,12486
1210148,38592368,1,0,F,188.66101769784506814,6528
1210148,38592368,2,0,F,188.66101769784506814,6528
1210149,38577837,1,0,F,107.55133238170077448,9195
1210149,38577837,2,0,F,107.55133238170077448,9195
1210149,38589147,1,0,F,257.95249296010769058,5973
1210149,38589147,2,0,F,257.95249296010769058,5973
1210149,38589150,1,0,F,183.95785809826821833,15276
1210149,38589150,2,0,F,183.95785809826821833,15276
1210149,38589162,1,0,F,183.46521147503042926,4743
1210149,38589162,2,0,F,183.46521147503042926,4743
1210149,38589270,1,0,F,252.08023479606634965,6428
1210149,38589270,2,0,F,252.08023479606634965,6428
1210149,38592380,1,0,F,310.77517841259481202,4134
1210149,38592380,2,0,F,310.77517841259481202,4134
1210150,38504631,1,0,F,292.63811570943641982,5304
1210150,38504631,2,0,F,292.63811570943641982,5304
1210150,38504862,1,0,F,330.02918177164173130,5481
1210150,38504862,2,0,F,330.02918177164173130,5481
1210150,38504975,1,0,F,255.34536157620374297,3624
1210150,38504975,2,0,F,255.34536157620374297,3624
1210150,38577743,1,0,F,345.67156416311917155,3355
1210150,38577743,2,0,F,345.67156416311917155,3355
1210151,38504865,1,0,F,322.53692252613626579,324
1210151,38504865,2,0,F,322.53692252613626579,324
1210152,38504932,1,0,F,69.86946295895022274,82
1210152,38504932,2,0,F,69.86946295895022274,82
1210153,38504630,1,0,F,1327.53227903955803413,1
1210153,38504630,2,0,F,1327.53227903955803413,1
1210154,38504865,1,0,F,471.47392040944180280,788
1210154,38504865,2,0,F,471.47392040944180280,788
1210154,38504929,1,0,F,84.59784590919257141,230
1210154,38504929,2,0,F,84.59784590919257141,230
1210154,38504942,1,0,F,956.52118917462860281,1
1210154,38504942,2,0,F,956.52118917462860281,1
1210154,38577745,1,0,F,799.88942243421797684,1
1210154,38577745,2,0,F,799.88942243421797684,1
1210154,38587241,1,0,F,363.26083341519131409,3989
1210154,38587241,2,0,F,363.26083341519131409,3989
1210155,38504942,1,0,F,321.45767522246359249,918
1210155,38504942,2,0,F,321.45767522246359249,918
1210156,38504864,1,0,F,197.46478155251452336,5090
1210156,38504864,2,0,F,197.46478155251452336,5090
1210159,38504984,1,0,F,163.99812844831333791,1807
1210159,38504984,2,0,F,163.99812844831333791,1807
1210160,38504537,1,0,F,129.51145230539842146,2286
1210160,38504537,2,0,F,129.51145230539842146,2286
1210160,41004584,1,0,F,253.05658573944396039,4274
1210160,41004584,2,0,F,253.05658573944396039,4274
1210161,38504646,1,0,F,300.13722482044278195,742
1210161,38504646,2,0,F,300.13722482044278195,742
1210162,38587227,1,0,F,468.93194460393527834,232
1210162,38587227,2,0,F,468.93194460393527834,232
1210163,38587226,1,0,F,266.24574070771274137,5199
1210163,38587226,2,0,F,266.24574070771274137,5199
1210163,38587227,1,0,F,396.68870632325808856,3564
1210163,38587227,2,0,F,396.68870632325808856,3564
1210163,41004589,1,0,F,452.15289944131160382,3152
1210163,41004589,2,0,F,452.15289944131160382,3152
1210164,41004609,1,0,F,246.00575118097563632,443
1210164,41004609,2,0,F,246.00575118097563632,443
1210165,38583452,1,0,F,1298.87310633014158157,1
1210165,38583452,2,0,F,1298.87310633014158157,1
1210166,38587003,1,0,F,310.58537268301512313,2587
1210166,38587003,2,0,F,310.58537268301512313,2587
1210167,41004579,1,0,F,574.30515880743701018,3313
1210167,41004579,2,0,F,574.30515880743701018,3313
1210168,41004525,1,0,F,1730.98424644526448901,1
1210168,41004525,2,0,F,1730.98424644526448901,1
1210168,41004579,1,0,F,2194.36303769541245856,1
1210168,41004579,2,0,F,2194.36303769541245856,1
1210169,38577891,1,0,F,310.81922645546814010,10730
1210169,38577891,2,0,F,310.81922645546814010,10730
1210169,38577893,1,0,F,181.34443307659631728,3481
1210169,38577893,2,0,F,181.34443307659631728,3481
1210169,38587003,1,0,F,226.55553895834503919,6130
1210169,38587003,2,0,F,226.55553895834503919,6130
1210169,41004581,1,0,F,475.26784914764499490,3828
1210169,41004581,2,0,F,475.26784914764499490,3828
1210170,41004643,1,0,F,415.42919814998361971,974
1210170,41004643,2,0,F,415.42919814998361971,974
1210171,38577895,1,0,F,397.68710922120374107,2484
1210171,38577895,2,0,F,397.68710922120374107,2484
1210172,38587393,1,0,F,198.10850001400390852,245
1210172,38587393,2,0,F,198.10850001400390852,245
1210172,38589137,1,0,F,302.72360938817990927,1650
1210172,38589137,2,0,F,302.72360938817990927,1650
1210173,38577899,1,0,F,283.15235691393536399,653
1210173,38577899,2,0,F,283.15235691393536399,653
1210174,38570545,1,0,F,1023.75797450784250486,1
1210174,38570545,2,0,F,1023.75797450784250486,1
1210174,38570546,1,0,F,214.60439413381476470,1087
1210174,38570546,2,0,F,214.60439413381476470,1087
1210175,41004605,1,0,F,484.84590004404316232,1442
1210175,41004605,2,0,F,484.84590004404316232,1442
1210176,41004632,1,0,F,435.94682225314875268,1931
1210176,41004632,2,0,F,435.94682225314875268,1931
1210177,38587104,1,0,F,283.55391971111384919,1991
1210177,38587104,2,0,F,283.55391971111384919,1991
1210177,38587108,1,0,F,186.58984645949703918,535
1210177,38587108,2,0,F,186.58984645949703918,535
1210178,38504778,1,0,F,356.65402851931486339,6541
1210178,38504778,2,0,F,356.65402851931486339,6541
1210179,38570542,1,0,F,318.91810243845196737,1726
1210179,38570542,2,0,F,318.91810243845196737,1726
1210179,38588088,1,0,F,820.26542738633395402,1
1210179,38588088,2,0,F,820.26542738633395402,1
1210180,38504983,1,0,F,158.57169596646986065,2726
1210180,38504983,2,0,F,158.57169596646986065,2726
1210181,38570547,1,0,F,301.19808210923036995,193
1210181,38570547,2,0,F,301.19808210923036995,193
1210184,38504782,1,0,F,253.10236309210549166,4710
1210184,38504782,2,0,F,253.10236309210549166,4710
1210184,38570549,1,0,F,301.79523629939029661,2494
1210184,38570549,2,0,F,301.79523629939029661,2494
1210184,38570550,1,0,F,268.57723669603683447,3011
1210184,38570550,2,0,F,268.57723669603683447,3011
1210184,38587808,1,0,F,331.99444989330947919,4773
1210184,38587808,2,0,F,331.99444989330947919,4773
1210184,41004691,1,0,F,0.00000000000000000,100
1210184,41004691,2,0,F,0.00000000000000000,100
1210185,38570544,1,0,F,263.00121867807399667,799
1210185,38570544,2,0,F,263.00121867807399667,799
1210186,38570538,1,0,F,359.85651612746528372,594
1210186,38570538,2,0,F,359.85651612746528372,594
1210187,41004699,1,0,F,293.89991436209538733,543
1210187,41004699,2,0,F,293.89991436209538733,543
1210188,41004677,1,0,F,737.16011043333980979,1315
1210188,41004677,2,0,F,737.16011043333980979,1315
1210189,38504769,1,0,F,258.25512174452012459,5290
1210189,38504769,2,0,F,258.25512174452012459,5290
1210189,38577866,1,0,F,366.89288947541484731,2664
1210189,38577866,2,0,F,366.89288947541484731,2664
1210189,38595193,1,0,F,257.62895169016138652,2914
1210189,38595193,2,0,F,257.62895169016138652,2914
1210189,41004677,1,0,F,527.53920610852935624,8870
1210189,41004677,2,0,F,527.53920610852935624,8870
1210193,38577853,1,0,F,339.73900320714869849,2086
1210193,38577853,2,0,F,339.73900320714869849,2086
1210193,38577864,1,0,F,213.31940900446409159,3873
1210193,38577864,2,0,F,213.31940900446409159,3873
1210194,38504877,1,0,F,196.39907521704873261,1672
1210194,38504877,2,0,F,196.39907521704873261,1672
1210194,38577853,1,0,F,276.42207921472839871,1925
1210194,38577853,2,0,F,276.42207921472839871,1925
1210195,38504850,1,0,F,383.58796452020084189,3178
1210195,38504850,2,0,F,383.58796452020084189,3178
1210196,38504874,1,0,F,299.10342563564370266,2043
1210196,38504874,2,0,F,299.10342563564370266,2043
1210197,38504644,1,0,F,251.51169688457363804,1996
1210197,38504644,2,0,F,251.51169688457363804,1996
1210198,38504283,1,0,F,45.22745460184136590,1958
1210198,38504283,2,0,F,45.22745460184136590,1958
1210199,38504856,1,0,F,219.17163818954139742,2545
1210199,38504856,2,0,F,219.17163818954139742,2545
1210200,38504619,1,0,F,66.20992305120871890,2644
1210200,38504619,2,0,F,66.20992305120871890,2644
1210201,38504767,1,0,F,298.48511382337858322,1348
1210201,38504767,2,0,F,298.48511382337858322,1348
1210202,38504767,1,0,F,368.20993111834036426,2462
1210202,38504767,2,0,F,368.20993111834036426,2462
1210202,41004732,1,0,F,666.96710100411405620,2902
1210202,41004732,2,0,F,666.96710100411405620,2902
1210203,38504869,1,0,F,125.15823765631886033,592
1210203,38504869,2,0,F,125.15823765631886033,592
1210204,38504871,1,0,F,143.63231728449574121,1238
1210204,38504871,2,0,F,143.63231728449574121,1238
1210205,38504594,1,0,F,452.86474153481060512,438
1210205,38504594,2,0,F,452.86474153481060512,438
1210205,38504890,1,0,F,407.40132150122866506,2948
1210205,38504890,2,0,F,407.40132150122866506,2948
1210205,41004754,1,0,F,295.01037947756248059,4116
1210205,41004754,2,0,F,295.01037947756248059,4116
1210207,38577862,1,0,F,437.31028904303462923,1461
1210207,38577862,2,0,F,437.31028904303462923,1461
1210207,41004789,1,0,F,408.96899207133270693,2736
1210207,41004789,2,0,F,408.96899207133270693,2736
1210208,38570556,1,0,F,230.99722451154570990,4818
1210208,38570556,2,0,F,230.99722451154570990,4818
1210208,38570557,1,0,F,231.46876791537619056,3764
1210208,38570557,2,0,F,231.46876791537619056,3764
1210208,38588080,1,0,F,463.20389308390866745,2338
1210208,38588080,2,0,F,463.20389308390866745,2338
1210209,38577878,1,0,F,469.08410200422002845,2900
1210209,38577878,2,0,F,469.08410200422002845,2900
1210210,38577845,1,0,F,353.10918783752691752,3440
1210210,38577845,2,0,F,353.10918783752691752,3440
1210211,38504943,1,0,F,14.81043910576981304,874
1210211,38504943,2,0,F,14.81043910576981304,874
1210212,38588822,1,0,F,317.28055384977955100,1438
1210212,38588822,2,0,F,317.28055384977955100,1438
1210213,38577871,1,0,F,309.95194689336921101,803
1210213,38577871,2,0,F,309.95194689336921101,803
1210214,38504858,1,0,F,194.79894765347853536,3681
1210214,38504858,2,0,F,194.79894765347853536,3681
1210215,38504773,1,0,F,205.40334669914261667,1404
1210215,38504773,2,0,F,205.40334669914261667,1404
1210216,38504773,1,0,F,338.83228481863659454,2784
1210216,38504773,2,0,F,338.83228481863659454,2784
1210217,38577714,1,0,F,437.82692322618254366,2165
1210217,38577714,2,0,F,437.82692322618254366,2165
1210218,41003973,1,0,F,392.68797712829854163,3787
1210218,41003973,2,0,F,392.68797712829854163,3787
1210219,38504960,1,0,F,335.01465651425735359,5549
1210219,38504960,2,0,F,335.01465651425735359,5549
1210220,38504960,1,0,F,487.36747505151924997,2179
1210220,38504960,2,0,F,487.36747505151924997,2179
1210221,38504891,1,0,F,226.81111934640992445,836
1210221,38504891,2,0,F,226.81111934640992445,836
1210221,38577678,1,0,F,238.02943839966116002,305
1210221,38577678,2,0,F,238.02943839966116002,305
1210222,38504893,1,0,F,265.79096417829805432,700
1210222,38504893,2,0,F,265.79096417829805432,700
1210223,38570452,1,0,F,229.89666567965818444,454
1210223,38570452,2,0,F,229.89666567965818444,454
1210224,38504798,1,0,F,35.47025902918998241,376
1210224,38504798,2,0,F,35.47025902918998241,376
1210225,41004016,1,0,F,560.12399253516332465,1293
1210225,41004016,2,0,F,560.12399253516332465,1293
1210226,38570456,1,0,F,121.49666120574084971,1017
1210226,38570456,2,0,F,121.49666120574084971,1017
1210227,38504786,1,0,F,211.05545280481479153,814
1210227,38504786,2,0,F,211.05545280481479153,814
1210227,38504788,1,0,F,383.67982408996800814,512
1210227,38504788,2,0,F,383.67982408996800814,512
1210228,38504867,1,0,F,304.37084107849148040,3242
1210228,38504867,2,0,F,304.37084107849148040,3242
1210228,38504965,1,0,F,276.70376713050791295,1792
1210228,38504965,2,0,F,276.70376713050791295,1792
1210228,38577718,1,0,F,244.18896712606607480,6965
1210228,38577718,2,0,F,244.18896712606607480,6965
1210228,38591807,1,0,F,345.73701578469842843,4020
1210228,38591807,2,0,F,345.73701578469842843,4020
1210230,41004166,1,0,F,397.86064922180429448,2028
1210230,41004166,2,0,F,397.86064922180429448,2028
1211001,38572372,1,0,F,335.50181579978982427,9816
1211001,38572372,2,0,F,335.50181579978982427,9816
1211001,38582192,1,0,F,367.34967090570637538,3315
1211001,38582192,2,0,F,367.34967090570637538,3315
1211002,38572371,1,0,F,268.93818448968170287,10696
1211002,38572371,2,0,F,268.93818448968170287,10696
1211002,38583577,1,0,F,251.92454210504334355,4539
1211002,38583577,2,0,F,251.92454210504334355,4539
1211003,38508862,1,0,F,311.82092859028290377,4990
1211003,38508862,2,0,F,311.82092859028290377,4990
1211004,38581284,1,0,F,319.16129912008500469,1161
1211004,38581284,2,0,F,319.16129912008500469,1161
1211004,41006260,1,0,F,391.95382639428459015,3941
1211004,41006260,2,0,F,391.95382639428459015,3941
1211005,38500386,1,0,F,349.63400290343457755,4001
1211005,38500386,2,0,F,349.63400290343457755,4001
1211006,38581286,1,0,F,162.67203601356783338,6244
1211006,38581286,2,0,F,162.67203601356783338,6244
1211006,38587636,1,0,F,257.05122936782856868,5084
1211006,38587636,2,0,F,257.05122936782856868,5084
1211006,38588076,1,0,F,14.00000000000000178,100
1211006,38588076,2,0,F,14.00000000000000178,100
1211006,41006317,1,0,F,449.72419079114013130,9222
1211006,41006317,2,0,F,449.72419079114013130,9222
1211007,38572366,1,0,F,311.41034387595834687,2570
1211007,38572366,2,0,F,311.41034387595834687,2570
1211007,38572368,1,0,F,280.66045083838855589,2429
1211007,38572368,2,0,F,280.66045083838855589,2429
1211009,38500385,1,0,F,328.39100541093813490,2446
1211009,38500385,2,0,F,328.39100541093813490,2446
1211009,38589884,1,0,F,221.56095414988763537,3372
1211009,38589884,2,0,F,221.56095414988763537,3372
1211010,38588647,1,0,F,287.97226375264511944,9939
1211010,38588647,2,0,F,287.97226375264511944,9939
1211011,38500382,1,0,F,403.39523359195084140,1062
1211011,38500382,2,0,F,403.39523359195084140,1062
1211012,38500701,1,0,F,129.25668638836211244,84
1211012,38500701,2,0,F,129.25668638836211244,84
1211012,38500773,1,0,F,271.36201309929458603,2482
1211012,38500773,2,0,F,271.36201309929458603,2482
1211013,38500761,1,0,F,98.34401317019303690,701
1211013,38500761,2,0,F,98.34401317019303690,701
1211014,38500955,1,0,F,260.61407257660772530,702
1211014,38500955,2,0,F,260.61407257660772530,702
1211015,38572329,1,0,F,351.02686922732874564,3238
1211015,38572329,2,0,F,351.02686922732874564,3238
1211016,38500797,1,0,F,326.71066581241467475,2120
1211016,38500797,2,0,F,326.71066581241467475,2120
1211017,38500774,1,0,F,216.30358199751208303,4168
1211017,38500774,2,0,F,216.30358199751208303,4168
1211018,38500674,1,0,F,309.43332342850385430,5904
1211018,38500674,2,0,F,309.43332342850385430,5904
1211018,38572314,1,0,F,212.37313537133329078,5208
1211018,38572314,2,0,F,212.37313537133329078,5208
1211018,38572316,1,0,F,157.34052414165776668,2865
1211018,38572316,2,0,F,157.34052414165776668,2865
1211018,41006095,1,0,F,352.74599004056148033,2917
1211018,41006095,2,0,F,352.74599004056148033,2917
1211018,41006108,1,0,F,526.02437614722703074,5737
1211018,41006108,2,0,F,526.02437614722703074,5737
1211019,38500762,1,0,F,160.55084198612965452,980
1211019,38500762,2,0,F,160.55084198612965452,980
1211020,38571474,1,0,F,332.03830369980482828,4416
1211020,38571474,2,0,F,332.03830369980482828,4416
1211021,38571502,1,0,F,276.04058201279156037,689
1211021,38571502,2,0,F,276.04058201279156037,689
1211022,38571501,1,0,F,98.02901214344682046,410
1211022,38571501,2,0,F,98.02901214344682046,410
1211023,38571485,1,0,F,179.68903448800998035,344
1211023,38571485,2,0,F,179.68903448800998035,344
1211023,38571486,1,0,F,201.70247940352658134,202
1211023,38571486,2,0,F,201.70247940352658134,202
1211024,38571484,1,0,F,212.32036933782995902,342
1211024,38571484,2,0,F,212.32036933782995902,342
1211025,38571483,1,0,F,159.52725046680546939,154
1211025,38571483,2,0,F,159.52725046680546939,154
1211025,38571496,1,0,F,118.53531808603381137,275
1211025,38571496,2,0,F,118.53531808603381137,275
1211025,38580361,1,0,F,302.88263845377059624,682
1211025,38580361,2,0,F,302.88263845377059624,682
1211026,38508714,1,0,F,58.19160567677126039,869
1211026,38508714,2,0,F,58.19160567677126039,869
1211026,38571492,1,0,F,229.18028536905549686,289
1211026,38571492,2,0,F,229.18028536905549686,289
1211026,38581034,1,0,F,200.35840634364626567,432
1211026,38581034,2,0,F,200.35840634364626567,432
1211026,38581590,1,0,F,245.65562217807666912,1900
1211026,38581590,2,0,F,245.65562217807666912,1900
1211027,38508715,1,0,F,133.49685118163498032,119
1211027,38508715,2,0,F,133.49685118163498032,119
1211027,38508719,1,0,F,143.48912532976325451,152
1211027,38508719,2,0,F,143.48912532976325451,152
1211027,38508720,1,0,F,87.77577257180561787,214
1211027,38508720,2,0,F,87.77577257180561787,214
1211027,38581627,1,0,F,291.81205602087226225,3865
1211027,38581627,2,0,F,291.81205602087226225,3865
1211028,38508716,1,0,F,221.13146008132449083,353
1211028,38508716,2,0,F,221.13146008132449083,353
1211029,38500231,1,0,F,268.76562079013677931,657
1211029,38500231,2,0,F,268.76562079013677931,657
1211030,38500230,1,0,F,234.53963965702178029,958
1211030,38500230,2,0,F,234.53963965702178029,958
1211031,38571481,1,0,F,348.88483367808834146,1990
1211031,38571481,2,0,F,348.88483367808834146,1990
1211032,38500070,1,0,F,222.57591707838358275,1525
1211032,38500070,2,0,F,222.57591707838358275,1525
1211033,38500695,1,0,F,214.00955728619248930,3143
1211033,38500695,2,0,F,214.00955728619248930,3143
1211034,38572164,1,0,F,280.50532945425499065,1702
1211034,38572164,2,0,F,280.50532945425499065,1702
1211035,38500697,1,0,F,263.05199395038226839,3024
1211035,38500697,2,0,F,263.05199395038226839,3024
1211035,38583436,1,0,F,345.04195164785744510,4254
1211035,38583436,2,0,F,345.04195164785744510,4254
1211036,38500067,1,0,F,259.17917531529144526,1596
1211036,38500067,2,0,F,259.17917531529144526,1596
1211037,38500066,1,0,F,254.68343388957310935,2639
1211037,38500066,2,0,F,254.68343388957310935,2639
1211038,38572205,1,0,F,269.17499282556696016,10341
1211038,38572205,2,0,F,269.17499282556696016,10341
1211038,38572206,1,0,F,262.44511600760739611,5421
1211038,38572206,2,0,F,262.44511600760739611,5421
1211038,38588752,1,0,F,314.47115631616605924,7071
1211038,38588752,2,0,F,314.47115631616605924,7071
1211038,38588754,1,0,F,295.13090052778682093,3632
1211038,38588754,2,0,F,295.13090052778682093,3632
1211039,38500956,1,0,F,230.81915307293041906,2058
1211039,38500956,2,0,F,230.81915307293041906,2058
1211040,38500775,1,0,F,352.45700721203365902,3626
1211040,38500775,2,0,F,352.45700721203365902,3626
1211041,38500993,1,0,F,183.72649294555560573,3771
1211041,38500993,2,0,F,183.72649294555560573,3771
1211042,38500972,1,0,F,260.61645327254609583,3127
1211042,38500972,2,0,F,260.61645327254609583,3127
1211043,38500985,1,0,F,230.09341483461525968,4737
1211043,38500985,2,0,F,230.09341483461525968,4737
1211045,38578042,1,0,F,133.28452252729533711,220
1211045,38578042,2,0,F,133.28452252729533711,220
1211046,38578047,1,0,F,262.16341323921517414,3401
1211046,38578047,2,0,F,262.16341323921517414,3401
1211046,38594311,1,0,F,168.68835332071097355,7623
1211046,38594311,2,0,F,168.68835332071097355,7623
1211046,41006447,1,0,F,437.19103103733095850,14908
1211046,41006447,2,0,F,437.19103103733095850,14908
1211047,38500388,1,0,F,240.60530974581044461,892
1211047,38500388,2,0,F,240.60530974581044461,892
1211048,38577987,1,0,F,277.03602237658930108,3876
1211048,38577987,2,0,F,277.03602237658930108,3876
1211049,38577992,1,0,F,408.86769216553909700,3370
1211049,38577992,2,0,F,408.86769216553909700,3370
1211049,38577993,1,0,F,261.98899434890188331,3739
1211049,38577993,2,0,F,261.98899434890188331,3739
1211049,38577994,1,0,F,239.68265925629171420,2757
1211049,38577994,2,0,F,239.68265925629171420,2757
1211050,38577990,1,0,F,281.53801273866696420,6986
1211050,38577990,2,0,F,281.53801273866696420,6986
1211052,38577999,1,0,F,247.47442593812539258,3020
1211052,38577999,2,0,F,247.47442593812539258,3020
1211052,38578002,1,0,F,159.61601956910493527,101
1211052,38578002,2,0,F,159.61601956910493527,101
1211053,38500966,1,0,F,127.07201559902142662,514
1211053,38500966,2,0,F,127.07201559902142662,514
1211054,38578011,1,0,F,268.96959759970724235,7773
1211054,38578011,2,0,F,268.96959759970724235,7773
1211054,38578013,1,0,F,336.93719754858028637,5459
1211054,38578013,2,0,F,336.93719754858028637,5459
1211055,38578006,1,0,F,278.17463719218284268,4119
1211055,38578006,2,0,F,278.17463719218284268,4119
1211055,38578008,1,0,F,282.48743528576619610,3259
1211055,38578008,2,0,F,282.48743528576619610,3259
1211055,38578650,1,0,F,269.25645103442190020,3186
1211055,38578650,2,0,F,269.25645103442190020,3186
1211056,38578095,1,0,F,273.11455153914016591,2402
1211056,38578095,2,0,F,273.11455153914016591,2402
1211056,38578097,1,0,F,251.98172307387594060,5016
1211056,38578097,2,0,F,251.98172307387594060,5016
1211058,38578085,1,0,F,276.87581766570326636,5602
1211058,38578085,2,0,F,276.87581766570326636,5602
1211058,38578086,1,0,F,213.19270198068522859,7059
1211058,38578086,2,0,F,213.19270198068522859,7059
1211058,38578094,1,0,F,214.17525060360665634,5442
1211058,38578094,2,0,F,214.17525060360665634,5442
1211058,41005381,1,0,F,424.01755622098494314,7328
1211058,41005381,2,0,F,424.01755622098494314,7328
1211058,41005433,1,0,F,453.11579183087377487,8984
1211058,41005433,2,0,F,453.11579183087377487,8984
1211059,38500458,1,0,F,228.16573397460555839,6072
1211059,38500458,2,0,F,228.16573397460555839,6072
1211059,38500498,1,0,F,308.57675806620403591,8077
1211059,38500498,2,0,F,308.57675806620403591,8077
1211059,38500991,1,0,F,267.57463408914469483,5490
1211059,38500991,2,0,F,267.57463408914469483,5490
1211059,38578105,1,0,F,264.01797875999665166,8932
1211059,38578105,2,0,F,264.01797875999665166,8932
1211059,38589959,1,0,F,277.04376976004675726,4449
1211059,38589959,2,0,F,277.04376976004675726,4449
1211059,38589960,1,0,F,346.71104417492836092,3441
1211059,38589960,2,0,F,346.71104417492836092,3441
1211060,38500468,1,0,F,221.44037563823152936,1947
1211060,38500468,2,0,F,221.44037563823152936,1947
1211061,38588130,1,0,F,293.78347892655955320,6258
1211061,38588130,2,0,F,293.78347892655955320,6258
1211061,38588131,1,0,F,203.79657665142670453,7728
1211061,38588131,2,0,F,203.79657665142670453,7728
1211061,38588331,1,0,F,201.43629804049874110,5208
1211061,38588331,2,0,F,201.43629804049874110,5208
1211061,38588334,1,0,F,267.79165184241895759,1229
1211061,38588334,2,0,F,267.79165184241895759,1229
1211063,38588129,1,0,F,189.68114551368901743,1275
1211063,38588129,2,0,F,189.68114551368901743,1275
1211064,38578133,1,0,F,307.09076714374407402,3248
1211064,38578133,2,0,F,307.09076714374407402,3248
1211064,38587848,1,0,F,319.77717039356713258,4383
1211064,38587848,2,0,F,319.77717039356713258,4383
1211064,41005548,1,0,F,451.57932552797797143,5361
1211064,41005548,2,0,F,451.57932552797797143,5361
1211065,38500485,1,0,F,212.71726177119231238,4777
1211065,38500485,2,0,F,212.71726177119231238,4777
1211065,38578069,1,0,F,194.80796421008619745,1773
1211065,38578069,2,0,F,194.80796421008619745,1773
1211065,38578112,1,0,F,252.98775825421699892,5245
1211065,38578112,2,0,F,252.98775825421699892,5245
1211065,38578113,1,0,F,359.72700897136081721,4241
1211065,38578113,2,0,F,359.72700897136081721,4241
1211065,38589920,1,0,F,439.96982305914934841,2647
1211065,38589920,2,0,F,439.96982305914934841,2647
1211066,38500459,1,0,F,225.30194422315724978,3183
1211066,38500459,2,0,F,225.30194422315724978,3183
1211067,38500460,1,0,F,257.93999811961731439,3355
1211067,38500460,2,0,F,257.93999811961731439,3355
1211068,38589531,1,0,F,255.19150903936588293,1321
1211068,38589531,2,0,F,255.19150903936588293,1321
1211069,38578127,1,0,F,135.93519038433723267,1113
1211069,38578127,2,0,F,135.93519038433723267,1113
1211070,41005896,1,0,F,412.32485783174934113,2779
1211070,41005896,2,0,F,412.32485783174934113,2779
1211071,38578114,1,0,F,284.97474264755885542,1585
1211071,38578114,2,0,F,284.97474264755885542,1585
1211071,38578115,1,0,F,292.58920478073940785,5219
1211071,38578115,2,0,F,292.58920478073940785,5219
1211072,38500488,1,0,F,253.26217821213825232,2098
1211072,38500488,2,0,F,253.26217821213825232,2098
1211073,38500478,1,0,F,125.63527542788830260,209
1211073,38500478,2,0,F,125.63527542788830260,209
1211074,38500462,1,0,F,109.89817250528591330,525
1211074,38500462,2,0,F,109.89817250528591330,525
1211074,38500466,1,0,F,178.42783707800592197,215
1211074,38500466,2,0,F,178.42783707800592197,215
1211075,38578120,1,0,F,356.41130612370420749,2038
1211075,38578120,2,0,F,356.41130612370420749,2038
1211076,38500477,1,0,F,253.84059923270774561,598
1211076,38500477,2,0,F,253.84059923270774561,598
1211077,38500465,1,0,F,101.29800063940085408,167
1211077,38500465,2,0,F,101.29800063940085408,167
1211077,38500476,1,0,F,126.07514100029104043,1879
1211077,38500476,2,0,F,126.07514100029104043,1879
1211078,38577913,1,0,F,164.13038007311442357,13776
1211078,38577913,2,0,F,164.13038007311442357,13776
1211078,38577940,1,0,F,38.82938345209459641,5691
1211078,38577940,2,0,F,38.82938345209459641,5691
1211078,38588646,1,0,F,152.92149928792355240,4134
1211078,38588646,2,0,F,152.92149928792355240,4134
1211078,38594107,1,0,F,111.31045309777898922,4134
1211078,38594107,2,0,F,111.31045309777898922,4134
1211078,38594128,1,0,F,191.63308390785320512,6873
1211078,38594128,2,0,F,191.63308390785320512,6873
1211078,38594146,1,0,F,188.39677750134831058,6804
1211078,38594146,2,0,F,188.39677750134831058,6804
1211078,38594150,1,0,F,199.05859364037388559,3801
1211078,38594150,2,0,F,199.05859364037388559,3801
1211079,38577964,1,0,F,218.22787904601915443,4773
1211079,38577964,2,0,F,218.22787904601915443,4773
1211079,38577972,1,0,F,160.48595616894056093,3891
1211079,38577972,2,0,F,160.48595616894056093,3891
1211079,38589213,1,0,F,165.64442064599484183,6622
1211079,38589213,2,0,F,165.64442064599484183,6622
1211079,38594105,1,0,F,100.27409822277888907,5655
1211079,38594105,2,0,F,100.27409822277888907,5655
1211079,38594109,1,0,F,113.55279804048666392,4917
1211079,38594109,2,0,F,113.55279804048666392,4917
1211079,38594115,1,0,F,183.24355768188036109,5886
1211079,38594115,2,0,F,183.24355768188036109,5886
1211079,38594116,1,0,F,231.30532881274788792,3663
1211079,38594116,2,0,F,231.30532881274788792,3663
1211079,38594124,1,0,F,224.91928491652387834,4728
1211079,38594124,2,0,F,224.91928491652387834,4728
1211080,38587445,1,0,F,204.12600603895185714,7150
1211080,38587445,2,0,F,204.12600603895185714,7150
1211080,38588207,1,0,F,152.78793254323593942,4149
1211080,38588207,2,0,F,152.78793254323593942,4149
1211080,38588208,1,0,F,250.95211536906970196,3563
1211080,38588208,2,0,F,250.95211536906970196,3563
1211080,38593902,1,0,F,183.79235321827698613,3033
1211080,38593902,2,0,F,183.79235321827698613,3033
1211080,38594090,1,0,F,206.07484227611854521,5965
1211080,38594090,2,0,F,206.07484227611854521,5965
1211081,38577969,1,0,F,314.89447865704204332,4672
1211081,38577969,2,0,F,314.89447865704204332,4672
1211081,38577971,1,0,F,315.55556226691055599,7491
1211081,38577971,2,0,F,315.55556226691055599,7491
1211081,38589879,1,0,F,333.28408330755468114,5830
1211081,38589879,2,0,F,333.28408330755468114,5830
1211082,38589881,1,0,F,300.88173771998060602,4138
1211082,38589881,2,0,F,300.88173771998060602,4138
1211083,38500456,1,0,F,312.94727626175841806,5183
1211083,38500456,2,0,F,312.94727626175841806,5183
1211084,38578078,1,0,F,204.68805934872588637,5260
1211084,38578078,2,0,F,204.68805934872588637,5260
1211084,38588585,1,0,F,252.88546559237977362,3666
1211084,38588585,2,0,F,252.88546559237977362,3666
1211084,38588589,1,0,F,147.27735943131980889,3097
1211084,38588589,2,0,F,147.27735943131980889,3097
1211084,41005273,1,0,F,566.47286772068446226,14115
1211084,41005273,2,0,F,566.47286772068446226,14115
1211085,38500490,1,0,F,273.83946624454972607,5905
1211085,38500490,2,0,F,273.83946624454972607,5905
1211085,38588586,1,0,F,213.91465684570695771,5620
1211085,38588586,2,0,F,213.91465684570695771,5620
1211085,41005284,1,0,F,383.76830255021485527,4337
1211085,41005284,2,0,F,383.76830255021485527,4337
1211087,38500457,1,0,F,83.23968048490146998,3291
1211087,38500457,2,0,F,83.23968048490146998,3291
1211088,38500750,1,0,F,260.94593342569959304,461
1211088,38500750,2,0,F,260.94593342569959304,461
1211089,38572377,1,0,F,170.27924193320109225,2532
1211089,38572377,2,0,F,170.27924193320109225,2532
1211091,38500684,1,0,F,228.88230127649052292,900
1211091,38500684,2,0,F,228.88230127649052292,900
1211092,41005468,1,0,F,370.84867816944910146,4095
1211092,41005468,2,0,F,370.84867816944910146,4095
1211093,38500760,1,0,F,272.99068470858918545,3053
1211093,38500760,2,0,F,272.99068470858918545,3053
1211094,38500698,1,0,F,118.14479306338250808,228
1211094,38500698,2,0,F,118.14479306338250808,228
1211095,38500760,1,0,F,1303.57595185170862351,1
1211095,38500760,2,0,F,1303.57595185170862351,1
1211096,41005704,1,0,F,322.68223253638052483,1183
1211096,41005704,2,0,F,322.68223253638052483,1183
1211097,38577906,1,0,F,303.32078000265812534,8025
1211097,38577906,2,0,F,303.32078000265812534,8025
1211097,38577907,1,0,F,315.22861077087628701,4520
1211097,38577907,2,0,F,315.22861077087628701,4520
1211097,38594780,1,0,F,174.81370587125843485,4529
1211097,38594780,2,0,F,174.81370587125843485,4529
1211097,41006361,1,0,F,188.69229678484384749,6963
1211097,41006361,2,0,F,188.69229678484384749,6963
1211099,38500992,1,0,F,382.91442503131668218,4057
1211099,38500992,2,0,F,382.91442503131668218,4057
1211099,38572364,1,0,F,418.02106327152853282,2409
1211099,38572364,2,0,F,418.02106327152853282,2409
1211100,38500380,1,0,F,356.66829240329479944,3003
1211100,38500380,2,0,F,356.66829240329479944,3003
1211101,38500596,1,0,F,288.84683911424667713,2308
1211101,38500596,2,0,F,288.84683911424667713,2308
1211102,38500387,1,0,F,271.94169724865395210,3003
1211102,38500387,2,0,F,271.94169724865395210,3003
1211103,38500383,1,0,F,243.17152212602010763,1742
1211103,38500383,2,0,F,243.17152212602010763,1742
1211103,41006361,1,0,F,571.20400642494530530,6118
1211103,41006361,2,0,F,571.20400642494530530,6118
1211104,38578029,1,0,F,214.93807067265751698,6504
1211104,38578029,2,0,F,214.93807067265751698,6504
1211104,38578031,1,0,F,248.82373052063218211,4683
1211104,38578031,2,0,F,248.82373052063218211,4683
1211104,41006389,1,0,F,452.10508473454041223,12292
1211104,41006389,2,0,F,452.10508473454041223,12292
1211105,38578035,1,0,F,277.11654474697058959,9267
1211105,38578035,2,0,F,277.11654474697058959,9267
1211105,38578039,1,0,F,105.54981998271622956,9928
1211105,38578039,2,0,F,105.54981998271622956,9928
1211105,38578055,1,0,F,140.81981544408478157,9980
1211105,38578055,2,0,F,140.81981544408478157,9980
1211105,38590433,1,0,F,282.92185775480436405,10220
1211105,38590433,2,0,F,282.92185775480436405,10220
1211105,41006438,1,0,F,399.13865847529865505,26011
1211105,41006438,2,0,F,399.13865847529865505,26011
1211106,38572352,1,0,F,217.91901468198025782,13172
1211106,38572352,2,0,F,217.91901468198025782,13172
1211106,38577984,1,0,F,171.29617359040668134,6141
1211106,38577984,2,0,F,171.29617359040668134,6141
1211106,38590417,1,0,F,153.69423426443640324,6981
1211106,38590417,2,0,F,153.69423426443640324,6981
1211106,38590419,1,0,F,295.17877566117897459,10764
1211106,38590419,2,0,F,295.17877566117897459,10764
1211106,38590421,1,0,F,191.46593160985307236,6846
1211106,38590421,2,0,F,191.46593160985307236,6846
1211106,38590426,1,0,F,179.71725152591844221,5853
1211106,38590426,2,0,F,179.71725152591844221,5853
1211106,38595470,1,0,F,144.48607592067443761,15973
1211106,38595470,2,0,F,144.48607592067443761,15973
1211107,38590434,1,0,F,197.06369266022298348,5223
1211107,38590434,2,0,F,197.06369266022298348,5223
1211108,38590411,1,0,F,399.79656136656797116,5492
1211108,38590411,2,0,F,399.79656136656797116,5492
1211108,41006510,1,0,F,494.47784540205128678,16700
1211108,41006510,2,0,F,494.47784540205128678,16700
1211110,41006526,1,0,F,526.63295036944543881,338
1211110,41006526,2,0,F,526.63295036944543881,338
1211111,38582642,1,0,F,333.41000256491668097,9129
1211111,38582642,2,0,F,333.41000256491668097,9129
1211111,41006540,1,0,F,452.15539882440646124,8445
1211111,41006540,2,0,F,452.15539882440646124,8445
1211112,38589180,1,0,F,235.91423747913705711,8259
1211112,38589180,2,0,F,235.91423747913705711,8259
1211113,38589184,1,0,F,333.30862117740440453,6924
1211113,38589184,2,0,F,333.30862117740440453,6924
1211113,38589186,1,0,F,371.98283257784163425,6834
1211113,38589186,2,0,F,371.98283257784163425,6834
1211113,41006576,1,0,F,381.19570525799088045,10728
1211113,41006576,2,0,F,381.19570525799088045,10728
1211114,38589188,1,0,F,181.59567893977359176,990
1211114,38589188,2,0,F,181.59567893977359176,990
1211115,38500494,1,0,F,201.74177155271908646,29260
1211115,38500494,2,0,F,201.74177155271908646,29260
1211115,38572373,1,0,F,244.43818217431169160,10374
1211115,38572373,2,0,F,244.43818217431169160,10374
1211115,38578065,1,0,F,254.75133104568047315,11984
1211115,38578065,2,0,F,254.75133104568047315,11984
1211115,38578090,1,0,F,321.86994905315896176,5716
1211115,38578090,2,0,F,321.86994905315896176,5716
1211115,38578107,1,0,F,201.89084239821869460,7236
1211115,38578107,2,0,F,201.89084239821869460,7236
1211115,41005300,1,0,F,414.08005703095722083,5872
1211115,41005300,2,0,F,414.08005703095722083,5872
1211115,41005333,1,0,F,468.22682041155138677,15684
1211115,41005333,2,0,F,468.22682041155138677,15684
1211116,38572386,1,0,F,337.34092417535924824,18723
1211116,38572386,2,0,F,337.34092417535924824,18723
1211116,38578080,1,0,F,242.65315828799361952,14567
1211116,38578080,2,0,F,242.65315828799361952,14567
1211116,38578104,1,0,F,326.56126816785166511,5690
1211116,38578104,2,0,F,326.56126816785166511,5690
1211116,41005300,1,0,F,286.37452367182800117,9184
1211116,41005300,2,0,F,286.37452367182800117,9184
1211116,41005333,1,0,F,451.16477055439520427,8120
1211116,41005333,2,0,F,451.16477055439520427,8120
1211117,38572149,1,0,F,85.26773360034876248,3496
1211117,38572149,2,0,F,85.26773360034876248,3496
1211119,38500655,1,0,F,74.05498164742083134,1058
1211119,38500655,2,0,F,74.05498164742083134,1058
1211120,38500957,1,0,F,194.98846508657419463,1629
1211120,38500957,2,0,F,194.98846508657419463,1629
1211121,38500755,1,0,F,376.45001401965669174,5406
1211121,38500755,2,0,F,376.45001401965669174,5406
1211122,38572189,1,0,F,317.79988930572619665,1991
1211122,38572189,2,0,F,317.79988930572619665,1991
1211123,38572115,1,0,F,229.48774997349630667,4564
1211123,38572115,2,0,F,229.48774997349630667,4564
1211123,38572184,1,0,F,272.66168069953403119,4574
1211123,38572184,2,0,F,272.66168069953403119,4574
1211123,38572185,1,0,F,243.93165775140698770,5386
1211123,38572185,2,0,F,243.93165775140698770,5386
1211125,38500981,1,0,F,89.00296914958610728,2081
1211125,38500981,2,0,F,89.00296914958610728,2081
1211126,38500967,1,0,F,273.99889401150187496,1143
1211126,38500967,2,0,F,273.99889401150187496,1143
1211127,38572120,1,0,F,255.94586147743325455,1314
1211127,38572120,2,0,F,255.94586147743325455,1314
1211128,38500764,1,0,F,137.81844834567465341,587
1211128,38500764,2,0,F,137.81844834567465341,587
1211129,38500969,1,0,F,279.36398004704966525,1245
1211129,38500969,2,0,F,279.36398004704966525,1245
1211130,38500765,1,0,F,238.17569045732057020,3501
1211130,38500765,2,0,F,238.17569045732057020,3501
1211130,38572133,1,0,F,343.64739386107004293,3052
1211130,38572133,2,0,F,343.64739386107004293,3052
1224001,38504596,1,0,F,384.28174691794197315,1307
1224001,38504596,2,0,F,384.28174691794197315,1307
1224002,38504751,1,0,F,99.66326853672401853,1987
1224002,38504751,2,0,F,99.66326853672401853,1987
1224003,38504399,1,0,F,393.82294839650097629,653
1224003,38504399,2,0,F,393.82294839650097629,653
1224004,41003653,1,0,F,433.52646425495510130,1941
1224004,41003653,2,0,F,433.52646425495510130,1941
1224005,38579594,1,0,F,275.88797956171629266,1781
1224005,38579594,2,0,F,275.88797956171629266,1781
1224006,38571858,1,0,F,424.06910906231291847,432
1224006,38571858,2,0,F,424.06910906231291847,432
1224007,38571855,1,0,F,350.79794734491190411,6025
1224007,38571855,2,0,F,350.79794734491190411,6025
1224007,38579592,1,0,F,231.86492520278937945,4086
1224007,38579592,2,0,F,231.86492520278937945,4086
1224007,41003691,1,0,F,467.10270434078529433,5065
1224007,41003691,2,0,F,467.10270434078529433,5065
1224008,38595199,1,0,F,258.89205897199695983,2600
1224008,38595199,2,0,F,258.89205897199695983,2600
1224009,38580386,1,0,F,143.07021540611071941,1988
1224009,38580386,2,0,F,143.07021540611071941,1988
1224009,41003781,1,0,F,424.07451461033252826,10284
1224009,41003781,2,0,F,424.07451461033252826,10284
1224010,41003815,1,0,F,391.88152690810710510,1975
1224010,41003815,2,0,F,391.88152690810710510,1975
1224011,41003839,1,0,F,243.18321693642980108,564
1224011,41003839,2,0,F,243.18321693642980108,564
1224012,38504750,1,0,F,344.79354823015250986,760
1224012,38504750,2,0,F,344.79354823015250986,760
1224013,38571811,1,0,F,333.89851770857660540,787
1224013,38571811,2,0,F,333.89851770857660540,787
1224014,38504740,1,0,F,97.36716568487037193,456
1224014,38504740,2,0,F,97.36716568487037193,456
1224015,41003828,1,0,F,290.91333170147817100,5678
1224015,41003828,2,0,F,290.91333170147817100,5678
1224016,38579725,1,0,F,237.92194071682126832,4826
1224016,38579725,2,0,F,237.92194071682126832,4826
1224016,38593723,1,0,F,184.14610425969317475,10290
1224016,38593723,2,0,F,184.14610425969317475,10290
1224016,38593726,1,0,F,273.22665288090308877,6032
1224016,38593726,2,0,F,273.22665288090308877,6032
1224016,38593738,1,0,F,68.64424101428980407,5031
1224016,38593738,2,0,F,68.64424101428980407,5031
1224016,38593744,1,0,F,139.16631069241338992,6279
1224016,38593744,2,0,F,139.16631069241338992,6279
1224016,41003850,1,0,F,311.70489478556123686,14326
1224016,41003850,2,0,F,311.70489478556123686,14326
1224016,41003859,1,0,F,491.44399136528670624,15727
1224016,41003859,2,0,F,491.44399136528670624,15727
1224017,38571837,1,0,F,437.39706978497906675,5683
1224017,38571837,2,0,F,437.39706978497906675,5683
1224018,38570332,1,0,F,181.34697954480415660,442
1224018,38570332,2,0,F,181.34697954480415660,442
1224018,38581065,1,0,F,301.51336030566540103,403
1224018,38581065,2,0,F,301.51336030566540103,403
1224019,38582050,1,0,F,226.16472228049696014,1360
1224019,38582050,2,0,F,226.16472228049696014,1360
1224020,38570324,1,0,F,212.95347035609799491,4176
1224020,38570324,2,0,F,212.95347035609799491,4176
1224020,41003879,1,0,F,525.28956031885036282,8096
1224020,41003879,2,0,F,525.28956031885036282,8096
1224021,38570322,1,0,F,337.97861012569376271,3993
1224021,38570322,2,0,F,337.97861012569376271,3993
1224022,41003907,1,0,F,420.03844498163829257,4118
1224022,41003907,2,0,F,420.03844498163829257,4118
1224023,38570322,1,0,F,328.12629931531859029,3498
1224023,38570322,2,0,F,328.12629931531859029,3498
1224024,38579654,1,0,F,152.69723744582742597,3566
1224024,38579654,2,0,F,152.69723744582742597,3566
1224024,38579656,1,0,F,263.22275404099093521,3589
1224024,38579656,2,0,F,263.22275404099093521,3589
1224025,38595194,1,0,F,305.18273259031064981,208
1224025,38595194,2,0,F,305.18273259031064981,208
1224026,38504395,1,0,F,448.34390337558403417,273
1224026,38504395,2,0,F,448.34390337558403417,273
1224027,38571797,1,0,F,227.95753104626751906,2624
1224027,38571797,2,0,F,227.95753104626751906,2624
1224027,41003872,1,0,F,357.20172112293556665,85
1224027,41003872,2,0,F,357.20172112293556665,85
1224030,38504511,1,0,F,210.13936814166754630,5375
1224030,38504511,2,0,F,210.13936814166754630,5375
1224030,38579657,1,0,F,204.67266376474523781,4539
1224030,38579657,2,0,F,204.67266376474523781,4539
1224030,38579664,1,0,F,141.23763080876619824,5232
1224030,38579664,2,0,F,141.23763080876619824,5232
1224030,38594868,1,0,F,384.91582149057859397,7003
1224030,38594868,2,0,F,384.91582149057859397,7003
1224030,41003935,1,0,F,521.69468394834109404,8008
1224030,41003935,2,0,F,521.69468394834109404,8008
1224031,38579640,1,0,F,136.91352200447533960,2664
1224031,38579640,2,0,F,136.91352200447533960,2664
1224032,38579002,1,0,F,358.23030380351741542,4454
1224032,38579002,2,0,F,358.23030380351741542,4454
1224032,38593625,1,0,F,194.80940227680846988,5250
1224032,38593625,2,0,F,194.80940227680846988,5250
1224032,38593626,1,0,F,138.55156546113877880,3867
1224032,38593626,2,0,F,138.55156546113877880,3867
1224032,38593630,1,0,F,71.95350133973235529,3351
1224032,38593630,2,0,F,71.95350133973235529,3351
1224032,38593634,1,0,F,153.75917862861118124,7854
1224032,38593634,2,0,F,153.75917862861118124,7854
1224032,38593660,1,0,F,203.41142927246767158,3943
1224032,38593660,2,0,F,203.41142927246767158,3943
1224032,38593673,1,0,F,132.43815076513868689,4707
1224032,38593673,2,0,F,132.43815076513868689,4707
1224032,38593694,1,0,F,232.15255482355257755,8127
1224032,38593694,2,0,F,232.15255482355257755,8127
1224033,38587358,1,0,F,174.19132632574800823,4488
1224033,38587358,2,0,F,174.19132632574800823,4488
1224033,38588214,1,0,F,263.08454775646629287,6722
1224033,38588214,2,0,F,263.08454775646629287,6722
1224033,38593639,1,0,F,205.04955618800588013,4173
1224033,38593639,2,0,F,205.04955618800588013,4173
1224033,38593649,1,0,F,140.87648594774864819,6135
1224033,38593649,2,0,F,140.87648594774864819,6135
1224033,38593652,1,0,F,191.80322629170018445,5418
1224033,38593652,2,0,F,191.80322629170018445,5418
1224033,38593666,1,0,F,222.83119209518463322,3747
1224033,38593666,2,0,F,222.83119209518463322,3747
1224033,38593686,1,0,F,169.08656187491158107,4760
1224033,38593686,2,0,F,169.08656187491158107,4760
1224033,41003885,1,0,F,544.45588077551803963,3835
1224033,41003885,2,0,F,544.45588077551803963,3835
1224034,38571883,1,0,F,110.07301839002758470,10900
1224034,38571883,2,0,F,110.07301839002758470,10900
1224034,38571885,1,0,F,184.53342999457319706,12247
1224034,38571885,2,0,F,184.53342999457319706,12247
1224034,38593643,1,0,F,144.03435390026749019,9639
1224034,38593643,2,0,F,144.03435390026749019,9639
1224034,38593648,1,0,F,107.83025976363360598,4341
1224034,38593648,2,0,F,107.83025976363360598,4341
1224034,38593651,1,0,F,94.79351862311197863,5301
1224034,38593651,2,0,F,94.79351862311197863,5301
1224034,38593658,1,0,F,174.16676246793991822,8835
1224034,38593658,2,0,F,174.16676246793991822,8835
1224034,38593670,1,0,F,168.43535125895945725,10119
1224034,38593670,2,0,F,168.43535125895945725,10119
1224034,38593675,1,0,F,143.21002965225315506,6416
1224034,38593675,2,0,F,143.21002965225315506,6416
1224034,41003937,1,0,F,356.55386512744451011,10316
1224034,41003937,2,0,F,356.55386512744451011,10316
1224034,41003945,1,0,F,250.43332866445223317,10140
1224034,41003945,2,0,F,250.43332866445223317,10140
1224035,38593669,1,0,F,392.50017276542439504,2700
1224035,38593669,2,0,F,392.50017276542439504,2700
1224035,38593691,1,0,F,164.73487379512314988,4972
1224035,38593691,2,0,F,164.73487379512314988,4972
1224035,38593700,1,0,F,307.96372287533159806,3033
1224035,38593700,2,0,F,307.96372287533159806,3033
1224035,38593713,1,0,F,283.41785192051747799,5420
1224035,38593713,2,0,F,283.41785192051747799,5420
1224035,41003945,1,0,F,439.19603622161622525,14650
1224035,41003945,2,0,F,439.19603622161622525,14650
1224036,41003899,1,0,F,358.33947454111410025,1103
1224036,41003899,2,0,F,358.33947454111410025,1103
1224037,38504745,1,0,F,172.67200746010698253,713
1224037,38504745,2,0,F,172.67200746010698253,713
1224038,38579619,1,0,F,957.47653974265745092,2
1224038,38579619,2,0,F,957.47653974265745092,2
1224039,38579619,1,0,F,49.45206076231053771,594
1224039,38579619,2,0,F,49.45206076231053771,594
1224040,38504250,1,0,F,216.57909462464996864,1924
1224040,38504250,2,0,F,216.57909462464996864,1924
1224041,38504258,1,0,F,121.81331097268304120,1804
1224041,38504258,2,0,F,121.81331097268304120,1804
1224042,38504251,1,0,F,186.22392697058498356,6996
1224042,38504251,2,0,F,186.22392697058498356,6996
1224042,38504257,1,0,F,238.49986267769850201,6469
1224042,38504257,2,0,F,238.49986267769850201,6469
1224043,38504252,1,0,F,210.85684485461382565,8634
1224043,38504252,2,0,F,210.85684485461382565,8634
1224044,38587854,1,0,F,160.41113839266034802,130
1224044,38587854,2,0,F,160.41113839266034802,130
1224045,38579633,1,0,F,113.50338841662257039,813
1224045,38579633,2,0,F,113.50338841662257039,813
1224046,38504253,1,0,F,436.94342492081960927,4230
1224046,38504253,2,0,F,436.94342492081960927,4230
1224049,38504255,1,0,F,196.60163967725625866,4803
1224049,38504255,2,0,F,196.60163967725625866,4803
1224050,38579636,1,0,F,296.44336835962536725,3969
1224050,38579636,2,0,F,296.44336835962536725,3969
1224051,38504256,1,0,F,185.05828376132191693,1323
1224051,38504256,2,0,F,185.05828376132191693,1323
1224052,38571792,1,0,F,312.08454849728639147,9879
1224052,38571792,2,0,F,312.08454849728639147,9879
1224053,38504325,1,0,F,251.65290570813337467,3417
1224053,38504325,2,0,F,251.65290570813337467,3417
1224053,38594872,1,0,F,384.18996713581771019,7530
1224053,38594872,2,0,F,384.18996713581771019,7530
1224053,41003975,1,0,F,464.87640868777970127,12027
1224053,41003975,2,0,F,464.87640868777970127,12027
1224054,41004027,1,0,F,361.32419061872150223,7416
1224054,41004027,2,0,F,361.32419061872150223,7416
1224055,38579642,1,0,F,325.38648727748568490,4059
1224055,38579642,2,0,F,325.38648727748568490,4059
1224055,38579643,1,0,F,355.44640413284412261,3609
1224055,38579643,2,0,F,355.44640413284412261,3609
1224055,38579644,1,0,F,258.98562598635481891,3184
1224055,38579644,2,0,F,258.98562598635481891,3184
1224055,38579658,1,0,F,291.87863683023408612,2093
1224055,38579658,2,0,F,291.87863683023408612,2093
1224055,38593543,1,0,F,268.64851934735924033,4545
1224055,38593543,2,0,F,268.64851934735924033,4545
1224056,38504742,1,0,F,153.05089505698211383,5573
1224056,38504742,2,0,F,153.05089505698211383,5573
1224056,38571845,1,0,F,214.48095423650789826,7412
1224056,38571845,2,0,F,214.48095423650789826,7412
1224056,38580772,1,0,F,167.42524982148370327,3392
1224056,38580772,2,0,F,167.42524982148370327,3392
1224056,38593542,1,0,F,191.22296279280243425,5137
1224056,38593542,2,0,F,191.22296279280243425,5137
1224056,38593613,1,0,F,220.22358633842418385,14192
1224056,38593613,2,0,F,220.22358633842418385,14192
1224056,38594877,1,0,F,289.30090332633034222,8568
1224056,38594877,2,0,F,289.30090332633034222,8568
1224056,41004036,1,0,F,552.56714417984801457,7168
1224056,41004036,2,0,F,552.56714417984801457,7168
1224057,38504259,1,0,F,77.03874579287577262,905
1224057,38504259,2,0,F,77.03874579287577262,905
1224058,38593558,1,0,F,196.24625426547856932,16644
1224058,38593558,2,0,F,196.24625426547856932,16644
1224058,38593561,1,0,F,185.02477029558306754,5168
1224058,38593561,2,0,F,185.02477029558306754,5168
1224058,38593567,1,0,F,148.95176159293993123,6530
1224058,38593567,2,0,F,148.95176159293993123,6530
1224058,38593579,1,0,F,213.51481845269350401,8151
1224058,38593579,2,0,F,213.51481845269350401,8151
1224058,41004092,1,0,F,395.25993688754255118,19380
1224058,41004092,2,0,F,395.25993688754255118,19380
1224059,38530008,1,0,F,156.47787453180526995,6393
1224059,38530008,2,0,F,156.47787453180526995,6393
1224059,38579625,1,0,F,133.74915892710106391,3501
1224059,38579625,2,0,F,133.74915892710106391,3501
1224059,38579628,1,0,F,237.69260007329000928,4950
1224059,38579628,2,0,F,237.69260007329000928,4950
1224059,38593570,1,0,F,103.84478408837999552,7356
1224059,38593570,2,0,F,103.84478408837999552,7356
1224059,38593572,1,0,F,251.70526521132109110,9380
1224059,38593572,2,0,F,251.70526521132109110,9380
1224059,38593573,1,0,F,208.64947036605406083,4305
1224059,38593573,2,0,F,208.64947036605406083,4305
1224059,38593597,1,0,F,175.17658702512233049,4993
1224059,38593597,2,0,F,175.17658702512233049,4993
1224059,38593607,1,0,F,161.79083755784799337,3669
1224059,38593607,2,0,F,161.79083755784799337,3669
1224059,38593612,1,0,F,200.18364149759531756,8729
1224059,38593612,2,0,F,200.18364149759531756,8729
1224060,38504261,1,0,F,115.01858476038745493,7044
1224060,38504261,2,0,F,115.01858476038745493,7044
1224060,38530792,1,0,F,118.00000000000002842,10087
1224060,38530792,2,0,F,118.00000000000002842,10087
1224060,38579623,1,0,F,134.80030236806345556,19053
1224060,38579623,2,0,F,134.80030236806345556,19053
1224060,38579627,1,0,F,169.85067248777815507,11319
1224060,38579627,2,0,F,169.85067248777815507,11319
1224060,38593583,1,0,F,99.69722235332750415,2487
1224060,38593583,2,0,F,99.69722235332750415,2487
1224060,38593585,1,0,F,133.28081340397085341,6195
1224060,38593585,2,0,F,133.28081340397085341,6195
1224060,38593588,1,0,F,105.50662531212273620,3330
1224060,38593588,2,0,F,105.50662531212273620,3330
1224060,38593592,1,0,F,146.21200208320257730,5628
1224060,38593592,2,0,F,146.21200208320257730,5628
1224060,38593599,1,0,F,80.87515575257627631,10104
1224060,38593599,2,0,F,80.87515575257627631,10104
1224060,38593601,1,0,F,153.66382904501318762,4077
1224060,38593601,2,0,F,153.66382904501318762,4077
1224060,38593605,1,0,F,282.60853476131006801,7407
1224060,38593605,2,0,F,282.60853476131006801,7407
1224060,38593611,1,0,F,299.29873156802773337,5232
1224060,38593611,2,0,F,299.29873156802773337,5232
1224060,38594598,1,0,F,186.98473117250594555,5172
1224060,38594598,2,0,F,186.98473117250594555,5172
1224061,38593549,1,0,F,330.85037243079437985,5340
1224061,38593549,2,0,F,330.85037243079437985,5340
1224061,38593551,1,0,F,180.03967644559378414,6325
1224061,38593551,2,0,F,180.03967644559378414,6325
1224062,38571910,1,0,F,320.77165292734179047,4076
1224062,38571910,2,0,F,320.77165292734179047,4076
1224062,41004310,1,0,F,403.59393317207349128,4060
1224062,41004310,2,0,F,403.59393317207349128,4060
1224062,41004314,1,0,F,428.32112869765836649,8894
1224062,41004314,2,0,F,428.32112869765836649,8894
1224063,38571916,1,0,F,166.38529825684170760,297
1224063,38571916,2,0,F,166.38529825684170760,297
1224064,38582487,1,0,F,113.00000000000000000,100
1224064,38582487,2,0,F,113.00000000000000000,100
1224064,38582671,1,0,F,374.19775965047398358,4760
1224064,38582671,2,0,F,374.19775965047398358,4760
1224064,38593555,1,0,F,265.90333672819912181,12277
1224064,38593555,2,0,F,265.90333672819912181,12277
1224064,38593557,1,0,F,235.48640686025444779,8197
1224064,38593557,2,0,F,235.48640686025444779,8197
1224065,38582488,1,0,F,247.02998703578009554,1500
1224065,38582488,2,0,F,247.02998703578009554,1500
1224067,41004402,1,0,F,318.12999026105967459,2758
1224067,41004402,2,0,F,318.12999026105967459,2758
1224068,38582492,1,0,F,233.34128967373058572,2390
1224068,38582492,2,0,F,233.34128967373058572,2390
1224068,41004428,1,0,F,560.18331498346253738,3754
1224068,41004428,2,0,F,560.18331498346253738,3754
1224069,38504753,1,0,F,355.31051124424703858,2252
1224069,38504753,2,0,F,355.31051124424703858,2252
1224070,38582212,1,0,F,268.51724866989849261,1819
1224070,38582212,2,0,F,268.51724866989849261,1819
1224070,41004505,1,0,F,328.36042742932158944,3076
1224070,41004505,2,0,F,328.36042742932158944,3076
1224071,38571906,1,0,F,237.43130437289170231,5323
1224071,38571906,2,0,F,237.43130437289170231,5323
1224071,41004505,1,0,F,463.46979280691340364,5938
1224071,41004505,2,0,F,463.46979280691340364,5938
1226001,38500867,1,0,F,181.16099267639930304,340
1226001,38500867,2,0,F,181.16099267639930304,340
1226002,41004705,1,0,F,366.92190769368721703,3838
1226002,41004705,2,0,F,366.92190769368721703,3838
1226003,38572021,1,0,F,317.69224781314665051,4698
1226003,38572021,2,0,F,317.69224781314665051,4698
1226003,38582973,1,0,F,381.23970320496005115,3776
1226003,38582973,2,0,F,381.23970320496005115,3776
1226003,41004750,1,0,F,448.02277934259291214,5887
1226003,41004750,2,0,F,448.02277934259291214,5887
1226004,38572030,1,0,F,98.44031166262539045,594
1226004,38572030,2,0,F,98.44031166262539045,594
1226004,38572032,1,0,F,286.75957726257661307,486
1226004,38572032,2,0,F,286.75957726257661307,486
1226005,41004796,1,0,F,555.16835411350712093,5472
1226005,41004796,2,0,F,555.16835411350712093,5472
1226006,38500659,1,0,F,246.17741530230952662,3144
1226006,38500659,2,0,F,246.17741530230952662,3144
1226007,38572018,1,0,F,447.03161237957664298,783
1226007,38572018,2,0,F,447.03161237957664298,783
1226008,38500671,1,0,F,149.02537682810540787,4697
1226008,38500671,2,0,F,149.02537682810540787,4697
1226009,38572007,1,0,F,108.85167948211591238,799
1226009,38572007,2,0,F,108.85167948211591238,799
1226010,41004822,1,0,F,386.11029728209615541,3580
1226010,41004822,2,0,F,386.11029728209615541,3580
1226011,38572003,1,0,F,114.51742349519821573,236
1226011,38572003,2,0,F,114.51742349519821573,236
1226012,38571986,1,0,F,347.55901813850238113,1163
1226012,38571986,2,0,F,347.55901813850238113,1163
1226013,38571966,1,0,F,245.94974337944805143,4209
1226013,38571966,2,0,F,245.94974337944805143,4209
1226013,38571982,1,0,F,205.07245747934456404,6165
1226013,38571982,2,0,F,205.07245747934456404,6165
1226013,38571984,1,0,F,292.90546497301750151,6690
1226013,38571984,2,0,F,292.90546497301750151,6690
1226013,38571996,1,0,F,153.78601200700487084,8205
1226013,38571996,2,0,F,153.78601200700487084,8205
1226013,38579764,1,0,F,167.50501528868983314,4527
1226013,38579764,2,0,F,167.50501528868983314,4527
1226013,38579768,1,0,F,226.64662052835240047,4817
1226013,38579768,2,0,F,226.64662052835240047,4817
1226013,38581136,1,0,F,135.66635786444319933,6516
1226013,38581136,2,0,F,135.66635786444319933,6516
1226013,38581220,1,0,F,118.35602308615476375,5169
1226013,38581220,2,0,F,118.35602308615476375,5169
1226013,38581224,1,0,F,229.43407852575865036,3375
1226013,38581224,2,0,F,229.43407852575865036,3375
1226013,38581234,1,0,F,219.65542386621089577,6330
1226013,38581234,2,0,F,219.65542386621089577,6330
1226013,38582393,1,0,F,315.53039030583374824,6276
1226013,38582393,2,0,F,315.53039030583374824,6276
1226013,38582394,1,0,F,218.75821391764077362,4058
1226013,38582394,2,0,F,218.75821391764077362,4058
1226013,38583087,1,0,F,224.75005070369107329,7056
1226013,38583087,2,0,F,224.75005070369107329,7056
1226014,38571988,1,0,F,142.95804128227212004,116
1226014,38571988,2,0,F,142.95804128227212004,116
1226015,38500669,1,0,F,211.38192455780995260,2709
1226015,38500669,2,0,F,211.38192455780995260,2709
1226016,38500666,1,0,F,256.87056423528110827,1036
1226016,38500666,2,0,F,256.87056423528110827,1036
1226017,38571990,1,0,F,347.66758948423574793,6402
1226017,38571990,2,0,F,347.66758948423574793,6402
1226017,38571992,1,0,F,705.67909335444494445,1
1226017,38571992,2,0,F,705.67909335444494445,1
1226018,38571995,1,0,F,185.81443383403848202,514
1226018,38571995,2,0,F,185.81443383403848202,514
1226019,38572002,1,0,F,71.01390324452381719,942
1226019,38572002,2,0,F,71.01390324452381719,942
1226020,38500650,1,0,F,246.56714521507174709,5837
1226020,38500650,2,0,F,246.56714521507174709,5837
1226020,38571970,1,0,F,320.80098080299751473,616
1226020,38571970,2,0,F,320.80098080299751473,616
1226021,38500651,1,0,F,363.58076445278322808,2519
1226021,38500651,2,0,F,363.58076445278322808,2519
1226021,38571971,1,0,F,64.10796797548735526,3212
1226021,38571971,2,0,F,64.10796797548735526,3212
1226022,38571977,1,0,F,169.94769286239281314,1136
1226022,38571977,2,0,F,169.94769286239281314,1136
1226023,38583660,1,0,F,167.87280650523078407,317
1226023,38583660,2,0,F,167.87280650523078407,317
1226024,38500663,1,0,F,248.64269966793469280,1024
1226024,38500663,2,0,F,248.64269966793469280,1024
1226025,38571975,1,0,F,221.31847385762824842,708
1226025,38571975,2,0,F,221.31847385762824842,708
1226026,38571979,1,0,F,320.09034048907977876,1314
1226026,38571979,2,0,F,320.09034048907977876,1314
1226027,41004114,1,0,F,180.23418436799437359,1616
1226027,41004114,2,0,F,180.23418436799437359,1616
1226028,41004260,1,0,F,433.45345533441701491,5972
1226028,41004260,2,0,F,433.45345533441701491,5972
1226029,41004228,1,0,F,1969.26933832398253799,1
1226029,41004228,2,0,F,1969.26933832398253799,1
1226029,41004322,1,0,F,608.38543096853891257,692
1226029,41004322,2,0,F,608.38543096853891257,692
1226030,38500759,1,0,F,43.35866188819355926,44
1226030,38500759,2,0,F,43.35866188819355926,44
1226030,38500769,1,0,F,246.87948325374949832,444
1226030,38500769,2,0,F,246.87948325374949832,444
1226030,38583659,1,0,F,341.28440557706409209,5054
1226030,38583659,2,0,F,341.28440557706409209,5054
1226030,41004348,1,0,F,380.22254776979968938,7512
1226030,41004348,2,0,F,380.22254776979968938,7512
1226031,38576769,1,0,F,352.32743503775833460,2398
1226031,38576769,2,0,F,352.32743503775833460,2398
1226031,41004372,1,0,F,216.01075900848616129,3394
1226031,41004372,2,0,F,216.01075900848616129,3394
1226032,41004408,1,0,F,271.39669234303835310,90
1226032,41004408,2,0,F,271.39669234303835310,90
1226033,38588897,1,0,F,95.06793965272957792,167
1226033,38588897,2,0,F,95.06793965272957792,167
1226034,38576782,1,0,F,360.85017812291079053,470
1226034,38576782,2,0,F,360.85017812291079053,470
1226035,38500877,1,0,F,201.20443555839401029,117
1226035,38500877,2,0,F,201.20443555839401029,117
1226036,38500866,1,0,F,255.44717224055247584,26
1226036,38500866,2,0,F,255.44717224055247584,26
1226036,41004484,1,0,F,673.40865467250375787,1117
1226036,41004484,2,0,F,673.40865467250375787,1117
1226037,38500758,1,0,F,240.73323882215274239,1216
1226037,38500758,2,0,F,240.73323882215274239,1216
1226038,38500865,1,0,F,128.20847259754182801,681
1226038,38500865,2,0,F,128.20847259754182801,681
1226039,38500861,1,0,F,157.14978275518711825,1720
1226039,38500861,2,0,F,157.14978275518711825,1720
1226040,38572062,1,0,F,311.83308370122324504,1172
1226040,38572062,2,0,F,311.83308370122324504,1172
1226041,38572051,1,0,F,101.80938934235713589,670
1226041,38572051,2,0,F,101.80938934235713589,670
1226042,38572060,1,0,F,289.10601958624164354,177
1226042,38572060,2,0,F,289.10601958624164354,177
1226042,38572064,1,0,F,1919.62333369679186035,1
1226042,38572064,2,0,F,1919.62333369679186035,1
1226042,38572065,1,0,F,76.82695987527642956,151
1226042,38572065,2,0,F,76.82695987527642956,151
1226042,38572067,1,0,F,191.05495125271508527,114
1226042,38572067,2,0,F,191.05495125271508527,114
1226042,38583305,1,0,F,280.73220778472403936,2460
1226042,38583305,2,0,F,280.73220778472403936,2460
1226043,38572048,1,0,F,353.55638921646669814,1517
1226043,38572048,2,0,F,353.55638921646669814,1517
1226044,3639,1,0,F,695.31378189011877566,983
1226044,3639,2,0,F,695.31378189011877566,983
1226044,41004399,1,0,F,693.88976682264421925,1079
1226044,41004399,2,0,F,693.88976682264421925,1079
1226045,38583437,1,0,F,301.03448042433285536,1294
1226045,38583437,2,0,F,301.03448042433285536,1294
1226046,38572080,1,0,F,209.36656899822796163,1051
1226046,38572080,2,0,F,209.36656899822796163,1051
1226047,38572082,1,0,F,346.59230981125335802,3160
1226047,38572082,2,0,F,346.59230981125335802,3160
1226048,38500662,1,0,F,198.31545713621417804,287
1226048,38500662,2,0,F,198.31545713621417804,287
1226048,41004420,1,0,F,253.37110814951958560,469
1226048,41004420,2,0,F,253.37110814951958560,469
1226049,41004477,1,0,F,380.79150465168680739,306
1226049,41004477,2,0,F,380.79150465168680739,306
1226050,41004483,1,0,F,225.45558199134359256,318
1226050,41004483,2,0,F,225.45558199134359256,318
1226051,38572042,1,0,F,269.68051038800103925,7296
1226051,38572042,2,0,F,269.68051038800103925,7296
1226051,38572078,1,0,F,221.96563400087663354,6237
1226051,38572078,2,0,F,221.96563400087663354,6237
1226051,38572085,1,0,F,337.60124522743592479,6024
1226051,38572085,2,0,F,337.60124522743592479,6024
1226051,38582766,1,0,F,201.00262027273788590,7577
1226051,38582766,2,0,F,201.00262027273788590,7577
1226051,38583657,1,0,F,219.78047509227471323,6223
1226051,38583657,2,0,F,219.78047509227471323,6223
1226051,41004533,1,0,F,344.71718036489733095,10698
1226051,41004533,2,0,F,344.71718036489733095,10698
1226052,38572072,1,0,F,182.93244706419326917,310
1226052,38572072,2,0,F,182.93244706419326917,310
1226053,38572069,1,0,F,264.93655168590697713,1374
1226053,38572069,2,0,F,264.93655168590697713,1374
1226054,38500677,1,0,F,331.50542125587901410,506
1226054,38500677,2,0,F,331.50542125587901410,506
1226055,38500653,1,0,F,274.38405406124621777,98
1226055,38500653,2,0,F,274.38405406124621777,98
1226055,38500657,1,0,F,259.26542817229085358,288
1226055,38500657,2,0,F,259.26542817229085358,288
1226055,38500658,1,0,F,208.13014238643532394,260
1226055,38500658,2,0,F,208.13014238643532394,260
1226055,38500988,1,0,F,40.84181557970698151,2842
1226055,38500988,2,0,F,40.84181557970698151,2842
1226055,38572037,1,0,F,682.12290624526792726,1
1226055,38572037,2,0,F,682.12290624526792726,1
1226055,38572102,1,0,F,961.80281221812629155,1
1226055,38572102,2,0,F,961.80281221812629155,1
1226055,38572108,1,0,F,452.24705987607876523,51
1226055,38572108,2,0,F,452.24705987607876523,51
1226056,38572086,1,0,F,421.17204816149995850,3564
1226056,38572086,2,0,F,421.17204816149995850,3564
1226056,38583350,1,0,F,399.26855190760198866,5152
1226056,38583350,2,0,F,399.26855190760198866,5152
1226057,38572096,1,0,F,316.84623370816905208,5469
1226057,38572096,2,0,F,316.84623370816905208,5469
1226057,38583343,1,0,F,396.70069103955376022,2740
1226057,38583343,2,0,F,396.70069103955376022,2740
1226058,38572075,1,0,F,282.53735094498057379,256
1226058,38572075,2,0,F,282.53735094498057379,256
1226059,41004655,1,0,F,514.81612102666122155,789
1226059,41004655,2,0,F,514.81612102666122155,789
1226060,41004653,1,0,F,449.96553039245645778,766
1226060,41004653,2,0,F,449.96553039245645778,766
1226061,38572089,1,0,F,358.96982020216734099,2189
1226061,38572089,2,0,F,358.96982020216734099,2189
1226062,38572097,1,0,F,204.76079253654182821,464
1226062,38572097,2,0,F,204.76079253654182821,464
1226063,38572092,1,0,F,192.42816683465059668,215
1226063,38572092,2,0,F,192.42816683465059668,215
1226063,38572093,1,0,F,259.33817747871421489,107
1226063,38572093,2,0,F,259.33817747871421489,107
1226063,38572094,1,0,F,173.37451105229141035,280
1226063,38572094,2,0,F,173.37451105229141035,280
1226064,38572099,1,0,F,257.28838110603317091,913
1226064,38572099,2,0,F,257.28838110603317091,913
1312001,38578168,1,0,F,242.90959666747372125,10062
1312001,38578168,2,0,F,242.90959666747372125,10062
1312001,38578169,1,0,F,271.81795306946099799,10401
1312001,38578169,2,0,F,271.81795306946099799,10401
1312001,38589293,1,0,F,186.57678105465518570,3561
1312001,38589293,2,0,F,186.57678105465518570,3561
1312001,38589297,1,0,F,198.88280368617623139,6081
1312001,38589297,2,0,F,198.88280368617623139,6081
1312001,38589303,1,0,F,173.41504724331628040,7596
1312001,38589303,2,0,F,173.41504724331628040,7596
1312001,38589304,1,0,F,206.92978005018031240,9702
1312001,38589304,2,0,F,206.92978005018031240,9702
1312001,38589308,1,0,F,213.03051031431385809,9062
1312001,38589308,2,0,F,213.03051031431385809,9062
1312001,38589323,1,0,F,186.53834255685100629,5577
1312001,38589323,2,0,F,186.53834255685100629,5577
1312002,38581062,1,0,F,199.72485966078491515,4170
1312002,38581062,2,0,F,199.72485966078491515,4170
1312002,38589293,1,0,F,199.24052256080372558,9042
1312002,38589293,2,0,F,199.24052256080372558,9042
1312002,38589354,1,0,F,203.82829875622135773,3351
1312002,38589354,2,0,F,203.82829875622135773,3351
1312002,38589360,1,0,F,260.81859837266517843,5670
1312002,38589360,2,0,F,260.81859837266517843,5670
1312002,38589365,1,0,F,255.21709653511564397,5919
1312002,38589365,2,0,F,255.21709653511564397,5919
1312003,38500071,1,0,F,363.00000000000000000,100
1312003,38500071,2,0,F,363.00000000000000000,100
1312003,38588783,1,0,F,280.32542461375294351,5328
1312003,38588783,2,0,F,280.32542461375294351,5328
1312003,38589295,1,0,F,291.92698274184505181,5334
1312003,38589295,2,0,F,291.92698274184505181,5334
1312003,38589301,1,0,F,194.62461410024823749,4854
1312003,38589301,2,0,F,194.62461410024823749,4854
1312003,38589315,1,0,F,197.48849090762098513,5436
1312003,38589315,2,0,F,197.48849090762098513,5436
1312003,38589330,1,0,F,222.81660967404476992,9372
1312003,38589330,2,0,F,222.81660967404476992,9372
1312003,38589338,1,0,F,204.76084566775253393,5250
1312003,38589338,2,0,F,204.76084566775253393,5250
1312003,38589347,1,0,F,276.79136921020955242,3846
1312003,38589347,2,0,F,276.79136921020955242,3846
1312003,38589354,1,0,F,255.50661225639294116,5019
1312003,38589354,2,0,F,255.50661225639294116,5019
1312003,38589382,1,0,F,242.25449686690581075,5637
1312003,38589382,2,0,F,242.25449686690581075,5637
1312004,38578146,1,0,F,181.99999999999997158,101
1312004,38578146,2,0,F,181.99999999999997158,101
1312004,38589303,1,0,F,212.24443500583126365,9228
1312004,38589303,2,0,F,212.24443500583126365,9228
1312004,41005455,1,0,F,536.04173825362590833,79944
1312004,41005455,2,0,F,536.04173825362590833,79944
1312005,38578144,1,0,F,247.86610785108197774,6328
1312005,38578144,2,0,F,247.86610785108197774,6328
1312005,38588488,1,0,F,240.28079667873879544,10076
1312005,38588488,2,0,F,240.28079667873879544,10076
1312005,38588777,1,0,F,129.20585343578306947,16940
1312005,38588777,2,0,F,129.20585343578306947,16940
1312005,38588782,1,0,F,227.52340707346328941,15028
1312005,38588782,2,0,F,227.52340707346328941,15028
1312006,38500079,1,0,F,232.19280173632253650,12000
1312006,38500079,2,0,F,232.19280173632253650,12000
1312006,38581062,1,0,F,154.50809213636730988,8343
1312006,38581062,2,0,F,154.50809213636730988,8343
1312006,38588485,1,0,F,202.00000000000000000,10293
1312006,38588485,2,0,F,202.00000000000000000,10293
1312006,38589327,1,0,F,151.67555522843045424,13125
1312006,38589327,2,0,F,151.67555522843045424,13125
1312006,38589351,1,0,F,179.88420894137493633,17715
1312006,38589351,2,0,F,179.88420894137493633,17715
1312006,38589361,1,0,F,187.10326183191622818,6657
1312006,38589361,2,0,F,187.10326183191622818,6657
1312006,38589369,1,0,F,179.83461942797842426,6267
1312006,38589369,2,0,F,179.83461942797842426,6267
1312007,38500073,1,0,F,265.13640468741220957,15540
1312007,38500073,2,0,F,265.13640468741220957,15540
1312007,38500079,1,0,F,113.21859948026639131,8379
1312007,38500079,2,0,F,113.21859948026639131,8379
1312007,38500237,1,0,F,165.49951746323543489,28275
1312007,38500237,2,0,F,165.49951746323543489,28275
1312007,38500897,1,0,F,120.05533477436300416,5298
1312007,38500897,2,0,F,120.05533477436300416,5298
1312007,38580373,1,0,F,195.00000000000000000,5492
1312007,38580373,2,0,F,195.00000000000000000,5492
1312007,38588485,1,0,F,188.56988189986051907,8118
1312007,38588485,2,0,F,188.56988189986051907,8118
1312007,38588487,1,0,F,125.88947254899900940,10044
1312007,38588487,2,0,F,125.88947254899900940,10044
1312007,38588773,1,0,F,229.99999999999997158,20092
1312007,38588773,2,0,F,229.99999999999997158,20092
1312007,38588775,1,0,F,147.28461984082127856,19938
1312007,38588775,2,0,F,147.28461984082127856,19938
1312007,38589333,1,0,F,151.55493116239856022,10743
1312007,38589333,2,0,F,151.55493116239856022,10743
1312007,38589345,1,0,F,147.26942755668312657,11487
1312007,38589345,2,0,F,147.26942755668312657,11487
1312008,38588766,1,0,F,182.98059922439708203,19680
1312008,38588766,2,0,F,182.98059922439708203,19680
1312008,38588769,1,0,F,181.51513181611144887,8028
1312008,38588769,2,0,F,181.51513181611144887,8028
1312008,38589298,1,0,F,145.89231245094350697,9474
1312008,38589298,2,0,F,145.89231245094350697,9474
1312008,38589319,1,0,F,161.33775819705135746,17883
1312008,38589319,2,0,F,161.33775819705135746,17883
1312009,38500146,1,0,F,159.47239555021729984,18912
1312009,38500146,2,0,F,159.47239555021729984,18912
1312009,38500147,1,0,F,133.90733128861469936,15411
1312009,38500147,2,0,F,133.90733128861469936,15411
1312009,38500160,1,0,F,143.53452390181115561,5940
1312009,38500160,2,0,F,143.53452390181115561,5940
1312009,38500161,1,0,F,188.56160329652564656,6651
1312009,38500161,2,0,F,188.56160329652564656,6651
1312009,38500189,1,0,F,159.26319500850345889,5343
1312009,38500189,2,0,F,159.26319500850345889,5343
1312009,38589300,1,0,F,155.07793367710917209,7695
1312009,38589300,2,0,F,155.07793367710917209,7695
1312009,38589313,1,0,F,161.70038578412788866,16692
1312009,38589313,2,0,F,161.70038578412788866,16692
1312009,38589343,1,0,F,183.80497333073142840,8298
1312009,38589343,2,0,F,183.80497333073142840,8298
1312009,38589370,1,0,F,186.72022742736811551,14382
1312009,38589370,2,0,F,186.72022742736811551,14382
1312010,38500254,1,0,F,210.19266950556658458,17424
1312010,38500254,2,0,F,210.19266950556658458,17424
1312010,38588767,1,0,F,203.76772692051193303,2598
1312010,38588767,2,0,F,203.76772692051193303,2598
1312010,38589298,1,0,F,227.41925745537318448,7515
1312010,38589298,2,0,F,227.41925745537318448,7515
1312010,38589325,1,0,F,114.04420493625825372,6937
1312010,38589325,2,0,F,114.04420493625825372,6937
1312010,38589334,1,0,F,247.73171315571423179,15499
1312010,38589334,2,0,F,247.73171315571423179,15499
1312010,38589374,1,0,F,191.08981116885024676,8901
1312010,38589374,2,0,F,191.08981116885024676,8901
1312011,38588064,1,0,F,242.18500282906538246,6293
1312011,38588064,2,0,F,242.18500282906538246,6293
1312011,38589291,1,0,F,278.59553331407897758,9102
1312011,38589291,2,0,F,278.59553331407897758,9102
1312011,38589300,1,0,F,353.72871553610923456,7713
1312011,38589300,2,0,F,353.72871553610923456,7713
1312011,38589321,1,0,F,216.84306638005179479,5895
1312011,38589321,2,0,F,216.84306638005179479,5895
1312011,38589343,1,0,F,191.64568361627709692,3864
1312011,38589343,2,0,F,191.64568361627709692,3864
1312012,38500898,1,0,F,204.98874698108031112,25533
1312012,38500898,2,0,F,204.98874698108031112,25533
1312012,38589305,1,0,F,129.21521501274696675,15054
1312012,38589305,2,0,F,129.21521501274696675,15054
1312012,38589316,1,0,F,211.67802139373785053,14403
1312012,38589316,2,0,F,211.67802139373785053,14403
1312012,38589319,1,0,F,261.00091891923614185,5616
1312012,38589319,2,0,F,261.00091891923614185,5616
1312012,38589326,1,0,F,123.40277024824759167,30678
1312012,38589326,2,0,F,123.40277024824759167,30678
1312012,38589350,1,0,F,244.44999597862417318,9498
1312012,38589350,2,0,F,244.44999597862417318,9498
1312012,38589355,1,0,F,200.64024424510478184,5505
1312012,38589355,2,0,F,200.64024424510478184,5505
1312013,38500899,1,0,F,16.00000000000000000,100
1312013,38500899,2,0,F,16.00000000000000000,100
1312013,38589341,1,0,F,222.55402259358083938,27174
1312013,38589341,2,0,F,222.55402259358083938,27174
1312014,38500073,1,0,F,209.58061162402518107,11796
1312014,38500073,2,0,F,209.58061162402518107,11796
1312014,38500193,1,0,F,221.21054166124272911,4935
1312014,38500193,2,0,F,221.21054166124272911,4935
1312014,38500236,1,0,F,227.76678530277129653,21954
1312014,38500236,2,0,F,227.76678530277129653,21954
1312014,38588071,1,0,F,120.99602632156474158,9573
1312014,38588071,2,0,F,120.99602632156474158,9573
1312014,38588770,1,0,F,112.71569251087959174,10389
1312014,38588770,2,0,F,112.71569251087959174,10389
1312014,38588776,1,0,F,252.88719429930083038,10023
1312014,38588776,2,0,F,252.88719429930083038,10023
1312014,38588943,1,0,F,244.08733429822089533,4376
1312014,38588943,2,0,F,244.08733429822089533,4376
1312014,38588948,1,0,F,296.57297887238502199,6867
1312014,38588948,2,0,F,296.57297887238502199,6867
1312014,38588950,1,0,F,265.69936705651832654,10032
1312014,38588950,2,0,F,265.69936705651832654,10032
1312014,38588951,1,0,F,240.41111400083289595,9926
1312014,38588951,2,0,F,240.41111400083289595,9926
1312014,38588952,1,0,F,228.74911387595921042,6141
1312014,38588952,2,0,F,228.74911387595921042,6141
1312014,38589096,1,0,F,283.80542636206945417,11676
1312014,38589096,2,0,F,283.80542636206945417,11676
1312014,38589317,1,0,F,198.10024590362414187,3489
1312014,38589317,2,0,F,198.10024590362414187,3489
1312014,38589362,1,0,F,159.13298745657957056,4497
1312014,38589362,2,0,F,159.13298745657957056,4497
1312014,38589372,1,0,F,236.33571772441763414,8925
1312014,38589372,2,0,F,236.33571772441763414,8925
1312015,38578306,1,0,F,264.78614619898968385,5280
1312015,38578306,2,0,F,264.78614619898968385,5280
1312015,38588948,1,0,F,200.86633980181414927,6210
1312015,38588948,2,0,F,200.86633980181414927,6210
1312015,38589312,1,0,F,263.97186010191063588,9963
1312015,38589312,2,0,F,263.97186010191063588,9963
1312015,38589364,1,0,F,295.03530194770161188,6681
1312015,38589364,2,0,F,295.03530194770161188,6681
1312016,38589292,1,0,F,78.71917029828591694,3635
1312016,38589292,2,0,F,78.71917029828591694,3635
1312016,38589307,1,0,F,311.94217715380676736,5277
1312016,38589307,2,0,F,311.94217715380676736,5277
1312016,38589324,1,0,F,226.79752000383723498,5307
1312016,38589324,2,0,F,226.79752000383723498,5307
1312016,38589329,1,0,F,252.80767643191703087,7173
1312016,38589329,2,0,F,252.80767643191703087,7173
1312016,38589332,1,0,F,243.78368373877694353,8427
1312016,38589332,2,0,F,243.78368373877694353,8427
1312016,38589359,1,0,F,151.46646952693970434,7515
1312016,38589359,2,0,F,151.46646952693970434,7515
1312017,38589454,1,0,F,148.69410434580566971,7076
1312017,38589454,2,0,F,148.69410434580566971,7076
1312017,38589466,1,0,F,213.43209995882111230,5582
1312017,38589466,2,0,F,213.43209995882111230,5582
1312017,38589472,1,0,F,198.46558156031963449,7477
1312017,38589472,2,0,F,198.46558156031963449,7477
1312017,38589473,1,0,F,246.66953588936056008,6264
1312017,38589473,2,0,F,246.66953588936056008,6264
1312017,38589474,1,0,F,212.61470996493619623,6876
1312017,38589474,2,0,F,212.61470996493619623,6876
1312017,38589475,1,0,F,217.52846181544384763,8196
1312017,38589475,2,0,F,217.52846181544384763,8196
1312017,38589487,1,0,F,316.75615465595183196,5453
1312017,38589487,2,0,F,316.75615465595183196,5453
1312018,2,1,0,F,544.65641260166614757,9418
1312018,2,2,0,F,544.65641260166614757,9418
1312018,38589441,1,0,F,260.70078842108222261,6982
1312018,38589441,2,0,F,260.70078842108222261,6982
1312018,38589480,1,0,F,213.90859902353264488,9142
1312018,38589480,2,0,F,213.90859902353264488,9142
1312018,38589485,1,0,F,464.00000000000000000,101
1312018,38589485,2,0,F,464.00000000000000000,101
1312018,41005995,1,0,F,332.65170170108876846,25981
1312018,41005995,2,0,F,332.65170170108876846,25981
1312019,38589385,1,0,F,217.36909604878675850,4698
1312019,38589385,2,0,F,217.36909604878675850,4698
1313001,38578166,1,0,F,276.24701996415626581,4835
1313001,38578166,2,0,F,276.24701996415626581,4835
1313002,38500711,1,0,F,367.11705367259111199,8228
1313002,38500711,2,0,F,367.11705367259111199,8228
1313002,38578207,1,0,F,201.33290783364617482,3333
1313002,38578207,2,0,F,201.33290783364617482,3333
1313003,38578158,1,0,F,225.66829707595448440,4155
1313003,38578158,2,0,F,225.66829707595448440,4155
1313003,38578159,1,0,F,289.77913589700915509,5451
1313003,38578159,2,0,F,289.77913589700915509,5451
1313003,38578160,1,0,F,237.43906648474123244,3964
1313003,38578160,2,0,F,237.43906648474123244,3964
1313003,38578162,1,0,F,362.89835036130563140,4537
1313003,38578162,2,0,F,362.89835036130563140,4537
1313003,38578171,1,0,F,258.22108445649979558,13496
1313003,38578171,2,0,F,258.22108445649979558,13496
1313003,38578173,1,0,F,181.13937313052059608,9914
1313003,38578173,2,0,F,181.13937313052059608,9914
1313003,38578174,1,0,F,211.64837481872672242,6636
1313003,38578174,2,0,F,211.64837481872672242,6636
1313003,38587001,1,0,F,258.59689345236728286,4536
1313003,38587001,2,0,F,258.59689345236728286,4536
1313003,38589283,1,0,F,218.96863495835225422,12684
1313003,38589283,2,0,F,218.96863495835225422,12684
1313003,38589284,1,0,F,247.25977878705296575,5223
1313003,38589284,2,0,F,247.25977878705296575,5223
1313003,38589290,1,0,F,249.09852662098913356,5835
1313003,38589290,2,0,F,249.09852662098913356,5835
1313003,38593496,1,0,F,249.38241535196846144,4752
1313003,38593496,2,0,F,249.38241535196846144,4752
1313004,38589286,1,0,F,288.96191165506292009,6987
1313004,38589286,2,0,F,288.96191165506292009,6987
1313004,38589287,1,0,F,171.17108813126628775,5955
1313004,38589287,2,0,F,171.17108813126628775,5955
1313004,38589288,1,0,F,205.83850316135570324,4215
1313004,38589288,2,0,F,205.83850316135570324,4215
1313005,38500065,1,0,F,326.70660550187136550,7550
1313005,38500065,2,0,F,326.70660550187136550,7550
1313005,38581449,1,0,F,232.26988725760881493,5145
1313005,38581449,2,0,F,232.26988725760881493,5145
1313006,38500063,1,0,F,172.90431189744913354,4167
1313006,38500063,2,0,F,172.90431189744913354,4167
1313006,38578198,1,0,F,287.70893716160730946,5991
1313006,38578198,2,0,F,287.70893716160730946,5991
1313006,38578199,1,0,F,293.91776399637308259,7741
1313006,38578199,2,0,F,293.91776399637308259,7741
1313006,38578201,1,0,F,220.25366014141695814,5346
1313006,38578201,2,0,F,220.25366014141695814,5346
1313006,38578202,1,0,F,361.64489270325316284,3574
1313006,38578202,2,0,F,361.64489270325316284,3574
1313006,38588713,1,0,F,169.57877661085163368,4221
1313006,38588713,2,0,F,169.57877661085163368,4221
1313006,38589981,1,0,F,166.74782340674536840,5019
1313006,38589981,2,0,F,166.74782340674536840,5019
1313006,38589985,1,0,F,225.34329001230261724,5544
1313006,38589985,2,0,F,225.34329001230261724,5544
1313007,38500064,1,0,F,246.62173148654935062,5658
1313007,38500064,2,0,F,246.62173148654935062,5658
1313007,38500072,1,0,F,328.11854093746848093,2864
1313007,38500072,2,0,F,328.11854093746848093,2864
1313007,38578213,1,0,F,269.14007993246895012,3592
1313007,38578213,2,0,F,269.14007993246895012,3592
1313007,38588795,1,0,F,322.89195103444359347,9245
1313007,38588795,2,0,F,322.89195103444359347,9245
1313007,38593513,1,0,F,308.89128556900573130,6499
1313007,38593513,2,0,F,308.89128556900573130,6499
1313008,38578150,1,0,F,330.01199321151506183,3596
1313008,38578150,2,0,F,330.01199321151506183,3596
1313008,38578152,1,0,F,241.84026314092690768,2942
1313008,38578152,2,0,F,241.84026314092690768,2942
1313008,38578154,1,0,F,169.46272508994320560,2573
1313008,38578154,2,0,F,169.46272508994320560,2573
1313008,38578155,1,0,F,274.25008948403132081,5109
1313008,38578155,2,0,F,274.25008948403132081,5109
1313008,38589382,1,0,F,242.69138919873103077,6576
1313008,38589382,2,0,F,242.69138919873103077,6576
1313008,38589392,1,0,F,209.25012163635770435,4228
1313008,38589392,2,0,F,209.25012163635770435,4228
1313009,38500060,1,0,F,267.81732990978571252,5447
1313009,38500060,2,0,F,267.81732990978571252,5447
1313009,38500061,1,0,F,191.50675455005611525,2604
1313009,38500061,2,0,F,191.50675455005611525,2604
1313009,38578151,1,0,F,275.43647010743882220,6957
1313009,38578151,2,0,F,275.43647010743882220,6957
1313009,38578176,1,0,F,307.54265209726571584,2322
1313009,38578176,2,0,F,307.54265209726571584,2322
1313009,38578178,1,0,F,100.44352102504694813,2044
1313009,38578178,2,0,F,100.44352102504694813,2044
1313009,38588784,1,0,F,225.84002352402109182,9677
1313009,38588784,2,0,F,225.84002352402109182,9677
1313009,38589393,1,0,F,255.83440723410660667,4050
1313009,38589393,2,0,F,255.83440723410660667,4050
1313010,38500062,1,0,F,269.69048697077084853,4384
1313010,38500062,2,0,F,269.69048697077084853,4384
1313010,38578178,1,0,F,388.36500891123893098,3627
1313010,38578178,2,0,F,388.36500891123893098,3627
1313010,38578197,1,0,F,175.05801404748331151,3063
1313010,38578197,2,0,F,175.05801404748331151,3063
1313010,38589398,1,0,F,292.28632917007638525,8958
1313010,38589398,2,0,F,292.28632917007638525,8958
1313010,38589976,1,0,F,227.68093234704701899,4467
1313010,38589976,2,0,F,227.68093234704701899,4467
1313011,38578234,1,0,F,209.42983749574690933,3749
1313011,38578234,2,0,F,209.42983749574690933,3749
1313011,38578236,1,0,F,280.28913735630010251,2411
1313011,38578236,2,0,F,280.28913735630010251,2411
1313012,38500255,1,0,F,293.16237940518664118,7995
1313012,38500255,2,0,F,293.16237940518664118,7995
1313012,38578229,1,0,F,249.58487854877921563,4739
1313012,38578229,2,0,F,249.58487854877921563,4739
1313012,38578230,1,0,F,302.77991408761721459,5925
1313012,38578230,2,0,F,302.77991408761721459,5925
1313012,38578232,1,0,F,252.20582401510998238,4569
1313012,38578232,2,0,F,252.20582401510998238,4569
1313012,38582800,1,0,F,328.78565766587917096,6061
1313012,38582800,2,0,F,328.78565766587917096,6061
1313012,38588758,1,0,F,333.17513404734501137,1802
1313012,38588758,2,0,F,333.17513404734501137,1802
1313013,38500255,1,0,F,266.98351138957963258,4564
1313013,38500255,2,0,F,266.98351138957963258,4564
1313013,38578228,1,0,F,326.24371871067404527,5460
1313013,38578228,2,0,F,326.24371871067404527,5460
1313014,38500233,1,0,F,304.75207582620328139,12341
1313014,38500233,2,0,F,304.75207582620328139,12341
1313014,38578216,1,0,F,327.47381842903712368,5699
1313014,38578216,2,0,F,327.47381842903712368,5699
1313014,38578218,1,0,F,301.11116124340190936,16065
1313014,38578218,2,0,F,301.11116124340190936,16065
1313014,38578220,1,0,F,278.72835673994467243,9375
1313014,38578220,2,0,F,278.72835673994467243,9375
1313014,38588791,1,0,F,356.35695589964427654,4615
1313014,38588791,2,0,F,356.35695589964427654,4615
1313014,38589264,1,0,F,221.63082078445009415,5073
1313014,38589264,2,0,F,221.63082078445009415,5073
1313015,38500051,1,0,F,305.26912522447122456,5074
1313015,38500051,2,0,F,305.26912522447122456,5074
1313015,38500234,1,0,F,259.44180510719479571,2540
1313015,38500234,2,0,F,259.44180510719479571,2540
1313015,38578216,1,0,F,339.26677450248166679,2783
1313015,38578216,2,0,F,339.26677450248166679,2783
1313015,38588791,1,0,F,308.18413079591249470,4276
1313015,38588791,2,0,F,308.18413079591249470,4276
1313015,38588793,1,0,F,261.30455628411306179,4703
1313015,38588793,2,0,F,261.30455628411306179,4703
1313016,38500235,1,0,F,200.17163211827877944,6965
1313016,38500235,2,0,F,200.17163211827877944,6965
1313016,38530777,1,0,F,350.68769491887360346,8187
1313016,38530777,2,0,F,350.68769491887360346,8187
1313016,38578186,1,0,F,352.97527605299575271,6780
1313016,38578186,2,0,F,352.97527605299575271,6780
1313016,38588073,1,0,F,211.82302728645964862,5190
1313016,38588073,2,0,F,211.82302728645964862,5190
1313016,38588785,1,0,F,443.09539776579418913,3296
1313016,38588785,2,0,F,443.09539776579418913,3296
1313016,38588786,1,0,F,224.53656756679615114,5617
1313016,38588786,2,0,F,224.53656756679615114,5617
1313016,38588787,1,0,F,261.82349532574687601,2869
1313016,38588787,2,0,F,261.82349532574687601,2869
1313016,38588788,1,0,F,290.55606319608193644,6795
1313016,38588788,2,0,F,290.55606319608193644,6795
1313017,38500076,1,0,F,294.60908663300284616,12653
1313017,38500076,2,0,F,294.60908663300284616,12653
1313018,38500077,1,0,F,268.97274145954355618,11025
1313018,38500077,2,0,F,268.97274145954355618,11025
1313018,38500692,1,0,F,230.03776660528944831,5697
1313018,38500692,2,0,F,230.03776660528944831,5697
1313018,38578225,1,0,F,360.36357027201654546,3858
1313018,38578225,2,0,F,360.36357027201654546,3858
1313018,38588759,1,0,F,280.07962192710721183,4910
1313018,38588759,2,0,F,280.07962192710721183,4910
1313018,38588764,1,0,F,423.50574597182730940,3215
1313018,38588764,2,0,F,423.50574597182730940,3215
1313018,38593497,1,0,F,253.98277542856789069,9888
1313018,38593497,2,0,F,253.98277542856789069,9888
1313019,38578307,1,0,F,196.09888367487451433,6138
1313019,38578307,2,0,F,196.09888367487451433,6138
1313019,38578308,1,0,F,251.74953169411034537,14434
1313019,38578308,2,0,F,251.74953169411034537,14434
1313019,38578309,1,0,F,308.88119563911919840,2091
1313019,38578309,2,0,F,308.88119563911919840,2091
1313019,38589395,1,0,F,104.87777225615214149,5250
1313019,38589395,2,0,F,104.87777225615214149,5250
1313019,38589396,1,0,F,300.15372167776064316,3726
1313019,38589396,2,0,F,300.15372167776064316,3726
1313019,38589397,1,0,F,181.69304227188197842,7542
1313019,38589397,2,0,F,181.69304227188197842,7542
1313020,38517409,1,0,F,353.28109659016956812,5844
1313020,38517409,2,0,F,353.28109659016956812,5844
1313020,38517410,1,0,F,279.18778172157448125,6272
1313020,38517410,2,0,F,279.18778172157448125,6272
1313020,38517413,1,0,F,236.17517269770053190,12296
1313020,38517413,2,0,F,236.17517269770053190,12296
1313021,38588068,1,0,F,310.56129885254404144,3877
1313021,38588068,2,0,F,310.56129885254404144,3877
1313021,38589396,1,0,F,399.15163324240728571,1172
1313021,38589396,2,0,F,399.15163324240728571,1172
1313022,38500256,1,0,F,363.55775699751666252,4806
1313022,38500256,2,0,F,363.55775699751666252,4806
1313022,38517411,1,0,F,322.42781084259019053,6680
1313022,38517411,2,0,F,322.42781084259019053,6680
1313022,38578190,1,0,F,290.85799531762410197,4026
1313022,38578190,2,0,F,290.85799531762410197,4026
1313022,38578192,1,0,F,248.61077244547612963,14274
1313022,38578192,2,0,F,248.61077244547612963,14274
1313022,38578195,1,0,F,250.95291628114236460,10371
1313022,38578195,2,0,F,250.95291628114236460,10371
1313023,38500654,1,0,F,52.96650085134582042,556
1313023,38500654,2,0,F,52.96650085134582042,556
1313025,38500689,1,0,F,70.95979099328211248,3978
1313025,38500689,2,0,F,70.95979099328211248,3978
1313026,38572167,1,0,F,285.33429229125488291,280
1313026,38572167,2,0,F,285.33429229125488291,280
1313027,38500954,1,0,F,310.24646726671892338,4142
1313027,38500954,2,0,F,310.24646726671892338,4142
1313028,38572113,1,0,F,331.08631854291559193,4977
1313028,38572113,2,0,F,331.08631854291559193,4977
1313028,38572143,1,0,F,311.37846242998364232,5905
1313028,38572143,2,0,F,311.37846242998364232,5905
1313028,38572176,1,0,F,305.01892225987728580,6808
1313028,38572176,2,0,F,305.01892225987728580,6808
1313028,38579511,1,0,F,372.64107082378166069,5618
1313028,38579511,2,0,F,372.64107082378166069,5618
1313029,38572198,1,0,F,452.39607194341152763,1504
1313029,38572198,2,0,F,452.39607194341152763,1504
1313030,38500958,1,0,F,255.44561731269422467,5178
1313030,38500958,2,0,F,255.44561731269422467,5178
1313032,38572202,1,0,F,207.99490276633625285,2426
1313032,38572202,2,0,F,207.99490276633625285,2426
1313032,41005329,1,0,F,370.39935341819557379,6127
1313032,41005329,2,0,F,370.39935341819557379,6127
1313033,38572201,1,0,F,103.96046920251725965,810
1313033,38572201,2,0,F,103.96046920251725965,810
1313034,38500754,1,0,F,226.57439497927921934,3598
1313034,38500754,2,0,F,226.57439497927921934,3598
1313035,38500673,1,0,F,195.58013471368585101,1038
1313035,38500673,2,0,F,195.58013471368585101,1038
1313036,38572131,1,0,F,250.39647235083555188,2247
1313036,38572131,2,0,F,250.39647235083555188,2247
1313036,38572132,1,0,F,407.04211803844549422,2000
1313036,38572132,2,0,F,407.04211803844549422,2000
1313037,41005748,1,0,F,375.38619209205637617,2223
1313037,41005748,2,0,F,375.38619209205637617,2223
1313038,38578352,1,0,F,178.99826308505330985,11580
1313038,38578352,2,0,F,178.99826308505330985,11580
1313038,38588621,1,0,F,348.85936479812335165,5027
1313038,38588621,2,0,F,348.85936479812335165,5027
1313038,38595149,1,0,F,251.49323896424641589,4812
1313038,38595149,2,0,F,251.49323896424641589,4812
1313038,38595150,1,0,F,265.97626214659601374,11131
1313038,38595150,2,0,F,265.97626214659601374,11131
1313039,38500854,1,0,F,273.23169426155749306,4632
1313039,38500854,2,0,F,273.23169426155749306,4632
1313039,38517416,1,0,F,33.00000000000000000,100
1313039,38517416,2,0,F,33.00000000000000000,100
1313039,38578354,1,0,F,174.31028030904204229,5418
1313039,38578354,2,0,F,174.31028030904204229,5418
1313039,38578355,1,0,F,286.16584967506986459,3665
1313039,38578355,2,0,F,286.16584967506986459,3665
1313039,38578356,1,0,F,196.02638835374261816,4905
1313039,38578356,2,0,F,196.02638835374261816,4905
1313039,38588855,1,0,F,266.77063492721111970,6884
1313039,38588855,2,0,F,266.77063492721111970,6884
1313039,38594994,1,0,F,314.82646716266094700,11195
1313039,38594994,2,0,F,314.82646716266094700,11195
1313039,38595149,1,0,F,214.22980828769115647,5919
1313039,38595149,2,0,F,214.22980828769115647,5919
1313039,41006139,1,0,F,493.10468888938896725,2312
1313039,41006139,2,0,F,493.10468888938896725,2312
1313040,38500971,1,0,F,265.89185967538139721,3908
1313040,38500971,2,0,F,265.89185967538139721,3908
1313041,38588878,1,0,F,413.21387939627317110,2830
1313041,38588878,2,0,F,413.21387939627317110,2830
1313041,38589401,1,0,F,239.04579003871819509,11472
1313041,38589401,2,0,F,239.04579003871819509,11472
1313041,38589403,1,0,F,218.39059525016281782,6585
1313041,38589403,2,0,F,218.39059525016281782,6585
1313041,38594158,1,0,F,377.56216131935872227,3171
1313041,38594158,2,0,F,377.56216131935872227,3171
1313041,41006150,1,0,F,548.60342354134888865,3742
1313041,41006150,2,0,F,548.60342354134888865,3742
1313042,38578326,1,0,F,340.65296629008230411,5051
1313042,38578326,2,0,F,340.65296629008230411,5051
1313043,38500858,1,0,F,432.53731677139165868,3648
1313043,38500858,2,0,F,432.53731677139165868,3648
1313043,38500859,1,0,F,349.45462227327539040,4596
1313043,38500859,2,0,F,349.45462227327539040,4596
1313043,38572212,1,0,F,244.91270424256254046,20617
1313043,38572212,2,0,F,244.91270424256254046,20617
1313043,38572214,1,0,F,321.98026831439875650,3171
1313043,38572214,2,0,F,321.98026831439875650,3171
1313043,38578318,1,0,F,220.13695622096031457,12714
1313043,38578318,2,0,F,220.13695622096031457,12714
1313043,38578320,1,0,F,162.23374590379535221,5076
1313043,38578320,2,0,F,162.23374590379535221,5076
1313043,38578321,1,0,F,325.89734643774136202,6777
1313043,38578321,2,0,F,325.89734643774136202,6777
1313043,38589420,1,0,F,317.28240311169395227,8944
1313043,38589420,2,0,F,317.28240311169395227,8944
1313043,38589421,1,0,F,304.34735481057896322,4528
1313043,38589421,2,0,F,304.34735481057896322,4528
1313043,38589426,1,0,F,211.67973254974978659,1728
1313043,38589426,2,0,F,211.67973254974978659,1728
1313043,41006183,1,0,F,639.99550783218001015,3911
1313043,41006183,2,0,F,639.99550783218001015,3911
1313044,38572230,1,0,F,102.88047730679747360,3480
1313044,38572230,2,0,F,102.88047730679747360,3480
1313044,38572232,1,0,F,218.35969496776766618,6789
1313044,38572232,2,0,F,218.35969496776766618,6789
1313044,38589420,1,0,F,226.85393413860572309,7379
1313044,38589420,2,0,F,226.85393413860572309,7379
1313045,38500799,1,0,F,249.34462008668705835,2192
1313045,38500799,2,0,F,249.34462008668705835,2192
1313046,41006154,1,0,F,599.38328112024908023,3632
1313046,41006154,2,0,F,599.38328112024908023,3632
1313047,38589404,1,0,F,226.33631778870739026,2826
1313047,38589404,2,0,F,226.33631778870739026,2826
1313048,38589409,1,0,F,240.83834105783574842,6210
1313048,38589409,2,0,F,240.83834105783574842,6210
1313048,41006150,1,0,F,567.21031519219116035,12102
1313048,41006150,2,0,F,567.21031519219116035,12102
1313049,38500850,1,0,F,316.52053090245317435,4022
1313049,38500850,2,0,F,316.52053090245317435,4022
1313049,38578323,1,0,F,288.86708387971179945,5694
1313049,38578323,2,0,F,288.86708387971179945,5694
1313049,38578324,1,0,F,265.92783271413810553,3563
1313049,38578324,2,0,F,265.92783271413810553,3563
1313049,38589400,1,0,F,267.55045145669174644,3188
1313049,38589400,2,0,F,267.55045145669174644,3188
1313050,38572240,1,0,F,332.23010153889549656,2640
1313050,38572240,2,0,F,332.23010153889549656,2640
1313051,38589412,1,0,F,304.65666993760459036,6156
1313051,38589412,2,0,F,304.65666993760459036,6156
1313051,41006224,1,0,F,307.29544220384042319,14980
1313051,41006224,2,0,F,307.29544220384042319,14980
1313052,41006224,1,0,F,728.46841358286599188,5582
1313052,41006224,2,0,F,728.46841358286599188,5582
1313053,38500984,1,0,F,260.83384505155669331,1920
1313053,38500984,2,0,F,260.83384505155669331,1920
1313053,38572239,1,0,F,411.01484108963717290,2316
1313053,38572239,2,0,F,411.01484108963717290,2316
1313054,38578257,1,0,F,234.28794259998622351,1925
1313054,38578257,2,0,F,234.28794259998622351,1925
1313055,38500960,1,0,F,246.99641089465126242,653
1313055,38500960,2,0,F,246.99641089465126242,653
1313056,41006291,1,0,F,364.22747353663902459,1351
1313056,41006291,2,0,F,364.22747353663902459,1351
1313057,41006291,1,0,F,425.61350799392369026,1994
1313057,41006291,2,0,F,425.61350799392369026,1994
1313058,38578268,1,0,F,105.78876118807792750,858
1313058,38578268,2,0,F,105.78876118807792750,858
1313059,38578280,1,0,F,224.31581636209941166,5856
1313059,38578280,2,0,F,224.31581636209941166,5856
1313060,38578259,1,0,F,397.66648965449707021,9515
1313060,38578259,2,0,F,397.66648965449707021,9515
1313060,38593509,1,0,F,297.55504213127971980,7591
1313060,38593509,2,0,F,297.55504213127971980,7591
1313060,38593510,1,0,F,392.59641648677421699,4909
1313060,38593510,2,0,F,392.59641648677421699,4909
1313060,38593512,1,0,F,339.61017249971621368,6477
1313060,38593512,2,0,F,339.61017249971621368,6477
1313061,38578282,1,0,F,228.04865654324223101,1258
1313061,38578282,2,0,F,228.04865654324223101,1258
1313062,38578272,1,0,F,346.26333536048190354,1301
1313062,38578272,2,0,F,346.26333536048190354,1301
1313063,38578292,1,0,F,268.75079984114915987,2823
1313063,38578292,2,0,F,268.75079984114915987,2823
1313064,38578298,1,0,F,179.27428433853825140,1088
1313064,38578298,2,0,F,179.27428433853825140,1088
1313065,38578275,1,0,F,158.18265933384125788,2290
1313065,38578275,2,0,F,158.18265933384125788,2290
1313066,41006373,1,0,F,726.28988662567860501,1651
1313066,41006373,2,0,F,726.28988662567860501,1651
1313067,38578294,1,0,F,200.00338245895548539,1950
1313067,38578294,2,0,F,200.00338245895548539,1950
1313068,38500962,1,0,F,278.92787820814078259,1502
1313068,38500962,2,0,F,278.92787820814078259,1502
1313069,38578297,1,0,F,161.44420642316626413,2359
1313069,38578297,2,0,F,161.44420642316626413,2359
1313070,38500980,1,0,F,252.98830860353177741,1335
1313070,38500980,2,0,F,252.98830860353177741,1335
1313071,41006384,1,0,F,424.55642193923569039,1824
1313071,41006384,2,0,F,424.55642193923569039,1824
1313072,41006373,1,0,F,344.97384074953515665,1618
1313072,41006373,2,0,F,344.97384074953515665,1618
1313073,38500996,1,0,F,159.88322958287366760,6015
1313073,38500996,2,0,F,159.88322958287366760,6015
1313073,38572280,1,0,F,255.54393611850684920,2650
1313073,38572280,2,0,F,255.54393611850684920,2650
1313073,38572282,1,0,F,292.59960268748960743,5014
1313073,38572282,2,0,F,292.59960268748960743,5014
1313073,38572283,1,0,F,330.81775695179629793,3265
1313073,38572283,2,0,F,330.81775695179629793,3265
1313073,38572307,1,0,F,242.75532447256591695,4620
1313073,38572307,2,0,F,242.75532447256591695,4620
1313074,38572277,1,0,F,437.51711710355908735,3508
1313074,38572277,2,0,F,437.51711710355908735,3508
1313075,38578302,1,0,F,402.09770930331723093,475
1313075,38578302,2,0,F,402.09770930331723093,475
1313076,38500963,1,0,F,341.45263684886873534,3502
1313076,38500963,2,0,F,341.45263684886873534,3502
1313076,38572286,1,0,F,230.92904173905148468,4840
1313076,38572286,2,0,F,230.92904173905148468,4840
1313077,38500781,1,0,F,227.37654406792680106,2676
1313077,38500781,2,0,F,227.37654406792680106,2676
1313078,38500998,1,0,F,138.24668478525117621,2100
1313078,38500998,2,0,F,138.24668478525117621,2100
1313079,38500997,1,0,F,138.57191055966978865,318
1313079,38500997,2,0,F,138.57191055966978865,318
1313080,38500778,1,0,F,159.47118246834969568,292
1313080,38500778,2,0,F,159.47118246834969568,292
1313081,38500782,1,0,F,275.19429949214912767,1716
1313081,38500782,2,0,F,275.19429949214912767,1716
1313082,38572312,1,0,F,253.22167358275993365,1342
1313082,38572312,2,0,F,253.22167358275993365,1342
1313083,38500964,1,0,F,55.30313836549004947,811
1313083,38500964,2,0,F,55.30313836549004947,811
1313084,38500780,1,0,F,117.04676981560217541,1791
1313084,38500780,2,0,F,117.04676981560217541,1791
1313085,38500965,1,0,F,214.92608708939445705,915
1313085,38500965,2,0,F,214.92608708939445705,915
1313086,38572135,1,0,F,299.39726175517915863,1734
1313086,38572135,2,0,F,299.39726175517915863,1734
1313087,38578246,1,0,F,57.72840365105351879,346
1313087,38578246,2,0,F,57.72840365105351879,346
1313088,38500852,1,0,F,125.80669181079531427,2176
1313088,38500852,2,0,F,125.80669181079531427,2176
1313089,38500857,1,0,F,137.77026784330959686,525
1313089,38500857,2,0,F,137.77026784330959686,525
1313090,38578335,1,0,F,220.92343929338937869,865
1313090,38578335,2,0,F,220.92343929338937869,865
1313091,38578242,1,0,F,167.27895135455767672,415
1313091,38578242,2,0,F,167.27895135455767672,415
1313092,38572349,1,0,F,349.04136284357309705,3583
1313092,38572349,2,0,F,349.04136284357309705,3583
1313093,41006201,1,0,F,211.63330979569485635,1059
1313093,41006201,2,0,F,211.63330979569485635,1059
1313093,41006209,1,0,F,320.10185967275242547,1436
1313093,41006209,2,0,F,320.10185967275242547,1436
1313094,41006192,1,0,F,375.57435466397686241,5215
1313094,41006192,2,0,F,375.57435466397686241,5215
1313095,38578254,1,0,F,216.63503873569047187,1417
1313095,38578254,2,0,F,216.63503873569047187,1417
1313097,38578250,1,0,F,324.25107903643532836,4104
1313097,38578250,2,0,F,324.25107903643532836,4104
1313097,41006250,1,0,F,350.67088104953319316,2744
1313097,41006250,2,0,F,350.67088104953319316,2744
1313098,38500763,1,0,F,398.93398510514907684,2516
1313098,38500763,2,0,F,398.93398510514907684,2516
1313099,38578253,1,0,F,225.54946229109589240,1147
1313099,38578253,2,0,F,225.54946229109589240,1147
1313100,38578286,1,0,F,384.99030576285821326,4120
1313100,38578286,2,0,F,384.99030576285821326,4120
1313101,38578289,1,0,F,245.70003068356507470,745
1313101,38578289,2,0,F,245.70003068356507470,745
1319001,38578647,1,0,F,114.63971591701408670,3448
1319001,38578647,2,0,F,114.63971591701408670,3448
1319001,38578649,1,0,F,373.64584925557966244,3349
1319001,38578649,2,0,F,373.64584925557966244,3349
1319001,38578650,1,0,F,407.72077372533954076,3662
1319001,38578650,2,0,F,407.72077372533954076,3662
1319002,41006618,1,0,F,420.93734833645874005,2083
1319002,41006618,2,0,F,420.93734833645874005,2083
1319002,41006628,1,0,F,251.19380468273649853,2876
1319002,41006628,2,0,F,251.19380468273649853,2876
1319002,41006637,1,0,F,446.37583006978564981,5763
1319002,41006637,2,0,F,446.37583006978564981,5763
1319003,41006618,1,0,F,302.64180656417073578,1296
1319003,41006618,2,0,F,302.64180656417073578,1296
1319003,41006623,1,0,F,339.07262784169540737,2079
1319003,41006623,2,0,F,339.07262784169540737,2079
1319003,41006628,1,0,F,391.82400190445105181,3456
1319003,41006628,2,0,F,391.82400190445105181,3456
1319004,38502684,1,0,F,280.59694807292970609,7228
1319004,38502684,2,0,F,280.59694807292970609,7228
1319004,38572390,1,0,F,300.21265305742861074,6271
1319004,38572390,2,0,F,300.21265305742861074,6271
1319004,38578660,1,0,F,403.58862148973776129,5186
1319004,38578660,2,0,F,403.58862148973776129,5186
1319005,8502191,1,0,F,454.03681444750429819,30957
1319005,8502191,2,0,F,454.03681444750429819,30957
1319005,38502996,1,0,F,285.21339842948020760,14833
1319005,38502996,2,0,F,285.21339842948020760,14833
1319005,38578642,1,0,F,98.22993422400689667,9264
1319005,38578642,2,0,F,98.22993422400689667,9264
1319005,38578644,1,0,F,146.53637911974863073,8625
1319005,38578644,2,0,F,146.53637911974863073,8625
1319005,38590142,1,0,F,215.02438864087315551,7323
1319005,38590142,2,0,F,215.02438864087315551,7323
1319005,38590147,1,0,F,168.57790992432595090,10940
1319005,38590147,2,0,F,168.57790992432595090,10940
1319005,38590154,1,0,F,118.19831130431515476,14632
1319005,38590154,2,0,F,118.19831130431515476,14632
1319005,38590160,1,0,F,248.08437939903024017,8851
1319005,38590160,2,0,F,248.08437939903024017,8851
1319005,38594929,1,0,F,290.07017543142291061,21362
1319005,38594929,2,0,F,290.07017543142291061,21362
1319006,38588427,1,0,F,235.30804656533445041,9096
1319006,38588427,2,0,F,235.30804656533445041,9096
1319006,38590134,1,0,F,252.39494346375241207,8963
1319006,38590134,2,0,F,252.39494346375241207,8963
1319006,38590138,1,0,F,278.56667489407510629,17514
1319006,38590138,2,0,F,278.56667489407510629,17514
1319007,38590257,1,0,F,328.38601111121988652,4500
1319007,38590257,2,0,F,328.38601111121988652,4500
1319007,38590258,1,0,F,279.41414334516457529,8457
1319007,38590258,2,0,F,279.41414334516457529,8457
1319008,38500977,1,0,F,124.11230576617002441,1907
1319008,38500977,2,0,F,124.11230576617002441,1907
1319009,41006651,1,0,F,220.78281186435751238,1521
1319009,41006651,2,0,F,220.78281186435751238,1521
1319009,41006656,1,0,F,292.26840251161371498,2047
1319009,41006656,2,0,F,292.26840251161371498,2047
1319009,41006658,1,0,F,262.43533560606846322,1911
1319009,41006658,2,0,F,262.43533560606846322,1911
1319010,41006654,1,0,F,302.23751298856325320,2851
1319010,41006654,2,0,F,302.23751298856325320,2851
1319011,38578664,1,0,F,234.37159781345329179,3399
1319011,38578664,2,0,F,234.37159781345329179,3399
1319012,38590216,1,0,F,409.64225026928249918,1200
1319012,38590216,2,0,F,409.64225026928249918,1200
1319012,38590281,1,0,F,379.17616469749179942,2758
1319012,38590281,2,0,F,379.17616469749179942,2758
1319012,38590287,1,0,F,267.37184394409393917,12134
1319012,38590287,2,0,F,267.37184394409393917,12134
1319012,38590289,1,0,F,289.28872547096341350,9786
1319012,38590289,2,0,F,289.28872547096341350,9786
1319012,41006671,1,0,F,567.85457603017914607,12719
1319012,41006671,2,0,F,567.85457603017914607,12719
1319012,41006681,1,0,F,440.32588061701085280,7247
1319012,41006681,2,0,F,440.32588061701085280,7247
1319013,38590207,1,0,F,257.65039071297422879,11246
1319013,38590207,2,0,F,257.65039071297422879,11246
1319013,38590213,1,0,F,245.86185909071232913,5818
1319013,38590213,2,0,F,245.86185909071232913,5818
1319013,41006671,1,0,F,409.43587380336890647,24208
1319013,41006671,2,0,F,409.43587380336890647,24208
1319014,8502184,1,0,F,377.18529611905620413,3203
1319014,8502184,2,0,F,377.18529611905620413,3203
1319014,41006695,1,0,F,212.48987006770971675,2060
1319014,41006695,2,0,F,212.48987006770971675,2060
1319014,41006699,1,0,F,393.41667152110875350,5907
1319014,41006699,2,0,F,393.41667152110875350,5907
1319015,38587230,1,0,F,142.60500538077468491,7341
1319015,38587230,2,0,F,142.60500538077468491,7341
1319015,41006868,1,0,F,435.37480984839476150,9613
1319015,41006868,2,0,F,435.37480984839476150,9613
1319017,38503776,1,0,F,362.93442419241745256,9316
1319017,38503776,2,0,F,362.93442419241745256,9316
1319017,38503777,1,0,F,336.42942231795024099,9698
1319017,38503777,2,0,F,336.42942231795024099,9698
1319017,38572579,1,0,F,249.92043343144504775,2598
1319017,38572579,2,0,F,249.92043343144504775,2598
1319018,38502873,1,0,F,297.91769601376284982,5943
1319018,38502873,2,0,F,297.91769601376284982,5943
1319018,38572511,1,0,F,267.38231442858074161,5426
1319018,38572511,2,0,F,267.38231442858074161,5426
1319018,38579862,1,0,F,315.52750334321302716,8779
1319018,38579862,2,0,F,315.52750334321302716,8779
1319019,38503587,1,0,F,259.57011021691812402,6954
1319019,38503587,2,0,F,259.57011021691812402,6954
1319019,38503593,1,0,F,328.53372570101055317,4934
1319019,38503593,2,0,F,328.53372570101055317,4934
1319019,38503599,1,0,F,52.88249861219451731,3544
1319019,38503599,2,0,F,52.88249861219451731,3544
1319019,38580164,1,0,F,342.26757395991342037,4388
1319019,38580164,2,0,F,342.26757395991342037,4388
1319020,38502899,1,0,F,277.89075792503052753,4361
1319020,38502899,2,0,F,277.89075792503052753,4361
1319021,38502775,1,0,F,281.67560041584613373,5032
1319021,38502775,2,0,F,281.67560041584613373,5032
1319021,38572514,1,0,F,401.37352227182651632,4403
1319021,38572514,2,0,F,401.37352227182651632,4403
1319022,38503778,1,0,F,223.32215953040966383,4373
1319022,38503778,2,0,F,223.32215953040966383,4373
1319022,38503877,1,0,F,255.75435133019269074,7521
1319022,38503877,2,0,F,255.75435133019269074,7521
1319023,38581719,1,0,F,247.49630516713665429,4223
1319023,38581719,2,0,F,247.49630516713665429,4223
1319025,38578669,1,0,F,197.05419140618869278,4059
1319025,38578669,2,0,F,197.05419140618869278,4059
1319025,38578670,1,0,F,335.52001799506308544,6183
1319025,38578670,2,0,F,335.52001799506308544,6183
1319026,38502690,1,0,F,202.57332896206870032,6036
1319026,38502690,2,0,F,202.57332896206870032,6036
1319026,38572387,1,0,F,120.26941094910600327,6714
1319026,38572387,2,0,F,120.26941094910600327,6714
1319026,38572581,1,0,F,227.82914990273243916,4461
1319026,38572581,2,0,F,227.82914990273243916,4461
1319026,38578668,1,0,F,159.52338209435586691,18554
1319026,38578668,2,0,F,159.52338209435586691,18554
1319026,38578683,1,0,F,200.50473528739314588,1220
1319026,38578683,2,0,F,200.50473528739314588,1220
1319026,38578914,1,0,F,137.06075591765298327,16866
1319026,38578914,2,0,F,137.06075591765298327,16866
1319026,38590164,1,0,F,81.00646326518153728,4032
1319026,38590164,2,0,F,81.00646326518153728,4032
1319026,38590170,1,0,F,289.34490573530126767,5262
1319026,38590170,2,0,F,289.34490573530126767,5262
1319026,38590174,1,0,F,145.12052969060778196,8859
1319026,38590174,2,0,F,145.12052969060778196,8859
1319026,38590177,1,0,F,312.59016192385558952,5026
1319026,38590177,2,0,F,312.59016192385558952,5026
1319026,38590189,1,0,F,150.18155526124999710,6537
1319026,38590189,2,0,F,150.18155526124999710,6537
1319026,38590192,1,0,F,145.18841200060768415,7113
1319026,38590192,2,0,F,145.18841200060768415,7113
1319027,38572551,1,0,F,201.21786738183871535,5756
1319027,38572551,2,0,F,201.21786738183871535,5756
1319027,38578681,1,0,F,207.63338682559464132,9783
1319027,38578681,2,0,F,207.63338682559464132,9783
1319027,38590394,1,0,F,236.60995619483773567,15111
1319027,38590394,2,0,F,236.60995619483773567,15111
1319028,38502888,1,0,F,215.52996785199050578,5317
1319028,38502888,2,0,F,215.52996785199050578,5317
1319028,38572546,1,0,F,307.77456302719889436,7129
1319028,38572546,2,0,F,307.77456302719889436,7129
1319028,38572548,1,0,F,362.77581527676852602,9572
1319028,38572548,2,0,F,362.77581527676852602,9572
1319029,38502774,1,0,F,307.74375852755684946,7723
1319029,38502774,2,0,F,307.74375852755684946,7723
1319029,38572553,1,0,F,326.41086059715672718,6623
1319029,38572553,2,0,F,326.41086059715672718,6623
1319029,38580315,1,0,F,248.34408251246003374,5494
1319029,38580315,2,0,F,248.34408251246003374,5494
1319030,38503767,1,0,F,231.51533538949109925,7265
1319030,38503767,2,0,F,231.51533538949109925,7265
1319030,38503779,1,0,F,279.42287573585417704,4278
1319030,38503779,2,0,F,279.42287573585417704,4278
1319030,38503875,1,0,F,205.49934973496985435,4104
1319030,38503875,2,0,F,205.49934973496985435,4104
1319030,38572574,1,0,F,358.51835164864093031,6189
1319030,38572574,2,0,F,358.51835164864093031,6189
1319030,38590252,1,0,F,216.35392582552802310,3942
1319030,38590252,2,0,F,216.35392582552802310,3942
1319031,38502772,1,0,F,285.99768292562293936,10731
1319031,38502772,2,0,F,285.99768292562293936,10731
1319031,38583561,1,0,F,235.77211615217487406,5118
1319031,38583561,2,0,F,235.77211615217487406,5118
1319032,38502897,1,0,F,312.11857434764630170,8631
1319032,38502897,2,0,F,312.11857434764630170,8631
1319033,38590250,1,0,F,209.45633438488377465,4526
1319033,38590250,2,0,F,209.45633438488377465,4526
1319034,38590244,1,0,F,295.64023460375489094,16598
1319034,38590244,2,0,F,295.64023460375489094,16598
1319034,38590245,1,0,F,227.79951488870059961,2918
1319034,38590245,2,0,F,227.79951488870059961,2918
1319034,38590248,1,0,F,260.04178295580999247,5427
1319034,38590248,2,0,F,260.04178295580999247,5427
1319034,38590249,1,0,F,306.66214849798359410,7888
1319034,38590249,2,0,F,306.66214849798359410,7888
1319036,38502880,1,0,F,272.88248450006966550,2348
1319036,38502880,2,0,F,272.88248450006966550,2348
1319036,38502956,1,0,F,333.26186656368616923,2656
1319036,38502956,2,0,F,333.26186656368616923,2656
1319037,38502895,1,0,F,224.09821482001140680,1239
1319037,38502895,2,0,F,224.09821482001140680,1239
1319038,38502773,1,0,F,262.31864248372380644,3960
1319038,38502773,2,0,F,262.31864248372380644,3960
1319038,38502896,1,0,F,174.20223682382325592,4758
1319038,38502896,2,0,F,174.20223682382325592,4758
1319038,38579692,1,0,F,162.38810323757672904,3927
1319038,38579692,2,0,F,162.38810323757672904,3927
1319039,38590229,1,0,F,249.35227240760593759,6138
1319039,38590229,2,0,F,249.35227240760593759,6138
1319039,38590235,1,0,F,157.93593019045769665,7029
1319039,38590235,2,0,F,157.93593019045769665,7029
1319040,38572567,1,0,F,323.82052163773875009,3555
1319040,38572567,2,0,F,323.82052163773875009,3555
1319041,38590293,1,0,F,246.80002859017523065,6775
1319041,38590293,2,0,F,246.80002859017523065,6775
1319041,38590296,1,0,F,235.58107907313771534,8034
1319041,38590296,2,0,F,235.58107907313771534,8034
1319041,38590297,1,0,F,196.19118103391602403,6798
1319041,38590297,2,0,F,196.19118103391602403,6798
1319041,38590300,1,0,F,352.90249610201584574,4776
1319041,38590300,2,0,F,352.90249610201584574,4776
1319041,41006988,1,0,F,455.53822739036502298,24748
1319041,41006988,2,0,F,455.53822739036502298,24748
1319042,38578678,1,0,F,183.36331151178853816,8142
1319042,38578678,2,0,F,183.36331151178853816,8142
1319042,38590295,1,0,F,269.99496585767303714,7578
1319042,38590295,2,0,F,269.99496585767303714,7578
1319042,38590300,1,0,F,160.38221805142183030,5736
1319042,38590300,2,0,F,160.38221805142183030,5736
1319042,38590301,1,0,F,260.76886962657937374,4986
1319042,38590301,2,0,F,260.76886962657937374,4986
1319042,38590303,1,0,F,185.98952819701162298,5994
1319042,38590303,2,0,F,185.98952819701162298,5994
1319042,38590307,1,0,F,248.74985811457338514,4965
1319042,38590307,2,0,F,248.74985811457338514,4965
1319042,38590312,1,0,F,408.09208786349802267,5544
1319042,38590312,2,0,F,408.09208786349802267,5544
1319043,38590239,1,0,F,239.95137767966332376,4329
1319043,38590239,2,0,F,239.95137767966332376,4329
1319043,41007049,1,0,F,483.65060278386073378,4051
1319043,41007049,2,0,F,483.65060278386073378,4051
1319044,38503585,1,0,F,281.61877005391806961,8143
1319044,38503585,2,0,F,281.61877005391806961,8143
1319044,38503586,1,0,F,210.03131475670156192,3526
1319044,38503586,2,0,F,210.03131475670156192,3526
1319045,38502750,1,0,F,285.49324852892709714,4136
1319045,38502750,2,0,F,285.49324852892709714,4136
1319046,38590314,1,0,F,298.10487491800847693,6133
1319046,38590314,2,0,F,298.10487491800847693,6133
1319046,38590316,1,0,F,343.50968938192062296,5700
1319046,38590316,2,0,F,343.50968938192062296,5700
1319046,38594307,1,0,F,304.38316293477470253,8216
1319046,38594307,2,0,F,304.38316293477470253,8216
1319046,38594309,1,0,F,366.62736156087424888,5896
1319046,38594309,2,0,F,366.62736156087424888,5896
1319046,41007057,1,0,F,407.69583598755241383,4801
1319046,41007057,2,0,F,407.69583598755241383,4801
1319047,38590269,1,0,F,256.91137878215590717,6236
1319047,38590269,2,0,F,256.91137878215590717,6236
1319047,38590270,1,0,F,243.91185175305690791,5304
1319047,38590270,2,0,F,243.91185175305690791,5304
1319047,38590271,1,0,F,393.09764867050483872,2957
1319047,38590271,2,0,F,393.09764867050483872,2957
1319047,38590275,1,0,F,247.38441792263796515,8908
1319047,38590275,2,0,F,247.38441792263796515,8908
1319047,38590276,1,0,F,275.64585339598983182,5279
1319047,38590276,2,0,F,275.64585339598983182,5279
1319047,38590277,1,0,F,156.07373081979682183,12837
1319047,38590277,2,0,F,156.07373081979682183,12837
1319047,38590278,1,0,F,267.58153531426069094,4449
1319047,38590278,2,0,F,267.58153531426069094,4449
1319047,38590279,1,0,F,199.00000000000000000,100
1319047,38590279,2,0,F,199.00000000000000000,100
1319048,38590272,1,0,F,233.53312028795539845,4403
1319048,38590272,2,0,F,233.53312028795539845,4403
1319049,38587018,1,0,F,197.79056083968225721,2670
1319049,38587018,2,0,F,197.79056083968225721,2670
1319050,38590202,1,0,F,349.47249683177972202,8267
1319050,38590202,2,0,F,349.47249683177972202,8267
1319051,41006869,1,0,F,239.84611694887769318,3899
1319051,41006869,2,0,F,239.84611694887769318,3899
1319052,38581882,1,0,F,352.84569325775129300,5146
1319052,38581882,2,0,F,352.84569325775129300,5146
1319052,38582730,1,0,F,263.08866105266588420,5316
1319052,38582730,2,0,F,263.08866105266588420,5316
1319052,38582731,1,0,F,357.52075345077656721,3905
1319052,38582731,2,0,F,357.52075345077656721,3905
1319052,38583401,1,0,F,165.59188753631264035,6113
1319052,38583401,2,0,F,165.59188753631264035,6113
1319052,38587555,1,0,F,299.96978177679432065,6681
1319052,38587555,2,0,F,299.96978177679432065,6681
1319053,38587560,1,0,F,155.32949213271018607,508
1319053,38587560,2,0,F,155.32949213271018607,508
1319054,38502688,1,0,F,370.06916795058009484,6022
1319054,38502688,2,0,F,370.06916795058009484,6022
1319054,38502689,1,0,F,294.42924243778958271,2078
1319054,38502689,2,0,F,294.42924243778958271,2078
1319054,41006869,1,0,F,590.01485275256038676,6026
1319054,41006869,2,0,F,590.01485275256038676,6026
1319055,38578771,1,0,F,341.68722092818654801,4222
1319055,38578771,2,0,F,341.68722092818654801,4222
1319055,38578773,1,0,F,350.42057889414462579,4665
1319055,38578773,2,0,F,350.42057889414462579,4665
1319056,38502752,1,0,F,81.05694589751223589,3892
1319056,38502752,2,0,F,81.05694589751223589,3892
1319056,38572611,1,0,F,213.17430152268892130,3594
1319056,38572611,2,0,F,213.17430152268892130,3594
1319057,38502670,1,0,F,258.24880030553453025,3639
1319057,38502670,2,0,F,258.24880030553453025,3639
1319058,38572544,1,0,F,160.97974653658894795,11784
1319058,38572544,2,0,F,160.97974653658894795,11784
1319058,38572618,1,0,F,252.06436797874337685,8419
1319058,38572618,2,0,F,252.06436797874337685,8419
1319058,38580314,1,0,F,239.23250194771219412,8159
1319058,38580314,2,0,F,239.23250194771219412,8159
1319058,38580348,1,0,F,255.02081453323765459,4089
1319058,38580348,2,0,F,255.02081453323765459,4089
1319058,38580376,1,0,F,181.81092896560747363,6927
1319058,38580376,2,0,F,181.81092896560747363,6927
1319058,38580924,1,0,F,160.47031139662786359,6009
1319058,38580924,2,0,F,160.47031139662786359,6009
1319058,41006922,1,0,F,385.39800342548926437,10504
1319058,41006922,2,0,F,385.39800342548926437,10504
1319059,38579278,1,0,F,186.17254599624752132,5086
1319059,38579278,2,0,F,186.17254599624752132,5086
1319059,41006954,1,0,F,507.61656237231625255,32568
1319059,41006954,2,0,F,507.61656237231625255,32568
1319060,38572634,1,0,F,186.07822309425242224,1055
1319060,38572634,2,0,F,186.07822309425242224,1055
1319061,38502757,1,0,F,211.14088169605747680,2090
1319061,38502757,2,0,F,211.14088169605747680,2090
1319062,38502755,1,0,F,287.28263964252056439,4611
1319062,38502755,2,0,F,287.28263964252056439,4611
1319063,38502753,1,0,F,29.56791718829036952,2198
1319063,38502753,2,0,F,29.56791718829036952,2198
1319064,38502751,1,0,F,149.74111859117724066,3677
1319064,38502751,2,0,F,149.74111859117724066,3677
1319065,38572570,1,0,F,266.45376592911185298,5769
1319065,38572570,2,0,F,266.45376592911185298,5769
1319065,38572643,1,0,F,296.24010365426448743,12811
1319065,38572643,2,0,F,296.24010365426448743,12811
1319065,38582462,1,0,F,165.96963041200032762,5587
1319065,38582462,2,0,F,165.96963041200032762,5587
1319065,38582529,1,0,F,253.27940283596140603,7556
1319065,38582529,2,0,F,253.27940283596140603,7556
1319065,41007036,1,0,F,349.75846071726135733,8090
1319065,41007036,2,0,F,349.75846071726135733,8090
1319066,38572644,1,0,F,220.84589454182611235,4590
1319066,38572644,2,0,F,220.84589454182611235,4590
1319067,38502982,1,0,F,204.98241805046308173,1201
1319067,38502982,2,0,F,204.98241805046308173,1201
1319068,38502575,1,0,F,198.29669858645036129,8959
1319068,38502575,2,0,F,198.29669858645036129,8959
1319068,41007054,1,0,F,632.33893514874250741,2254
1319068,41007054,2,0,F,632.33893514874250741,2254
1319069,38576480,1,0,F,194.98222094861492337,4737
1319069,38576480,2,0,F,194.98222094861492337,4737
1319069,38576498,1,0,F,208.42075945286069327,6346
1319069,38576498,2,0,F,208.42075945286069327,6346
1319069,38580847,1,0,F,343.07597565214956603,9051
1319069,38580847,2,0,F,343.07597565214956603,9051
1319070,38572560,1,0,F,331.63689960052215611,5062
1319070,38572560,2,0,F,331.63689960052215611,5062
1319070,41007100,1,0,F,346.63530203643819050,2214
1319070,41007100,2,0,F,346.63530203643819050,2214
1319071,41007100,1,0,F,274.50007107381753713,673
1319071,41007100,2,0,F,274.50007107381753713,673
1319072,38502553,1,0,F,237.32555649399023423,3397
1319072,38502553,2,0,F,237.32555649399023423,3397
1319073,38572560,1,0,F,189.82763907424677541,7326
1319073,38572560,2,0,F,189.82763907424677541,7326
1319073,38580317,1,0,F,251.98777877060874175,3884
1319073,38580317,2,0,F,251.98777877060874175,3884
1319073,41007070,1,0,F,285.69998652436566999,5001
1319073,41007070,2,0,F,285.69998652436566999,5001
1319074,38502979,1,0,F,253.46778286697301041,5848
1319074,38502979,2,0,F,253.46778286697301041,5848
1319076,38572602,1,0,F,183.51209651512158416,3981
1319076,38572602,2,0,F,183.51209651512158416,3981
1319076,38573722,1,0,F,234.16928216247154637,3186
1319076,38573722,2,0,F,234.16928216247154637,3186
1319077,38502879,1,0,F,262.80506870494633631,3506
1319077,38502879,2,0,F,262.80506870494633631,3506
1319077,38572603,1,0,F,302.68514370529908319,2504
1319077,38572603,2,0,F,302.68514370529908319,2504
1319078,38503598,1,0,F,308.69423226298061991,3381
1319078,38503598,2,0,F,308.69423226298061991,3381
1319079,38573725,1,0,F,150.01723013505534254,1475
1319079,38573725,2,0,F,150.01723013505534254,1475
1319080,38572477,1,0,F,136.90080593307084200,1974
1319080,38572477,2,0,F,136.90080593307084200,1974
1319081,38500581,1,0,F,178.15361666885047498,745
1319081,38500581,2,0,F,178.15361666885047498,745
1319082,38500979,1,0,F,362.58007069144406387,8974
1319082,38500979,2,0,F,362.58007069144406387,8974
1319083,38502557,1,0,F,175.71002119829898902,5254
1319083,38502557,2,0,F,175.71002119829898902,5254
1319084,38500558,1,0,F,199.99326760785697843,389
1319084,38500558,2,0,F,199.99326760785697843,389
1319085,38503890,1,0,F,310.65972628572092162,420
1319085,38503890,2,0,F,310.65972628572092162,420
1319085,38503891,1,0,F,260.54566986880041668,158
1319085,38503891,2,0,F,260.54566986880041668,158
1319085,38581106,1,0,F,226.37970706982633828,1871
1319085,38581106,2,0,F,226.37970706982633828,1871
1319086,38500767,1,0,F,217.77738026070591104,1561
1319086,38500767,2,0,F,217.77738026070591104,1561
1319087,38572471,1,0,F,225.32337474304827651,5409
1319087,38572471,2,0,F,225.32337474304827651,5409
1319088,38502875,1,0,F,298.32665613668547167,1896
1319088,38502875,2,0,F,298.32665613668547167,1896
1319089,38502680,1,0,F,10.00000000000000000,100
1319089,38502680,2,0,F,10.00000000000000000,100
1319089,41006774,1,0,F,319.06220247343833307,1448
1319089,41006774,2,0,F,319.06220247343833307,1448
1319090,38500950,1,0,F,288.59645240627850171,4644
1319090,38500950,2,0,F,288.59645240627850171,4644
1319091,38500575,1,0,F,264.10245614444880857,3016
1319091,38500575,2,0,F,264.10245614444880857,3016
1319091,38503574,1,0,F,214.66885067075156712,6134
1319091,38503574,2,0,F,214.66885067075156712,6134
1319091,38572464,1,0,F,195.39070029436626896,12444
1319091,38572464,2,0,F,195.39070029436626896,12444
1319091,38572479,1,0,F,276.54671536258246078,6498
1319091,38572479,2,0,F,276.54671536258246078,6498
1319091,38572485,1,0,F,270.38310981896552221,5640
1319091,38572485,2,0,F,270.38310981896552221,5640
1319091,38580321,1,0,F,277.13331018369791536,6390
1319091,38580321,2,0,F,277.13331018369791536,6390
1319091,38580322,1,0,F,239.41404443593447127,3964
1319091,38580322,2,0,F,239.41404443593447127,3964
1319091,38580324,1,0,F,245.56696815104911025,5562
1319091,38580324,2,0,F,245.56696815104911025,5562
1319092,38500561,1,0,F,213.70464624405360610,2191
1319092,38500561,2,0,F,213.70464624405360610,2191
1319093,38502952,1,0,F,257.26560776571449196,1081
1319093,38502952,2,0,F,257.26560776571449196,1081
1319094,38572507,1,0,F,272.52215468500691031,5814
1319094,38572507,2,0,F,272.52215468500691031,5814
1319094,41006837,1,0,F,407.84456256969565402,7874
1319094,41006837,2,0,F,407.84456256969565402,7874
1319095,38502951,1,0,F,166.07250894057739288,484
1319095,38502951,2,0,F,166.07250894057739288,484
1319096,38500563,1,0,F,214.93834958949867087,3906
1319096,38500563,2,0,F,214.93834958949867087,3906
1319097,38503569,1,0,F,100.21958679252504965,363
1319097,38503569,2,0,F,100.21958679252504965,363
1319098,38502871,1,0,F,430.59968496409226191,3547
1319098,38502871,2,0,F,430.59968496409226191,3547
1319099,38572504,1,0,F,219.80111774090116228,3181
1319099,38572504,2,0,F,219.80111774090116228,3181
1319099,38572505,1,0,F,304.00000000000000000,100
1319099,38572505,2,0,F,304.00000000000000000,100
1319101,38500564,1,0,F,125.37144585461388147,1628
1319101,38500564,2,0,F,125.37144585461388147,1628
1319102,38500572,1,0,F,301.19785549294624616,3790
1319102,38500572,2,0,F,301.19785549294624616,3790
1319102,38503592,1,0,F,78.85573375488012005,1186
1319102,38503592,2,0,F,78.85573375488012005,1186
1319103,38500566,1,0,F,333.60979056544653076,1436
1319103,38500566,2,0,F,333.60979056544653076,1436
1319104,38502703,1,0,F,268.50296407936224341,2344
1319104,38502703,2,0,F,268.50296407936224341,2344
1319104,38502965,1,0,F,208.23827873954493839,5601
1319104,38502965,2,0,F,208.23827873954493839,5601
1319104,38583341,1,0,F,272.38676253681580874,4452
1319104,38583341,2,0,F,272.38676253681580874,4452
1319104,41006843,1,0,F,508.24778283512461030,2351
1319104,41006843,2,0,F,508.24778283512461030,2351
1319105,38500786,1,0,F,157.96205117399964024,4050
1319105,38500786,2,0,F,157.96205117399964024,4050
1319105,38500787,1,0,F,215.23465373070783357,4638
1319105,38500787,2,0,F,215.23465373070783357,4638
1319105,38502705,1,0,F,338.09368229042490839,3657
1319105,38502705,2,0,F,338.09368229042490839,3657
1319105,38572464,1,0,F,218.30813184159757157,4554
1319105,38572464,2,0,F,218.30813184159757157,4554
1319105,38572510,1,0,F,242.21066048701928253,4830
1319105,38572510,2,0,F,242.21066048701928253,4830
1319105,38572516,1,0,F,145.80533380448380854,2147
1319105,38572516,2,0,F,145.80533380448380854,2147
1319105,38572523,1,0,F,195.53251909144961473,5094
1319105,38572523,2,0,F,195.53251909144961473,5094
1319105,38580328,1,0,F,286.34903542054354375,6486
1319105,38580328,2,0,F,286.34903542054354375,6486
1319106,38502874,1,0,F,207.93778486134573313,2480
1319106,38502874,2,0,F,207.93778486134573313,2480
1319107,38572521,1,0,F,298.29874707519098820,2380
1319107,38572521,2,0,F,298.29874707519098820,2380
1319108,38502767,1,0,F,208.68277838618675446,3518
1319108,38502767,2,0,F,208.68277838618675446,3518
1319109,38572651,1,0,F,326.99485681151736571,15457
1319109,38572651,2,0,F,326.99485681151736571,15457
1319109,41006641,1,0,F,465.27319692686876351,4970
1319109,41006641,2,0,F,465.27319692686876351,4970
1319110,38572649,1,0,F,405.07271686760907414,2352
1319110,38572649,2,0,F,405.07271686760907414,2352
1319111,41006715,1,0,F,215.15546138724954517,2672
1319111,41006715,2,0,F,215.15546138724954517,2672
1319111,41006722,1,0,F,222.13114105746217319,1801
1319111,41006722,2,0,F,222.13114105746217319,1801
1319112,38502596,1,0,F,178.12995675526420314,2449
1319112,38502596,2,0,F,178.12995675526420314,2449
1319114,41006728,1,0,F,368.36983838597984686,3838
1319114,41006728,2,0,F,368.36983838597984686,3838
1319115,38578723,1,0,F,329.29899297157260207,5517
1319115,38578723,2,0,F,329.29899297157260207,5517
1319116,41006748,1,0,F,330.39590480165924191,1673
1319116,41006748,2,0,F,330.39590480165924191,1673
1319117,38578718,1,0,F,412.43299464773400587,5798
1319117,38578718,2,0,F,412.43299464773400587,5798
1319118,41006754,1,0,F,545.07960397699628174,1590
1319118,41006754,2,0,F,545.07960397699628174,1590
1319119,41006776,1,0,F,256.53369573772221202,632
1319119,41006776,2,0,F,256.53369573772221202,632
1319120,38578716,1,0,F,141.11580706251814377,726
1319120,38578716,2,0,F,141.11580706251814377,726
1319121,38582550,1,0,F,259.32493755938958202,3124
1319121,38582550,2,0,F,259.32493755938958202,3124
1319122,38580821,1,0,F,309.67653124593084613,8154
1319122,38580821,2,0,F,309.67653124593084613,8154
1319122,38580825,1,0,F,322.02618195646988397,9187
1319122,38580825,2,0,F,322.02618195646988397,9187
1319122,38582549,1,0,F,140.00205055302652113,1594
1319122,38582549,2,0,F,140.00205055302652113,1594
1319122,38582762,1,0,F,347.13522409832404492,4225
1319122,38582762,2,0,F,347.13522409832404492,4225
1319123,38582548,1,0,F,402.44926547104410020,5010
1319123,38582548,2,0,F,402.44926547104410020,5010
1319123,38587007,1,0,F,246.22579097223876943,3672
1319123,38587007,2,0,F,246.22579097223876943,3672
1319123,41006801,1,0,F,454.71415970883930413,10155
1319123,41006801,2,0,F,454.71415970883930413,10155
1319124,41006819,1,0,F,229.60077670761009472,1427
1319124,41006819,2,0,F,229.60077670761009472,1427
1319125,38580822,1,0,F,296.27951742848068761,3900
1319125,38580822,2,0,F,296.27951742848068761,3900
1319125,41006823,1,0,F,452.22256879644766059,3114
1319125,41006823,2,0,F,452.22256879644766059,3114
1319126,38581530,1,0,F,315.33690410510581614,1616
1319126,38581530,2,0,F,315.33690410510581614,1616
1319127,38500793,1,0,F,293.80627789837041064,4448
1319127,38500793,2,0,F,293.80627789837041064,4448
1319128,38572416,1,0,F,230.04055237288670810,3880
1319128,38572416,2,0,F,230.04055237288670810,3880
1319129,38581950,1,0,F,264.49994067810149545,4075
1319129,38581950,2,0,F,264.49994067810149545,4075
1319129,41006557,1,0,F,300.83648171834448704,3398
1319129,41006557,2,0,F,300.83648171834448704,3398
1319130,38500792,1,0,F,341.32296077747935215,4025
1319130,38500792,2,0,F,341.32296077747935215,4025
1319130,38572412,1,0,F,264.92576196256891308,3399
1319130,38572412,2,0,F,264.92576196256891308,3399
1319131,38500794,1,0,F,315.92032149625305237,2434
1319131,38500794,2,0,F,315.92032149625305237,2434
1319132,38500795,1,0,F,207.39568747525004255,608
1319132,38500795,2,0,F,207.39568747525004255,608
1319133,38500583,1,0,F,271.45276949783453802,7538
1319133,38500583,2,0,F,271.45276949783453802,7538
1319133,38572397,1,0,F,218.78510804401409473,2859
1319133,38572397,2,0,F,218.78510804401409473,2859
1319133,38572398,1,0,F,298.11675170370688193,4856
1319133,38572398,2,0,F,298.11675170370688193,4856
1319133,38572414,1,0,F,323.88368796794685522,4486
1319133,38572414,2,0,F,323.88368796794685522,4486
1319134,38572398,1,0,F,334.86806997548177378,412
1319134,38572398,2,0,F,334.86806997548177378,412
1319135,38581529,1,0,F,321.95526922379377766,3397
1319135,38581529,2,0,F,321.95526922379377766,3397
1319136,38572394,1,0,F,325.50372126013752450,1592
1319136,38572394,2,0,F,325.50372126013752450,1592
1319137,38572415,1,0,F,166.64976609577993827,2399
1319137,38572415,2,0,F,166.64976609577993827,2399
1319137,38580733,1,0,F,316.09439775929791949,4356
1319137,38580733,2,0,F,316.09439775929791949,4356
1319138,38500585,1,0,F,200.37809443447395097,598
1319138,38500585,2,0,F,200.37809443447395097,598
1319139,38500978,1,0,F,206.75437103100250624,2219
1319139,38500978,2,0,F,206.75437103100250624,2219
1319140,38572403,1,0,F,246.83873121897897818,8314
1319140,38572403,2,0,F,246.83873121897897818,8314
1319140,41006663,1,0,F,380.37435946493411620,5452
1319140,41006663,2,0,F,380.37435946493411620,5452
1319141,38572439,1,0,F,322.40337916020780540,2505
1319141,38572439,2,0,F,322.40337916020780540,2505
1319142,38500595,1,0,F,257.47354359824777248,1741
1319142,38500595,2,0,F,257.47354359824777248,1741
1319143,38572452,1,0,F,243.24651913526085423,1615
1319143,38572452,2,0,F,243.24651913526085423,1615
1319144,38500582,1,0,F,171.48290276936120335,404
1319144,38500582,2,0,F,171.48290276936120335,404
1319145,38572455,1,0,F,230.12325061676955329,1628
1319145,38572455,2,0,F,230.12325061676955329,1628
1319146,38500976,1,0,F,44.39803552325890479,3489
1319146,38500976,2,0,F,44.39803552325890479,3489
1319147,38580181,1,0,F,291.12660510900741428,1489
1319147,38580181,2,0,F,291.12660510900741428,1489
1319148,38500560,1,0,F,217.86305586995268868,658
1319148,38500560,2,0,F,217.86305586995268868,658
1319149,38500557,1,0,F,156.47633001739814063,501
1319149,38500557,2,0,F,156.47633001739814063,501
1319150,38500785,1,0,F,253.65765083469571550,2068
1319150,38500785,2,0,F,253.65765083469571550,2068
1319151,38572445,1,0,F,197.83829010698642037,773
1319151,38572445,2,0,F,197.83829010698642037,773
1319152,38500777,1,0,F,98.32625225034919936,2234
1319152,38500777,2,0,F,98.32625225034919936,2234
1319153,38580329,1,0,F,245.49621132692180936,931
1319153,38580329,2,0,F,245.49621132692180936,931
1319154,38588574,1,0,F,243.47419895455590222,6142
1319154,38588574,2,0,F,243.47419895455590222,6142
1319154,41006730,1,0,F,375.71316566578622087,15770
1319154,41006730,2,0,F,375.71316566578622087,15770
1319155,38588570,1,0,F,297.67646569395526512,4597
1319155,38588570,2,0,F,297.67646569395526512,4597
1319155,41006732,1,0,F,478.52792469599103242,8781
1319155,41006732,2,0,F,478.52792469599103242,8781
1319156,38502872,1,0,F,367.55976083056572179,3394
1319156,38502872,2,0,F,367.55976083056572179,3394
1319156,38578742,1,0,F,184.37660843475953243,6172
1319156,38578742,2,0,F,184.37660843475953243,6172
1319156,38590262,1,0,F,327.90449133313069296,4341
1319156,38590262,2,0,F,327.90449133313069296,4341
1319157,38502681,1,0,F,237.21582661716720963,1846
1319157,38502681,2,0,F,237.21582661716720963,1846
1319158,38578728,1,0,F,214.61180106279061874,5269
1319158,38578728,2,0,F,214.61180106279061874,5269
1319158,38578736,1,0,F,321.07303855557103134,4749
1319158,38578736,2,0,F,321.07303855557103134,4749
1319158,38578737,1,0,F,191.76942548774022157,5586
1319158,38578737,2,0,F,191.76942548774022157,5586
1319158,38578738,1,0,F,203.34790112762291869,5805
1319158,38578738,2,0,F,203.34790112762291869,5805
1319158,38578746,1,0,F,221.12082913834223064,14970
1319158,38578746,2,0,F,221.12082913834223064,14970
1319158,38578747,1,0,F,148.83092143882376490,9378
1319158,38578747,2,0,F,148.83092143882376490,9378
1319158,38578750,1,0,F,256.89371228866673391,8102
1319158,38578750,2,0,F,256.89371228866673391,8102
1319159,38502675,1,0,F,276.95746179002907184,4420
1319159,38502675,2,0,F,276.95746179002907184,4420
1319159,38578703,1,0,F,421.78680290295460509,2614
1319159,38578703,2,0,F,421.78680290295460509,2614
1319159,41006756,1,0,F,389.37118386289955652,9930
1319159,41006756,2,0,F,389.37118386289955652,9930
1319161,38578699,1,0,F,291.66708209473154056,1863
1319161,38578699,2,0,F,291.66708209473154056,1863
1319161,38578700,1,0,F,248.80978320655037805,8488
1319161,38578700,2,0,F,248.80978320655037805,8488
1319162,41006772,1,0,F,355.06172797272472508,2186
1319162,41006772,2,0,F,355.06172797272472508,2186
1319163,38578692,1,0,F,334.64085579171114659,2293
1319163,38578692,2,0,F,334.64085579171114659,2293
1319163,38578693,1,0,F,200.58378006466708143,5161
1319163,38578693,2,0,F,200.58378006466708143,5161
1319163,38578694,1,0,F,217.88054020413849798,5633
1319163,38578694,2,0,F,217.88054020413849798,5633
1319164,41006783,1,0,F,267.48599980552234001,1968
1319164,41006783,2,0,F,267.48599980552234001,1968
1319165,38572465,1,0,F,266.28887579102098471,8438
1319165,38572465,2,0,F,266.28887579102098471,8438
1319165,38578690,1,0,F,399.66636482941015629,3758
1319165,38578690,2,0,F,399.66636482941015629,3758
1319165,38587750,1,0,F,244.55610459899759235,4740
1319165,38587750,2,0,F,244.55610459899759235,4740
1319166,38502678,1,0,F,256.27423776044048509,1974
1319166,38502678,2,0,F,256.27423776044048509,1974
1319167,41006795,1,0,F,294.28122437678882761,5578
1319167,41006795,2,0,F,294.28122437678882761,5578
1319168,38578757,1,0,F,255.54506953323252105,2458
1319168,38578757,2,0,F,255.54506953323252105,2458
1319169,38578706,1,0,F,234.46199360104546372,1574
1319169,38578706,2,0,F,234.46199360104546372,1574
1319169,38578764,1,0,F,336.07669140763744053,2448
1319169,38578764,2,0,F,336.07669140763744053,2448
1319170,38587102,1,0,F,318.24775543827911406,3701
1319170,38587102,2,0,F,318.24775543827911406,3701
1319170,38590253,1,0,F,244.12931783181002743,6731
1319170,38590253,2,0,F,244.12931783181002743,6731
1319171,41006829,1,0,F,486.79247164207021115,1067
1319171,41006829,2,0,F,486.79247164207021115,1067
1319172,38587113,1,0,F,200.13566343534705538,3423
1319172,38587113,2,0,F,200.13566343534705538,3423
1319173,38587112,1,0,F,223.07910005488440675,6461
1319173,38587112,2,0,F,223.07910005488440675,6461
1319173,38590224,1,0,F,251.89623234506953509,3546
1319173,38590224,2,0,F,251.89623234506953509,3546
1319174,38502265,1,0,F,330.63240018148610488,9205
1319174,38502265,2,0,F,330.63240018148610488,9205
1319175,38578769,1,0,F,278.62758453743435894,3393
1319175,38578769,2,0,F,278.62758453743435894,3393
1319175,38587864,1,0,F,370.76369381745604414,3639
1319175,38587864,2,0,F,370.76369381745604414,3639
1319176,38578770,1,0,F,202.77863825614841176,861
1319176,38578770,2,0,F,202.77863825614841176,861
1319178,38572624,1,0,F,262.45060928080579288,5811
1319178,38572624,2,0,F,262.45060928080579288,5811
1319179,38572634,1,0,F,1515.81648372053632556,1
1319179,38572634,2,0,F,1515.81648372053632556,1
1319180,41006999,1,0,F,362.97157241709300024,3019
1319180,41006999,2,0,F,362.97157241709300024,3019
1319181,38502564,1,0,F,181.13436341651066641,4335
1319181,38502564,2,0,F,181.13436341651066641,4335
1319182,38502709,1,0,F,262.74676554464627998,2244
1319182,38502709,2,0,F,262.74676554464627998,2244
1319183,38581658,1,0,F,164.85756400260413557,507
1319183,38581658,2,0,F,164.85756400260413557,507
1319184,38502563,1,0,F,300.05557903356145744,4700
1319184,38502563,2,0,F,300.05557903356145744,4700
1319184,38572635,1,0,F,236.84847051698855580,3536
1319184,38572635,2,0,F,236.84847051698855580,3536
1319184,38572640,1,0,F,294.25183628569629946,3218
1319184,38572640,2,0,F,294.25183628569629946,3218
1319184,38583685,1,0,F,281.80523678797499088,2670
1319184,38583685,2,0,F,281.80523678797499088,2670
1319184,41007028,1,0,F,528.93651815501607416,25353
1319184,41007028,2,0,F,528.93651815501607416,25353
1319185,38502877,1,0,F,60.67763848833068607,3454
1319185,38502877,2,0,F,60.67763848833068607,3454
1319186,38572626,1,0,F,302.69080625551504227,1396
1319186,38572626,2,0,F,302.69080625551504227,1396
1319187,38577107,1,0,F,187.63616787046518652,3675
1319187,38577107,2,0,F,187.63616787046518652,3675
1319188,38502566,1,0,F,64.11830905659672908,1928
1319188,38502566,2,0,F,64.11830905659672908,1928
1319190,38577133,1,0,F,236.60189474947523536,3738
1319190,38577133,2,0,F,236.60189474947523536,3738
1319190,38577135,1,0,F,268.57691158985630864,2637
1319190,38577135,2,0,F,268.57691158985630864,2637
1319191,41007074,1,0,F,299.55994807325299689,1445
1319191,41007074,2,0,F,299.55994807325299689,1445
1319192,38502556,1,0,F,462.04788884042051222,1685
1319192,38502556,2,0,F,462.04788884042051222,1685
1319192,38502890,1,0,F,300.40753158599892458,4892
1319192,38502890,2,0,F,300.40753158599892458,4892
1319194,38572647,1,0,F,408.90886081488247328,2785
1319194,38572647,2,0,F,408.90886081488247328,2785
1319195,38577127,1,0,F,252.86576837098101578,5972
1319195,38577127,2,0,F,252.86576837098101578,5972
1319195,38577132,1,0,F,449.28924286926815057,2668
1319195,38577132,2,0,F,449.28924286926815057,2668
1319195,38577594,1,0,F,59.91822651706605996,5880
1319195,38577594,2,0,F,59.91822651706605996,5880
1319195,41007139,1,0,F,329.96470972268821242,5060
1319195,41007139,2,0,F,329.96470972268821242,5060
1319196,41007114,1,0,F,482.43330732048173104,1381
1319196,41007114,2,0,F,482.43330732048173104,1381
1319197,38577139,1,0,F,244.69413115617351195,3018
1319197,38577139,2,0,F,244.69413115617351195,3018
1319198,38577138,1,0,F,177.83444093532747843,2711
1319198,38577138,2,0,F,177.83444093532747843,2711
1319199,38578347,1,0,F,449.24613360835860476,5132
1319199,38578347,2,0,F,449.24613360835860476,5132
1319199,38578348,1,0,F,332.40041160218947880,10307
1319199,38578348,2,0,F,332.40041160218947880,10307
1319199,38578349,1,0,F,285.42159968780947565,2808
1319199,38578349,2,0,F,285.42159968780947565,2808
1319199,38578358,1,0,F,234.41877368461291553,10323
1319199,38578358,2,0,F,234.41877368461291553,10323
1319200,38572246,1,0,F,241.87924118719135436,847
1319200,38572246,2,0,F,241.87924118719135436,847
1319201,898,1,0,F,670.87595732956265238,13869
1319201,898,2,0,F,670.87595732956265238,13869
1319201,38572249,1,0,F,317.67128538372560342,1506
1319201,38572249,2,0,F,317.67128538372560342,1506
1319201,38572250,1,0,F,234.15746093426676566,11130
1319201,38572250,2,0,F,234.15746093426676566,11130
1319201,38589434,1,0,F,230.59770452574423416,4963
1319201,38589434,2,0,F,230.59770452574423416,4963
1319201,40321421,1,0,F,282.69903409280681217,8390
1319201,40321421,2,0,F,282.69903409280681217,8390
1319201,40326186,1,0,F,216.35798885662100588,3926
1319201,40326186,2,0,F,216.35798885662100588,3926
1319201,40326754,1,0,F,245.42376978810094101,3524
1319201,40326754,2,0,F,245.42376978810094101,3524
1319201,40326835,1,0,F,116.88681318652567143,3507
1319201,40326835,2,0,F,116.88681318652567143,3507
1319201,40327242,1,0,F,159.58033364418790256,7137
1319201,40327242,2,0,F,159.58033364418790256,7137
1319201,41006247,1,0,F,253.24107896426767184,8386
1319201,41006247,2,0,F,253.24107896426767184,8386
1319202,38500783,1,0,F,343.05645872976765531,3456
1319202,38500783,2,0,F,343.05645872976765531,3456
1319202,38572244,1,0,F,319.32522014819625156,3695
1319202,38572244,2,0,F,319.32522014819625156,3695
1319203,38500789,1,0,F,229.22044394425094538,4308
1319203,38500789,2,0,F,229.22044394425094538,4308
1319203,38572259,1,0,F,345.45337900715799151,5742
1319203,38572259,2,0,F,345.45337900715799151,5742
1319203,38577361,1,0,F,183.91296216627884519,6363
1319203,38577361,2,0,F,183.91296216627884519,6363
1319203,38580477,1,0,F,398.24807227797543874,6164
1319203,38580477,2,0,F,398.24807227797543874,6164
1319203,38580565,1,0,F,279.13922939934144551,6121
1319203,38580565,2,0,F,279.13922939934144551,6121
1319203,38582232,1,0,F,226.95803412741443594,3195
1319203,38582232,2,0,F,226.95803412741443594,3195
1319203,38583445,1,0,F,277.87572827446149404,6666
1319203,38583445,2,0,F,277.87572827446149404,6666
1319203,41006349,1,0,F,629.10468222012843853,6612
1319203,41006349,2,0,F,629.10468222012843853,6612
1319204,38500791,1,0,F,341.91622012382993034,5540
1319204,38500791,2,0,F,341.91622012382993034,5540
1319205,38572425,1,0,F,291.68617428809966441,5173
1319205,38572425,2,0,F,291.68617428809966441,5173
1319206,38572264,1,0,F,332.79950131737535912,2832
1319206,38572264,2,0,F,332.79950131737535912,2832
1319207,38572429,1,0,F,364.45122050118504831,5724
1319207,38572429,2,0,F,364.45122050118504831,5724
1319208,38500973,1,0,F,198.55903596727034710,2259
1319208,38500973,2,0,F,198.55903596727034710,2259
1319209,38572268,1,0,F,234.36201491977956834,2620
1319209,38572268,2,0,F,234.36201491977956834,2620
1319210,38500584,1,0,F,175.07708984428143140,2133
1319210,38500584,2,0,F,175.07708984428143140,2133
1319211,38572422,1,0,F,281.45142415708755834,4371
1319211,38572422,2,0,F,281.45142415708755834,4371
1319212,38572420,1,0,F,255.07376129773916773,4996
1319212,38572420,2,0,F,255.07376129773916773,4996
1319212,38572421,1,0,F,287.08347210949074224,3354
1319212,38572421,2,0,F,287.08347210949074224,3354
1319213,38500586,1,0,F,228.75418601757343140,2022
1319213,38500586,2,0,F,228.75418601757343140,2022
1319214,38572696,1,0,F,423.05533836800992731,1881
1319214,38572696,2,0,F,423.05533836800992731,1881
1319214,38572697,1,0,F,264.07535207140080047,6590
1319214,38572697,2,0,F,264.07535207140080047,6590
1319215,38502365,1,0,F,263.87996985944465678,9209
1319215,38502365,2,0,F,263.87996985944465678,9209
1319215,38572356,1,0,F,472.30498669830598146,2736
1319215,38572356,2,0,F,472.30498669830598146,2736
1319215,38572692,1,0,F,326.28602848891102894,8428
1319215,38572692,2,0,F,326.28602848891102894,8428
1319215,38595160,1,0,F,377.07678538560952575,3212
1319215,38595160,2,0,F,377.07678538560952575,3212
1319215,41006404,1,0,F,430.81066691577854044,10402
1319215,41006404,2,0,F,430.81066691577854044,10402
1319216,38502350,1,0,F,258.30277648832259274,4280
1319216,38502350,2,0,F,258.30277648832259274,4280
1319217,38572353,1,0,F,279.47607532193728730,3685
1319217,38572353,2,0,F,279.47607532193728730,3685
1319217,38572354,1,0,F,240.03557930947229693,3557
1319217,38572354,2,0,F,240.03557930947229693,3557
1319217,38572355,1,0,F,252.28039857198010054,4729
1319217,38572355,2,0,F,252.28039857198010054,4729
1319217,41006467,1,0,F,395.50190849344744493,16350
1319217,41006467,2,0,F,395.50190849344744493,16350
1319218,38502891,1,0,F,253.86054705781813823,6362
1319218,38502891,2,0,F,253.86054705781813823,6362
1319218,38572717,1,0,F,286.46564934690445625,2746
1319218,38572717,2,0,F,286.46564934690445625,2746
1319218,38593493,1,0,F,197.78516828297557595,8529
1319218,38593493,2,0,F,197.78516828297557595,8529
1319219,38502353,1,0,F,459.06258319437682758,2826
1319219,38502353,2,0,F,459.06258319437682758,2826
1319219,38572725,1,0,F,335.26055313399643865,4325
1319219,38572725,2,0,F,335.26055313399643865,4325
1319221,41006523,1,0,F,611.06511598103600136,5287
1319221,41006523,2,0,F,611.06511598103600136,5287
1319222,38502362,1,0,F,350.95106219125142388,3629
1319222,38502362,2,0,F,350.95106219125142388,3629
1319222,38502381,1,0,F,331.50045567868312446,9169
1319222,38502381,2,0,F,331.50045567868312446,9169
1319222,38502383,1,0,F,171.91551544489800563,3708
1319222,38502383,2,0,F,171.91551544489800563,3708
1319222,38577503,1,0,F,302.98718611384271071,12305
1319222,38577503,2,0,F,302.98718611384271071,12305
1319223,38502364,1,0,F,323.97062048724245642,6454
1319223,38502364,2,0,F,323.97062048724245642,6454
1319223,38572679,1,0,F,211.06916519885768935,2436
1319223,38572679,2,0,F,211.06916519885768935,2436
1319223,38572685,1,0,F,294.69101451057019858,7327
1319223,38572685,2,0,F,294.69101451057019858,7327
1319223,41006504,1,0,F,573.69512252370725491,9979
1319223,41006504,2,0,F,573.69512252370725491,9979
1319224,38502358,1,0,F,271.98904407784976911,12507
1319224,38502358,2,0,F,271.98904407784976911,12507
1319224,38502369,1,0,F,177.19068766557239769,5815
1319224,38502369,2,0,F,177.19068766557239769,5815
1319224,38502581,1,0,F,315.54702592807677775,7926
1319224,38502581,2,0,F,315.54702592807677775,7926
1319224,38572677,1,0,F,241.03479444616235128,4398
1319224,38572677,2,0,F,241.03479444616235128,4398
1319224,38572701,1,0,F,252.09382232066047891,6243
1319224,38572701,2,0,F,252.09382232066047891,6243
1319224,38572728,1,0,F,279.51377039248404799,7485
1319224,38572728,2,0,F,279.51377039248404799,7485
1319224,38572742,1,0,F,180.07340960621681347,4779
1319224,38572742,2,0,F,180.07340960621681347,4779
1319224,38572745,1,0,F,174.91948402901903137,6018
1319224,38572745,2,0,F,174.91948402901903137,6018
1319224,38580333,1,0,F,275.29686619911808521,7524
1319224,38580333,2,0,F,275.29686619911808521,7524
1319225,38502371,1,0,F,198.49740670632147044,1636
1319225,38502371,2,0,F,198.49740670632147044,1636
1319226,41006551,1,0,F,497.90114840709458122,4143
1319226,41006551,2,0,F,497.90114840709458122,4143
1319227,41006551,1,0,F,513.04499938996411856,1645
1319227,41006551,2,0,F,513.04499938996411856,1645
1319228,38502766,1,0,F,316.58082053756339747,2198
1319228,38502766,2,0,F,316.58082053756339747,2198
1319229,38502769,1,0,F,273.61334044324104298,4225
1319229,38502769,2,0,F,273.61334044324104298,4225
1319230,38594203,1,0,F,1719.01411729900178216,1
1319230,38594203,2,0,F,1719.01411729900178216,1
1319231,41006594,1,0,F,283.06770480274053625,1855
1319231,41006594,2,0,F,283.06770480274053625,1855
1319231,41006603,1,0,F,473.71278064653029105,4267
1319231,41006603,2,0,F,473.71278064653029105,4267
1319232,38502887,1,0,F,269.93716114119956728,1870
1319232,38502887,2,0,F,269.93716114119956728,1870
1319233,38502096,1,0,F,272.99872283069083778,716
1319233,38502096,2,0,F,272.99872283069083778,716
1319234,38572660,1,0,F,285.04127666964490118,2335
1319234,38572660,2,0,F,285.04127666964490118,2335
1319235,38502097,1,0,F,274.69052422044035211,3108
1319235,38502097,2,0,F,274.69052422044035211,3108
1319236,38502748,1,0,F,198.76996892789776439,1637
1319236,38502748,2,0,F,198.76996892789776439,1637
1319237,38580184,1,0,F,305.16930275558354424,2506
1319237,38580184,2,0,F,305.16930275558354424,2506
1319238,38572534,1,0,F,379.61534170133404587,2294
1319238,38572534,2,0,F,379.61534170133404587,2294
1319239,38503570,1,0,F,178.32718836798332518,5507
1319239,38503570,2,0,F,178.32718836798332518,5507
1319240,38572530,1,0,F,269.71680295015119100,1631
1319240,38572530,2,0,F,269.71680295015119100,1631
1319241,38572493,1,0,F,287.32974783950049869,2710
1319241,38572493,2,0,F,287.32974783950049869,2710
1319242,38503591,1,0,F,235.10387279479516565,4518
1319242,38503591,2,0,F,235.10387279479516565,4518
1319242,38581109,1,0,F,321.13870185045010430,5739
1319242,38581109,2,0,F,321.13870185045010430,5739
1319243,41006872,1,0,F,327.22329716561154100,2326
1319243,41006872,2,0,F,327.22329716561154100,2326
1319244,38572494,1,0,F,387.14086575298017578,2437
1319244,38572494,2,0,F,387.14086575298017578,2437
1319244,41006883,1,0,F,441.07837043128660071,3164
1319244,41006883,2,0,F,441.07837043128660071,3164
1319245,38503575,1,0,F,360.72343368919433715,2146
1319245,38503575,2,0,F,360.72343368919433715,2146
1319245,38503780,1,0,F,979.09445894449254411,1
1319245,38503780,2,0,F,979.09445894449254411,1
1319245,38572494,1,0,F,257.86619436435029229,6057
1319245,38572494,2,0,F,257.86619436435029229,6057
1319245,41006896,1,0,F,442.60113230573296050,3519
1319245,41006896,2,0,F,442.60113230573296050,3519
1319246,41006927,1,0,F,347.62455497237021973,2849
1319246,41006927,2,0,F,347.62455497237021973,2849
1319247,38572501,1,0,F,313.10792840268828741,7120
1319247,38572501,2,0,F,313.10792840268828741,7120
1319247,38572502,1,0,F,8.00000000000000000,100
1319247,38572502,2,0,F,8.00000000000000000,100
1319247,38582515,1,0,F,191.76928439779138102,5379
1319247,38582515,2,0,F,191.76928439779138102,5379
1319247,41006963,1,0,F,412.24899192658659786,14610
1319247,41006963,2,0,F,412.24899192658659786,14610
1319248,41007011,1,0,F,564.10019765824972637,3175
1319248,41007011,2,0,F,564.10019765824972637,3175
1319249,38578784,1,0,F,108.30556505421448321,424
1319249,38578784,2,0,F,108.30556505421448321,424
1319249,38578787,1,0,F,250.69871263797500660,766
1319249,38578787,2,0,F,250.69871263797500660,766
1319250,38503884,1,0,F,245.00711786328443509,485
1319250,38503884,2,0,F,245.00711786328443509,485
1319251,38572592,1,0,F,232.70668186239032593,1085
1319251,38572592,2,0,F,232.70668186239032593,1085
1319252,38503687,1,0,F,199.06967832154415987,1048
1319252,38503687,2,0,F,199.06967832154415987,1048
1319253,38503584,1,0,F,273.29648398391407227,2156
1319253,38503584,2,0,F,273.29648398391407227,2156
1319254,38503583,1,0,F,193.48032505109651424,371
1319254,38503583,2,0,F,193.48032505109651424,371
1319255,38503582,1,0,F,269.15378447349308999,3660
1319255,38503582,2,0,F,269.15378447349308999,3660
1319256,38572587,1,0,F,343.86362541698053974,4736
1319256,38572587,2,0,F,343.86362541698053974,4736
1319257,41007045,1,0,F,338.85074316852393395,350
1319257,41007045,2,0,F,338.85074316852393395,350
1319259,38503596,1,0,F,122.35180506857292926,2561
1319259,38503596,2,0,F,122.35180506857292926,2561
1319260,38503883,1,0,F,170.02882876750919650,1742
1319260,38503883,2,0,F,170.02882876750919650,1742
1319261,38572591,1,0,F,239.29313316871713369,1057
1319261,38572591,2,0,F,239.29313316871713369,1057
1401001,38502779,1,0,F,311.90935249708013544,9972
1401001,38502779,2,0,F,311.90935249708013544,9972
1401002,38502960,1,0,F,335.09810763154371216,3837
1401002,38502960,2,0,F,335.09810763154371216,3837
1401002,38572604,1,0,F,236.60793448605261347,2874
1401002,38572604,2,0,F,236.60793448605261347,2874
1401002,38583481,1,0,F,270.05589681776865518,3808
1401002,38583481,2,0,F,270.05589681776865518,3808
1401002,38583482,1,0,F,255.00564400146069488,4489
1401002,38583482,2,0,F,255.00564400146069488,4489
1401003,38502882,1,0,F,235.81999983552364597,1342
1401003,38502882,2,0,F,235.81999983552364597,1342
1401004,38502883,1,0,F,226.04113009173798332,2057
1401004,38502883,2,0,F,226.04113009173798332,2057
1401005,38502574,1,0,F,286.18691996531782706,9106
1401005,38502574,2,0,F,286.18691996531782706,9106
1401005,38502953,1,0,F,352.02284464519584617,9174
1401005,38502953,2,0,F,352.02284464519584617,9174
1401005,38573178,1,0,F,272.77497392087298067,9357
1401005,38573178,2,0,F,272.77497392087298067,9357
1401005,38582723,1,0,F,275.45251728230016397,6670
1401005,38582723,2,0,F,275.45251728230016397,6670
1401005,41007194,1,0,F,490.82322425106281116,8040
1401005,41007194,2,0,F,490.82322425106281116,8040
1401006,38582721,1,0,F,324.46697732486882160,4135
1401006,38582721,2,0,F,324.46697732486882160,4135
1401006,41007192,1,0,F,281.56606352357852074,6373
1401006,41007192,2,0,F,281.56606352357852074,6373
1401008,38503692,1,0,F,268.01608928627621253,5016
1401008,38503692,2,0,F,268.01608928627621253,5016
1401008,38576699,1,0,F,289.69124262161068373,8932
1401008,38576699,2,0,F,289.69124262161068373,8932
1401008,38579495,1,0,F,219.22436996002147680,4578
1401008,38579495,2,0,F,219.22436996002147680,4578
1401009,41007227,1,0,F,429.02261841696383726,3601
1401009,41007227,2,0,F,429.02261841696383726,3601
1401010,38502885,1,0,F,215.84833839663451727,3833
1401010,38502885,2,0,F,215.84833839663451727,3833
1401010,38579991,1,0,F,386.00757508110325489,4990
1401010,38579991,2,0,F,386.00757508110325489,4990
1401011,38573730,1,0,F,248.02238208616185489,7087
1401011,38573730,2,0,F,248.02238208616185489,7087
1401012,38573181,1,0,F,214.65998974996261950,4350
1401012,38573181,2,0,F,214.65998974996261950,4350
1401012,38580300,1,0,F,241.29431123275168147,4484
1401012,38580300,2,0,F,241.29431123275168147,4484
1401012,41007210,1,0,F,575.80661049846958122,5189
1401012,41007210,2,0,F,575.80661049846958122,5189
1401013,38581059,1,0,F,310.20656950912763250,3905
1401013,38581059,2,0,F,310.20656950912763250,3905
1401014,38583053,1,0,F,346.01030699267607815,3932
1401014,38583053,2,0,F,346.01030699267607815,3932
1401016,38502771,1,0,F,223.75964391413560861,4089
1401016,38502771,2,0,F,223.75964391413560861,4089
1401017,38502554,1,0,F,127.03163392767727657,1379
1401017,38502554,2,0,F,127.03163392767727657,1379
1401018,38502991,1,0,F,171.04334493491734293,3053
1401018,38502991,2,0,F,171.04334493491734293,3053
1401020,38502758,1,0,F,269.69677112340627900,4943
1401020,38502758,2,0,F,269.69677112340627900,4943
1401020,38502963,1,0,F,277.13635246490548525,2443
1401020,38502963,2,0,F,277.13635246490548525,2443
1401021,38573182,1,0,F,197.36551317309670139,1866
1401021,38573182,2,0,F,197.36551317309670139,1866
1401022,38573688,1,0,F,174.93903005493254454,940
1401022,38573688,2,0,F,174.93903005493254454,940
1401023,38506755,1,0,F,272.01911309175807219,4058
1401023,38506755,2,0,F,272.01911309175807219,4058
1401024,38573433,1,0,F,364.34517162429290238,3251
1401024,38573433,2,0,F,364.34517162429290238,3251
1401025,41008058,1,0,F,350.75993848360388938,5145
1401025,41008058,2,0,F,350.75993848360388938,5145
1401026,38580691,1,0,F,440.29502578576307315,3006
1401026,38580691,2,0,F,440.29502578576307315,3006
1401027,38573702,1,0,F,137.93885764338000399,460
1401027,38573702,2,0,F,137.93885764338000399,460
1401028,41008085,1,0,F,423.63582652624506864,4749
1401028,41008085,2,0,F,423.63582652624506864,4749
1401029,38506875,1,0,F,279.87651651390143570,2590
1401029,38506875,2,0,F,279.87651651390143570,2590
1401029,38506879,1,0,F,302.18861941242403191,2865
1401029,38506879,2,0,F,302.18861941242403191,2865
1401030,38503971,1,0,F,250.91161202892942583,3674
1401030,38503971,2,0,F,250.91161202892942583,3674
1401031,38580722,1,0,F,113.08197011455202130,460
1401031,38580722,2,0,F,113.08197011455202130,460
1401033,38573198,1,0,F,322.56874065898296067,5292
1401033,38573198,2,0,F,322.56874065898296067,5292
1401034,41008129,1,0,F,370.84510637501529118,11918
1401034,41008129,2,0,F,370.84510637501529118,11918
1401034,41008158,1,0,F,399.17222523371771103,6764
1401034,41008158,2,0,F,399.17222523371771103,6764
1401035,38506989,1,0,F,230.77217205398977740,830
1401035,38506989,2,0,F,230.77217205398977740,830
1401036,38503952,1,0,F,193.62284848301894158,1075
1401036,38503952,2,0,F,193.62284848301894158,1075
1401037,38573196,1,0,F,326.35933752108741146,2280
1401037,38573196,2,0,F,326.35933752108741146,2280
1401037,41008181,1,0,F,336.42552260983518408,3685
1401037,41008181,2,0,F,336.42552260983518408,3685
1401038,38506989,1,0,F,1615.45763339829841243,1
1401038,38506989,2,0,F,1615.45763339829841243,1
1401039,38573436,1,0,F,471.02612907073535098,2243
1401039,38573436,2,0,F,471.02612907073535098,2243
1401040,38573701,1,0,F,227.84847502288346277,3446
1401040,38573701,2,0,F,227.84847502288346277,3446
1401040,41008195,1,0,F,416.04062779448929632,2224
1401040,41008195,2,0,F,416.04062779448929632,2224
1401042,38587717,1,0,F,126.00587090929931833,650
1401042,38587717,2,0,F,126.00587090929931833,650
1401043,38573200,1,0,F,319.65156761161040322,5197
1401043,38573200,2,0,F,319.65156761161040322,5197
1401044,38573438,1,0,F,144.14384761116698996,555
1401044,38573438,2,0,F,144.14384761116698996,555
1401046,38576303,1,0,F,116.46441001473547772,1491
1401046,38576303,2,0,F,116.46441001473547772,1491
1401047,38506629,1,0,F,185.62067537407895657,418
1401047,38506629,2,0,F,185.62067537407895657,418
1401049,41008350,1,0,F,411.01712206523285431,3474
1401049,41008350,2,0,F,411.01712206523285431,3474
1401050,38506954,1,0,F,210.46106766130537835,4344
1401050,38506954,2,0,F,210.46106766130537835,4344
1401051,38576295,1,0,F,218.23197718134201750,1296
1401051,38576295,2,0,F,218.23197718134201750,1296
1401053,38575949,1,0,F,184.52293820999798868,3345
1401053,38575949,2,0,F,184.52293820999798868,3345
1401053,38575950,1,0,F,192.57553418129410261,1388
1401053,38575950,2,0,F,192.57553418129410261,1388
1401053,38583115,1,0,F,272.03520691600755299,9386
1401053,38583115,2,0,F,272.03520691600755299,9386
1401054,38503871,1,0,F,221.95753444203970162,791
1401054,38503871,2,0,F,221.95753444203970162,791
1401055,38503782,1,0,F,276.71179556920765208,3007
1401055,38503782,2,0,F,276.71179556920765208,3007
1401055,38573260,1,0,F,289.43111815456990144,3265
1401055,38573260,2,0,F,289.43111815456990144,3265
1401056,38581966,1,0,F,212.03736613533678224,1622
1401056,38581966,2,0,F,212.03736613533678224,1622
1401057,38573254,1,0,F,727.13062308404471423,1
1401057,38573254,2,0,F,727.13062308404471423,1
1401058,38576291,1,0,F,173.01033174666531522,3337
1401058,38576291,2,0,F,173.01033174666531522,3337
1401059,38579937,1,0,F,179.80368398655105011,3903
1401059,38579937,2,0,F,179.80368398655105011,3903
1401059,38579942,1,0,F,285.75580921017552782,5333
1401059,38579942,2,0,F,285.75580921017552782,5333
1401059,41007392,1,0,F,410.62292092174988056,4394
1401059,41007392,2,0,F,410.62292092174988056,4394
1401059,41007420,1,0,F,254.81173812298578696,4777
1401059,41007420,2,0,F,254.81173812298578696,4777
1401060,38503702,1,0,F,230.93617976630807220,3822
1401060,38503702,2,0,F,230.93617976630807220,3822
1401060,38503772,1,0,F,210.69926170616176364,12112
1401060,38503772,2,0,F,210.69926170616176364,12112
1401060,38573256,1,0,F,187.92305522085462144,8303
1401060,38573256,2,0,F,187.92305522085462144,8303
1401060,38573259,1,0,F,310.64299378550839492,7269
1401060,38573259,2,0,F,310.64299378550839492,7269
1401060,38580583,1,0,F,138.18998665073999632,6429
1401060,38580583,2,0,F,138.18998665073999632,6429
1401060,38580614,1,0,F,215.61374785619491945,7794
1401060,38580614,2,0,F,215.61374785619491945,7794
1401060,38580621,1,0,F,256.69043667935261510,8442
1401060,38580621,2,0,F,256.69043667935261510,8442
1401060,38582005,1,0,F,213.22383829597472982,10987
1401060,38582005,2,0,F,213.22383829597472982,10987
1401061,38580623,1,0,F,270.14685029479147715,10556
1401061,38580623,2,0,F,270.14685029479147715,10556
1401061,38580624,1,0,F,218.33536780757907536,6513
1401061,38580624,2,0,F,218.33536780757907536,6513
1401061,38580626,1,0,F,236.44380826342214164,6462
1401061,38580626,2,0,F,236.44380826342214164,6462
1401061,38580630,1,0,F,359.17655994482549886,2931
1401061,38580630,2,0,F,359.17655994482549886,2931
1401061,38580635,1,0,F,223.24757967423985860,5169
1401061,38580635,2,0,F,223.24757967423985860,5169
1401062,38503576,1,0,F,334.34380506851255177,5252
1401062,38503576,2,0,F,334.34380506851255177,5252
1401062,38583589,1,0,F,329.61556130116377972,4624
1401062,38583589,2,0,F,329.61556130116377972,4624
1401063,38503781,1,0,F,305.00217127493607450,3616
1401063,38503781,2,0,F,305.00217127493607450,3616
1401063,38580619,1,0,F,319.80839580146283652,8517
1401063,38580619,2,0,F,319.80839580146283652,8517
1401064,38573209,1,0,F,211.66208968979188398,4628
1401064,38573209,2,0,F,211.66208968979188398,4628
1401065,38503989,1,0,F,265.19249642562317604,3848
1401065,38503989,2,0,F,265.19249642562317604,3848
1401066,38573244,1,0,F,281.81325100717754140,15918
1401066,38573244,2,0,F,281.81325100717754140,15918
1401066,38580443,1,0,F,159.18845306966653652,3520
1401066,38580443,2,0,F,159.18845306966653652,3520
1401066,38587654,1,0,F,193.71796158728957948,12096
1401066,38587654,2,0,F,193.71796158728957948,12096
1401066,38590620,1,0,F,180.35782338414426818,19760
1401066,38590620,2,0,F,180.35782338414426818,19760
1401066,38590622,1,0,F,193.93819017084317124,7636
1401066,38590622,2,0,F,193.93819017084317124,7636
1401066,38590625,1,0,F,216.27752103118839955,7784
1401066,38590625,2,0,F,216.27752103118839955,7784
1401066,41007875,1,0,F,371.26348989164625891,18968
1401066,41007875,2,0,F,371.26348989164625891,18968
1401067,38590623,1,0,F,272.00391429425144452,5513
1401067,38590623,2,0,F,272.00391429425144452,5513
1401067,38590626,1,0,F,239.41317091237019099,16997
1401067,38590626,2,0,F,239.41317091237019099,16997
1401067,38590633,1,0,F,169.96345011956452709,20523
1401067,38590633,2,0,F,169.96345011956452709,20523
1401067,38590741,1,0,F,188.29358439199148734,5901
1401067,38590741,2,0,F,188.29358439199148734,5901
1401067,38590743,1,0,F,273.04400647655506873,5958
1401067,38590743,2,0,F,273.04400647655506873,5958
1401067,38590747,1,0,F,201.68795214178516062,5109
1401067,38590747,2,0,F,201.68795214178516062,5109
1401067,38594185,1,0,F,303.81766833230523162,16108
1401067,38594185,2,0,F,303.81766833230523162,16108
1401068,38573219,1,0,F,298.52492996499842093,2887
1401068,38573219,2,0,F,298.52492996499842093,2887
1401068,38573220,1,0,F,323.45505334433244116,4162
1401068,38573220,2,0,F,323.45505334433244116,4162
1401069,38573211,1,0,F,316.41428522551410651,8576
1401069,38573211,2,0,F,316.41428522551410651,8576
1401069,38573213,1,0,F,103.00000000000002842,100
1401069,38573213,2,0,F,103.00000000000002842,100
1401069,38573214,1,0,F,88.27504557051406664,2060
1401069,38573214,2,0,F,88.27504557051406664,2060
1401069,38580301,1,0,F,30.00000000000000000,100
1401069,38580301,2,0,F,30.00000000000000000,100
1401069,38588553,1,0,F,78.00000000000000000,100
1401069,38588553,2,0,F,78.00000000000000000,100
1401069,38588739,1,0,F,210.25623210067803370,6336
1401069,38588739,2,0,F,210.25623210067803370,6336
1401069,38590698,1,0,F,251.42885449244289475,11684
1401069,38590698,2,0,F,251.42885449244289475,11684
1401069,38590699,1,0,F,215.96907446677556663,8424
1401069,38590699,2,0,F,215.96907446677556663,8424
1401069,41007882,1,0,F,180.00000000000000000,100
1401069,41007882,2,0,F,180.00000000000000000,100
1401069,41007937,1,0,F,404.49338731970550498,6800
1401069,41007937,2,0,F,404.49338731970550498,6800
1401069,41007981,1,0,F,419.61003375643338131,11344
1401069,41007981,2,0,F,419.61003375643338131,11344
1401070,38573232,1,0,F,239.88621734681839825,8053
1401070,38573232,2,0,F,239.88621734681839825,8053
1401070,38573234,1,0,F,216.30608234003773305,8589
1401070,38573234,2,0,F,216.30608234003773305,8589
1401070,38576153,1,0,F,225.55232124388788861,4086
1401070,38576153,2,0,F,225.55232124388788861,4086
1401070,38576155,1,0,F,158.58361483236367917,5649
1401070,38576155,2,0,F,158.58361483236367917,5649
1401070,38580434,1,0,F,195.84212015004902696,4928
1401070,38580434,2,0,F,195.84212015004902696,4928
1401070,38580435,1,0,F,192.12500164895490684,6437
1401070,38580435,2,0,F,192.12500164895490684,6437
1401070,38588738,1,0,F,188.30597552794392868,8101
1401070,38588738,2,0,F,188.30597552794392868,8101
1401070,38590699,1,0,F,187.95794064470078411,9360
1401070,38590699,2,0,F,187.95794064470078411,9360
1401070,41007981,1,0,F,378.96491467201065007,7744
1401070,41007981,2,0,F,378.96491467201065007,7744
1401071,38573218,1,0,F,99.78340591712866114,2390
1401071,38573218,2,0,F,99.78340591712866114,2390
1401072,38506894,1,0,F,311.36415466183950684,3748
1401072,38506894,2,0,F,311.36415466183950684,3748
1401073,38506895,1,0,F,173.18761555338875269,5012
1401073,38506895,2,0,F,173.18761555338875269,5012
1401075,38506889,1,0,F,227.55472826680312437,4381
1401075,38506889,2,0,F,227.55472826680312437,4381
1401075,38506891,1,0,F,295.34241000741513972,6032
1401075,38506891,2,0,F,295.34241000741513972,6032
1401075,38506892,1,0,F,315.96666725721843250,8528
1401075,38506892,2,0,F,315.96666725721843250,8528
1401075,38573222,1,0,F,172.85038082405296223,4242
1401075,38573222,2,0,F,172.85038082405296223,4242
1401075,38573223,1,0,F,314.09346014230430910,3307
1401075,38573223,2,0,F,314.09346014230430910,3307
1401075,38583052,1,0,F,207.24028264501828289,6893
1401075,38583052,2,0,F,207.24028264501828289,6893
1401076,38506889,1,0,F,272.58753864165981895,5103
1401076,38506889,2,0,F,272.58753864165981895,5103
1401077,38588743,1,0,F,274.55513471835615746,3885
1401077,38588743,2,0,F,274.55513471835615746,3885
1401077,38588744,1,0,F,190.86428838508567196,3672
1401077,38588744,2,0,F,190.86428838508567196,3672
1401077,38588745,1,0,F,203.54656561011955773,3375
1401077,38588745,2,0,F,203.54656561011955773,3375
1401077,38590883,1,0,F,221.38491183692849518,8613
1401077,38590883,2,0,F,221.38491183692849518,8613
1401077,38590888,1,0,F,212.83611315778114204,8235
1401077,38590888,2,0,F,212.83611315778114204,8235
1401078,38587651,1,0,F,177.50243477365759759,21973
1401078,38587651,2,0,F,177.50243477365759759,21973
1401078,38587655,1,0,F,199.07525880378591410,14370
1401078,38587655,2,0,F,199.07525880378591410,14370
1401078,38590881,1,0,F,166.04548990984983448,10347
1401078,38590881,2,0,F,166.04548990984983448,10347
1401078,38590882,1,0,F,209.20804659144974380,4173
1401078,38590882,2,0,F,209.20804659144974380,4173
1401078,38590885,1,0,F,339.76299499088867151,3618
1401078,38590885,2,0,F,339.76299499088867151,3618
1401078,38590889,1,0,F,255.20092941351967397,4575
1401078,38590889,2,0,F,255.20092941351967397,4575
1401078,38590895,1,0,F,138.79794803662059621,3969
1401078,38590895,2,0,F,138.79794803662059621,3969
1401078,38594190,1,0,F,236.05984274888277241,4959
1401078,38594190,2,0,F,236.05984274888277241,4959
1401079,38590578,1,0,F,139.08204748853907518,6798
1401079,38590578,2,0,F,139.08204748853907518,6798
1401080,38590541,1,0,F,241.35593277345276420,5772
1401080,38590541,2,0,F,241.35593277345276420,5772
1401080,38590543,1,0,F,221.96210214437664376,6882
1401080,38590543,2,0,F,221.96210214437664376,6882
1401080,38595077,1,0,F,167.94740905456899327,5160
1401080,38595077,2,0,F,167.94740905456899327,5160
1401080,38595129,1,0,F,213.49691737854587359,5382
1401080,38595129,2,0,F,213.49691737854587359,5382
1401080,41008086,1,0,F,298.73424777486161474,12784
1401080,41008086,2,0,F,298.73424777486161474,12784
1401081,38590542,1,0,F,177.17752215890769207,4237
1401081,38590542,2,0,F,177.17752215890769207,4237
1401081,38590545,1,0,F,197.39213357129776227,9478
1401081,38590545,2,0,F,197.39213357129776227,9478
1401082,38576158,1,0,F,198.50085902296623885,4162
1401082,38576158,2,0,F,198.50085902296623885,4162
1401082,38576159,1,0,F,220.77837007268280445,5420
1401082,38576159,2,0,F,220.77837007268280445,5420
1401082,38576160,1,0,F,348.71701707360728051,4369
1401082,38576160,2,0,F,348.71701707360728051,4369
1401082,38576163,1,0,F,237.61955662905717190,3437
1401082,38576163,2,0,F,237.61955662905717190,3437
1401082,38588315,1,0,F,207.15767872560763863,2132
1401082,38588315,2,0,F,207.15767872560763863,2132
1401082,38588316,1,0,F,360.56212355582545115,4372
1401082,38588316,2,0,F,360.56212355582545115,4372
1401082,38588317,1,0,F,177.32821286485679479,3274
1401082,38588317,2,0,F,177.32821286485679479,3274
1401082,38590503,1,0,F,254.85085790031868669,7025
1401082,38590503,2,0,F,254.85085790031868669,7025
1401082,41008100,1,0,F,315.06729690654128717,8086
1401082,41008100,2,0,F,315.06729690654128717,8086
1401083,38588313,1,0,F,251.87794009683926788,1615
1401083,38588313,2,0,F,251.87794009683926788,1615
1401084,38506898,1,0,F,146.38970769846969233,1074
1401084,38506898,2,0,F,146.38970769846969233,1074
1401085,38576168,1,0,F,266.30411827332483199,2680
1401085,38576168,2,0,F,266.30411827332483199,2680
1401085,38576169,1,0,F,57.78566107545297825,958
1401085,38576169,2,0,F,57.78566107545297825,958
1401086,38588469,1,0,F,277.57683345554028165,4035
1401086,38588469,2,0,F,277.57683345554028165,4035
1401086,38595267,1,0,F,358.92987258723854893,2908
1401086,38595267,2,0,F,358.92987258723854893,2908
1401087,38576171,1,0,F,182.33273798904593832,2397
1401087,38576171,2,0,F,182.33273798904593832,2397
1401088,41007072,1,0,F,441.35350424043139128,2135
1401088,41007072,2,0,F,441.35350424043139128,2135
1401088,41007092,1,0,F,399.35216637670970385,2784
1401088,41007092,2,0,F,399.35216637670970385,2784
1401089,38576236,1,0,F,251.03848008815467097,5426
1401089,38576236,2,0,F,251.03848008815467097,5426
1401089,38595143,1,0,F,316.20937137220255408,4849
1401089,38595143,2,0,F,316.20937137220255408,4849
1401089,41007138,1,0,F,341.33638580816727881,2041
1401089,41007138,2,0,F,341.33638580816727881,2041
1401090,38576274,1,0,F,179.85096952928347491,1056
1401090,38576274,2,0,F,179.85096952928347491,1056
1401091,38575017,1,0,F,178.36935165827830474,989
1401091,38575017,2,0,F,178.36935165827830474,989
1401092,38575115,1,0,F,322.59387002392003296,5775
1401092,38575115,2,0,F,322.59387002392003296,5775
1401093,38576273,1,0,F,219.86332513373244524,2261
1401093,38576273,2,0,F,219.86332513373244524,2261
1401094,38576238,1,0,F,176.03790099158618432,2337
1401094,38576238,2,0,F,176.03790099158618432,2337
1401095,41007154,1,0,F,422.04515669606593065,2799
1401095,41007154,2,0,F,422.04515669606593065,2799
1401096,38573268,1,0,F,194.78846531418250265,2068
1401096,38573268,2,0,F,194.78846531418250265,2068
1401097,38576288,1,0,F,187.90623829076426432,1484
1401097,38576288,2,0,F,187.90623829076426432,1484
1401098,41007188,1,0,F,419.55877130006035713,2616
1401098,41007188,2,0,F,419.55877130006035713,2616
1401099,38573274,1,0,F,112.32740693906725937,6137
1401099,38573274,2,0,F,112.32740693906725937,6137
1401100,38576271,1,0,F,253.88030118997417617,3533
1401100,38576271,2,0,F,253.88030118997417617,3533
1401100,38576272,1,0,F,275.55493096258788910,5089
1401100,38576272,2,0,F,275.55493096258788910,5089
1401100,38576276,1,0,F,260.84806731990823891,2627
1401100,38576276,2,0,F,260.84806731990823891,2627
1401101,38576257,1,0,F,247.23098750228666631,2256
1401101,38576257,2,0,F,247.23098750228666631,2256
1401101,38576258,1,0,F,212.36600034692830263,7912
1401101,38576258,2,0,F,212.36600034692830263,7912
1401101,38595356,1,0,F,206.91318495073983286,8896
1401101,38595356,2,0,F,206.91318495073983286,8896
1401101,41007176,1,0,F,431.95553489815699777,7433
1401101,41007176,2,0,F,431.95553489815699777,7433
1401102,38573247,1,0,F,221.09119651324078859,3132
1401102,38573247,2,0,F,221.09119651324078859,3132
1401103,38573276,1,0,F,203.42642098102413684,8356
1401103,38573276,2,0,F,203.42642098102413684,8356
1401103,38576282,1,0,F,245.66364104875606245,3308
1401103,38576282,2,0,F,245.66364104875606245,3308
1401103,38576286,1,0,F,293.31930834182963963,5592
1401103,38576286,2,0,F,293.31930834182963963,5592
1401103,41007206,1,0,F,432.96461191494205423,15437
1401103,41007206,2,0,F,432.96461191494205423,15437
1401104,38576244,1,0,F,220.66933266388406309,4548
1401104,38576244,2,0,F,220.66933266388406309,4548
1401104,38576275,1,0,F,293.33481524721935330,9510
1401104,38576275,2,0,F,293.33481524721935330,9510
1401104,38590755,1,0,F,224.49544173958582860,2841
1401104,38590755,2,0,F,224.49544173958582860,2841
1401104,41007233,1,0,F,527.45054917244760873,27944
1401104,41007233,2,0,F,527.45054917244760873,27944
1401105,38576248,1,0,F,393.18943834972986906,4176
1401105,38576248,2,0,F,393.18943834972986906,4176
1401105,38576249,1,0,F,237.83136614245756846,4104
1401105,38576249,2,0,F,237.83136614245756846,4104
1401105,38576251,1,0,F,288.34917726353631906,4681
1401105,38576251,2,0,F,288.34917726353631906,4681
1401105,38576252,1,0,F,255.18888506310250364,3567
1401105,38576252,2,0,F,255.18888506310250364,3567
1401105,38576253,1,0,F,256.30179066164043888,4038
1401105,38576253,2,0,F,256.30179066164043888,4038
1401105,38576255,1,0,F,244.73231480223623180,8289
1401105,38576255,2,0,F,244.73231480223623180,8289
1401105,38576278,1,0,F,254.01121431075085866,5838
1401105,38576278,2,0,F,254.01121431075085866,5838
1401105,38590758,1,0,F,193.54057054708997043,3975
1401105,38590758,2,0,F,193.54057054708997043,3975
1401105,41007233,1,0,F,598.00402396685672102,9904
1401105,41007233,2,0,F,598.00402396685672102,9904
1401106,38503786,1,0,F,203.52408024042782131,3173
1401106,38503786,2,0,F,203.52408024042782131,3173
1401106,38573252,1,0,F,370.76311142474503413,2418
1401106,38573252,2,0,F,370.76311142474503413,2418
1401109,38503885,1,0,F,221.63631873538292893,3490
1401109,38503885,2,0,F,221.63631873538292893,3490
1401109,38573264,1,0,F,246.10534791693439161,8300
1401109,38573264,2,0,F,246.10534791693439161,8300
1401109,41007280,1,0,F,445.44977585720732804,5217
1401109,41007280,2,0,F,445.44977585720732804,5217
1401111,38590729,1,0,F,123.83821625106278930,2118
1401111,38590729,2,0,F,123.83821625106278930,2118
1401111,38590732,1,0,F,223.44931981297946777,5743
1401111,38590732,2,0,F,223.44931981297946777,5743
1401112,38503783,1,0,F,321.83364628853877321,2982
1401112,38503783,2,0,F,321.83364628853877321,2982
1401113,38573235,1,0,F,347.89340631082467326,3555
1401113,38573235,2,0,F,347.89340631082467326,3555
1401114,38573262,1,0,F,362.64632061220822834,15694
1401114,38573262,2,0,F,362.64632061220822834,15694
1401114,41007341,1,0,F,200.96505869525515209,3993
1401114,41007341,2,0,F,200.96505869525515209,3993
1401115,38573236,1,0,F,223.25585102145799965,3622
1401115,38573236,2,0,F,223.25585102145799965,3622
1401115,38573237,1,0,F,292.17687385066591332,3915
1401115,38573237,2,0,F,292.17687385066591332,3915
1401115,38573239,1,0,F,188.86988124238487785,4816
1401115,38573239,2,0,F,188.86988124238487785,4816
1401115,38582662,1,0,F,144.20370300924494700,1999
1401115,38582662,2,0,F,144.20370300924494700,1999
1401115,41007393,1,0,F,472.99813365186463443,4358
1401115,41007393,2,0,F,472.99813365186463443,4358
1401116,38573240,1,0,F,294.95660681074178910,3144
1401116,38573240,2,0,F,294.95660681074178910,3144
1401116,38573241,1,0,F,257.80909643905067696,5512
1401116,38573241,2,0,F,257.80909643905067696,5512
1401116,38573242,1,0,F,285.98429570361520291,5679
1401116,38573242,2,0,F,285.98429570361520291,5679
1401116,38590766,1,0,F,315.02718734353271657,4248
1401116,38590766,2,0,F,315.02718734353271657,4248
1401116,38590767,1,0,F,284.47518322301027638,5354
1401116,38590767,2,0,F,284.47518322301027638,5354
1401116,38594236,1,0,F,315.75955597744552961,5159
1401116,38594236,2,0,F,315.75955597744552961,5159
1401116,41007569,1,0,F,476.50339134110805617,6008
1401116,41007569,2,0,F,476.50339134110805617,6008
1401117,38590620,1,0,F,431.43094188591618376,4375
1401117,38590620,2,0,F,431.43094188591618376,4375
1401117,38594236,1,0,F,221.82429140369859510,1233
1401117,38594236,2,0,F,221.82429140369859510,1233
1401119,38503392,1,0,F,287.57848360491431094,3843
1401119,38503392,2,0,F,287.57848360491431094,3843
1401119,38576017,1,0,F,286.62092935680510664,5573
1401119,38576017,2,0,F,286.62092935680510664,5573
1401119,38576018,1,0,F,392.24333619851381627,4650
1401119,38576018,2,0,F,392.24333619851381627,4650
1401119,38576030,1,0,F,278.00307946802342940,4537
1401119,38576030,2,0,F,278.00307946802342940,4537
1401120,38503267,1,0,F,211.39799064928999428,2992
1401120,38503267,2,0,F,211.39799064928999428,2992
1401122,38503180,1,0,F,248.33662883896519702,6816
1401122,38503180,2,0,F,248.33662883896519702,6816
1401123,38503182,1,0,F,406.08406046852041982,3408
1401123,38503182,2,0,F,406.08406046852041982,3408
1401125,41008335,1,0,F,474.59996601943419137,1343
1401125,41008335,2,0,F,474.59996601943419137,1343
1401127,38576021,1,0,F,330.72323342734728158,4641
1401127,38576021,2,0,F,330.72323342734728158,4641
1401127,38576022,1,0,F,273.59619927119916838,8147
1401127,38576022,2,0,F,273.59619927119916838,8147
1401128,38576001,1,0,F,221.69980265030693545,5425
1401128,38576001,2,0,F,221.69980265030693545,5425
1401128,38576014,1,0,F,243.31064889315751998,9709
1401128,38576014,2,0,F,243.31064889315751998,9709
1401128,38576091,1,0,F,205.99889201364587166,6752
1401128,38576091,2,0,F,205.99889201364587166,6752
1401128,38576092,1,0,F,192.05888793685076621,11356
1401128,38576092,2,0,F,192.05888793685076621,11356
1401128,38587422,1,0,F,283.73576270682519862,3815
1401128,38587422,2,0,F,283.73576270682519862,3815
1401128,38587956,1,0,F,372.25933860419479515,5454
1401128,38587956,2,0,F,372.25933860419479515,5454
1401128,38595331,1,0,F,228.75548516728213144,3771
1401128,38595331,2,0,F,228.75548516728213144,3771
1401128,41008372,1,0,F,522.66690261233395631,18964
1401128,41008372,2,0,F,522.66690261233395631,18964
1401129,38503252,1,0,F,252.68184154310512213,5151
1401129,38503252,2,0,F,252.68184154310512213,5151
1401129,38575999,1,0,F,196.74531044211067865,11517
1401129,38575999,2,0,F,196.74531044211067865,11517
1401129,38587958,1,0,F,322.72052061747069729,2845
1401129,38587958,2,0,F,322.72052061747069729,2845
1401129,38594539,1,0,F,236.17866601294903717,5725
1401129,38594539,2,0,F,236.17866601294903717,5725
1401129,38594543,1,0,F,288.74649487150094274,13589
1401129,38594543,2,0,F,288.74649487150094274,13589
1401129,38595263,1,0,F,253.60037224970861303,9528
1401129,38595263,2,0,F,253.60037224970861303,9528
1401129,38595264,1,0,F,199.11556035125786934,4491
1401129,38595264,2,0,F,199.11556035125786934,4491
1401129,41008384,1,0,F,428.27232165086525129,17912
1401129,41008384,2,0,F,428.27232165086525129,17912
1401130,38503176,1,0,F,205.01970754592358048,2959
1401130,38503176,2,0,F,205.01970754592358048,2959
1401130,38503196,1,0,F,298.82393149891453277,4025
1401130,38503196,2,0,F,298.82393149891453277,4025
1401131,38503159,1,0,F,411.15606892028688435,6122
1401131,38503159,2,0,F,411.15606892028688435,6122
1401131,38576052,1,0,F,272.10132502423152800,2974
1401131,38576052,2,0,F,272.10132502423152800,2974
1401131,38590449,1,0,F,286.55905684670057099,4378
1401131,38590449,2,0,F,286.55905684670057099,4378
1401131,41008411,1,0,F,418.50536162892262837,9063
1401131,41008411,2,0,F,418.50536162892262837,9063
1401132,38576008,1,0,F,335.08799347403135016,3375
1401132,38576008,2,0,F,335.08799347403135016,3375
1401132,38576013,1,0,F,230.87100003704816231,10612
1401132,38576013,2,0,F,230.87100003704816231,10612
1401132,38576044,1,0,F,278.05621269344743496,4448
1401132,38576044,2,0,F,278.05621269344743496,4448
1401132,38576104,1,0,F,342.59576831641089711,5375
1401132,38576104,2,0,F,342.59576831641089711,5375
1401132,38590443,1,0,F,235.72755400448042451,8799
1401132,38590443,2,0,F,235.72755400448042451,8799
1401132,41008433,1,0,F,485.96577580613569580,7775
1401132,41008433,2,0,F,485.96577580613569580,7775
1401133,38576045,1,0,F,281.82579365987589881,3813
1401133,38576045,2,0,F,281.82579365987589881,3813
1401134,38576013,1,0,F,261.19745512102934981,2285
1401134,38576013,2,0,F,261.19745512102934981,2285
1401135,38503366,1,0,F,162.71975427168462147,2365
1401135,38503366,2,0,F,162.71975427168462147,2365
1401136,38503192,1,0,F,184.97021003467651212,2616
1401136,38503192,2,0,F,184.97021003467651212,2616
1401136,38576069,1,0,F,177.08248460609786434,1685
1401136,38576069,2,0,F,177.08248460609786434,1685
1401136,41008460,1,0,F,660.30897723355087692,1230
1401136,41008460,2,0,F,660.30897723355087692,1230
1401137,38503171,1,0,F,221.69082819812140883,3949
1401137,38503171,2,0,F,221.69082819812140883,3949
1401137,38576041,1,0,F,264.95276200685123058,5102
1401137,38576041,2,0,F,264.95276200685123058,5102
1401139,38503173,1,0,F,302.84838217430575469,4537
1401139,38503173,2,0,F,302.84838217430575469,4537
1401139,38576073,1,0,F,309.44939240664643876,3094
1401139,38576073,2,0,F,309.44939240664643876,3094
1401140,38503396,1,0,F,213.94524022129172636,6843
1401140,38503396,2,0,F,213.94524022129172636,6843
1401140,38576050,1,0,F,170.66349586202977662,6868
1401140,38576050,2,0,F,170.66349586202977662,6868
1401140,38576076,1,0,F,271.81026851827863311,8371
1401140,38576076,2,0,F,271.81026851827863311,8371
1401140,38576103,1,0,F,227.59472016394246907,14591
1401140,38576103,2,0,F,227.59472016394246907,14591
1401140,38578563,1,0,F,244.41465667559558028,1486
1401140,38578563,2,0,F,244.41465667559558028,1486
1401140,38587946,1,0,F,271.99247248569133717,4705
1401140,38587946,2,0,F,271.99247248569133717,4705
1401140,38587947,1,0,F,268.43048999186504489,2618
1401140,38587947,2,0,F,268.43048999186504489,2618
1401140,38588037,1,0,F,156.54539263277544592,4116
1401140,38588037,2,0,F,156.54539263277544592,4116
1401140,38588042,1,0,F,199.60770816744579292,6211
1401140,38588042,2,0,F,199.60770816744579292,6211
1401141,38575985,1,0,F,203.02199376275052600,2145
1401141,38575985,2,0,F,203.02199376275052600,2145
1401141,38575986,1,0,F,214.01632747650486976,4764
1401141,38575986,2,0,F,214.01632747650486976,4764
1401141,38575988,1,0,F,297.05457566695997684,6502
1401141,38575988,2,0,F,297.05457566695997684,6502
1401143,38587933,1,0,F,112.44615183132259517,1445
1401143,38587933,2,0,F,112.44615183132259517,1445
1401143,38587936,1,0,F,193.02869533283762848,3024
1401143,38587936,2,0,F,193.02869533283762848,3024
1401143,41008538,1,0,F,491.21565460507451917,1289
1401143,41008538,2,0,F,491.21565460507451917,1289
1401144,38573586,1,0,F,405.16523136967515484,6840
1401144,38573586,2,0,F,405.16523136967515484,6840
1401144,38573587,1,0,F,268.57624161039785804,6396
1401144,38573587,2,0,F,268.57624161039785804,6396
1401144,38573599,1,0,F,201.89677896364639764,10460
1401144,38573599,2,0,F,201.89677896364639764,10460
1401144,38577309,1,0,F,311.68009760206115288,3606
1401144,38577309,2,0,F,311.68009760206115288,3606
1401144,38577339,1,0,F,494.64551684550042410,430
1401144,38577339,2,0,F,494.64551684550042410,430
1401144,38580541,1,0,F,351.83529863296337226,6544
1401144,38580541,2,0,F,351.83529863296337226,6544
1401144,38588883,1,0,F,177.32431620530360306,7954
1401144,38588883,2,0,F,177.32431620530360306,7954
1401145,38590466,1,0,F,160.84361526027302602,6296
1401145,38590466,2,0,F,160.84361526027302602,6296
1401145,38590467,1,0,F,285.51199190735059119,12101
1401145,38590467,2,0,F,285.51199190735059119,12101
1401145,38590470,1,0,F,256.60194624569874122,11543
1401145,38590470,2,0,F,256.60194624569874122,11543
1401145,38590471,1,0,F,187.15241184137849473,7364
1401145,38590471,2,0,F,187.15241184137849473,7364
1401145,41007533,1,0,F,421.79106485552438244,7473
1401145,41007533,2,0,F,421.79106485552438244,7473
1401146,38590464,1,0,F,152.85149019786521762,5016
1401146,38590464,2,0,F,152.85149019786521762,5016
1401146,38590472,1,0,F,227.00462263843448341,4589
1401146,38590472,2,0,F,227.00462263843448341,4589
1401146,38590476,1,0,F,174.83553094399977113,5120
1401146,38590476,2,0,F,174.83553094399977113,5120
1401146,38590484,1,0,F,303.96209006439954692,3550
1401146,38590484,2,0,F,303.96209006439954692,3550
1401146,41007513,1,0,F,263.11597740444443616,15956
1401146,41007513,2,0,F,263.11597740444443616,15956
1401146,41007533,1,0,F,495.83814914970361087,15970
1401146,41007533,2,0,F,495.83814914970361087,15970
1401147,38573160,1,0,F,304.79934392374070740,9733
1401147,38573160,2,0,F,304.79934392374070740,9733
1401147,38590706,1,0,F,322.99594432493296381,4660
1401147,38590706,2,0,F,322.99594432493296381,4660
1401147,38590708,1,0,F,365.55105857451542306,4453
1401147,38590708,2,0,F,365.55105857451542306,4453
1401147,41007635,1,0,F,315.56249538462327564,1594
1401147,41007635,2,0,F,315.56249538462327564,1594
1401147,41007750,1,0,F,299.30814540092899279,6900
1401147,41007750,2,0,F,299.30814540092899279,6900
1401148,38590775,1,0,F,248.08248394688152416,4709
1401148,38590775,2,0,F,248.08248394688152416,4709
1401149,38590773,1,0,F,295.46434358066755976,5363
1401149,38590773,2,0,F,295.46434358066755976,5363
1401149,38590784,1,0,F,263.04879860485687004,8149
1401149,38590784,2,0,F,263.04879860485687004,8149
1401149,41007845,1,0,F,466.95443711071857251,12926
1401149,41007845,2,0,F,466.95443711071857251,12926
1401150,38590672,1,0,F,169.73497567399996910,7565
1401150,38590672,2,0,F,169.73497567399996910,7565
1401150,38590678,1,0,F,256.24477043783713270,8424
1401150,38590678,2,0,F,256.24477043783713270,8424
1401150,38590681,1,0,F,252.15853302526397783,11578
1401150,38590681,2,0,F,252.15853302526397783,11578
1401150,41007789,1,0,F,381.53992778530391661,19804
1401150,41007789,2,0,F,381.53992778530391661,19804
1401151,38502776,1,0,F,307.15156240917633568,5455
1401151,38502776,2,0,F,307.15156240917633568,5455
1401151,41007750,1,0,F,368.35087556474576331,6047
1401151,41007750,2,0,F,368.35087556474576331,6047
1401152,38573164,1,0,F,293.16741093043890487,3720
1401152,38573164,2,0,F,293.16741093043890487,3720
1401152,38573166,1,0,F,169.23511435609060527,5841
1401152,38573166,2,0,F,169.23511435609060527,5841
1401152,38590811,1,0,F,283.29203899445201387,5586
1401152,38590811,2,0,F,283.29203899445201387,5586
1401152,38590824,1,0,F,228.08878859917976456,15885
1401152,38590824,2,0,F,228.08878859917976456,15885
1401153,38590815,1,0,F,97.26072522451407565,7512
1401153,38590815,2,0,F,97.26072522451407565,7512
1401153,38590820,1,0,F,244.09751818867613338,7517
1401153,38590820,2,0,F,244.09751818867613338,7517
1401153,38590826,1,0,F,191.50945069557076295,5268
1401153,38590826,2,0,F,191.50945069557076295,5268
1401153,38590829,1,0,F,207.49379393183158982,8901
1401153,38590829,2,0,F,207.49379393183158982,8901
1401153,38590830,1,0,F,193.81598259025957987,7320
1401153,38590830,2,0,F,193.81598259025957987,7320
1401154,38503863,1,0,F,310.56182501254625095,1447
1401154,38503863,2,0,F,310.56182501254625095,1447
1401154,38573556,1,0,F,211.27046560268243525,9280
1401154,38573556,2,0,F,211.27046560268243525,9280
1401154,38588987,1,0,F,240.48861908798275522,8292
1401154,38588987,2,0,F,240.48861908798275522,8292
1401154,38590655,1,0,F,162.60664987860749875,9404
1401154,38590655,2,0,F,162.60664987860749875,9404
1401155,38573560,1,0,F,449.95521642593911338,224
1401155,38573560,2,0,F,449.95521642593911338,224
1401155,38573563,1,0,F,266.97062684171004321,1385
1401155,38573563,2,0,F,266.97062684171004321,1385
1401156,38579190,1,0,F,94.71642594987960706,5960
1401156,38579190,2,0,F,94.71642594987960706,5960
1401156,38588984,1,0,F,222.94340272814312698,4830
1401156,38588984,2,0,F,222.94340272814312698,4830
1401156,38589110,1,0,F,170.84024689376676065,3702
1401156,38589110,2,0,F,170.84024689376676065,3702
1401156,38590656,1,0,F,280.63784585709714747,3708
1401156,38590656,2,0,F,280.63784585709714747,3708
1401156,38590661,1,0,F,131.16369670386379198,8047
1401156,38590661,2,0,F,131.16369670386379198,8047
1401156,38595412,1,0,F,194.34523293537154132,7371
1401156,38595412,2,0,F,194.34523293537154132,7371
1401156,41008014,1,0,F,350.79110874465629877,15600
1401156,41008014,2,0,F,350.79110874465629877,15600
1401156,41008035,1,0,F,354.29473233351899353,20016
1401156,41008035,2,0,F,354.29473233351899353,20016
1401157,38503899,1,0,F,171.39332401046846144,6561
1401157,38503899,2,0,F,171.39332401046846144,6561
1401159,38590734,1,0,F,301.77593330827124873,9056
1401159,38590734,2,0,F,301.77593330827124873,9056
1401159,41007967,1,0,F,423.60172014479746849,13315
1401159,41007967,2,0,F,423.60172014479746849,13315
1401160,38502954,1,0,F,302.00286785318240845,304
1401160,38502954,2,0,F,302.00286785318240845,304
1401160,38573579,1,0,F,312.01721611348278884,902
1401160,38573579,2,0,F,312.01721611348278884,902
1401161,38503795,1,0,F,244.27759079412675192,6571
1401161,38503795,2,0,F,244.27759079412675192,6571
1401161,38590494,1,0,F,242.98745755510071831,7761
1401161,38590494,2,0,F,242.98745755510071831,7761
1401161,38590496,1,0,F,354.72774061575171345,8162
1401161,38590496,2,0,F,354.72774061575171345,8162
1401161,38590499,1,0,F,212.55113453179473026,8162
1401161,38590499,2,0,F,212.55113453179473026,8162
1401161,38590859,1,0,F,142.86913980277103065,8034
1401161,38590859,2,0,F,142.86913980277103065,8034
1401161,38590862,1,0,F,142.67469606186122633,7317
1401161,38590862,2,0,F,142.67469606186122633,7317
1401161,41008139,1,0,F,428.43637386421312385,7332
1401161,41008139,2,0,F,428.43637386421312385,7332
1401162,38573569,1,0,F,306.71870967214420034,1169
1401162,38573569,2,0,F,306.71870967214420034,1169
1401162,38573576,1,0,F,125.75611058852922497,6762
1401162,38573576,2,0,F,125.75611058852922497,6762
1401162,38573578,1,0,F,257.57990605133682038,8778
1401162,38573578,2,0,F,257.57990605133682038,8778
1401162,38581417,1,0,F,187.96738309537030887,4104
1401162,38581417,2,0,F,187.96738309537030887,4104
1401162,38590853,1,0,F,267.93418498189629418,6074
1401162,38590853,2,0,F,267.93418498189629418,6074
1401162,38590867,1,0,F,204.23383432759862899,8940
1401162,38590867,2,0,F,204.23383432759862899,8940
1401162,38590877,1,0,F,113.48455262370585217,5277
1401162,38590877,2,0,F,113.48455262370585217,5277
1401163,38588508,1,0,F,366.92796922031686790,1950
1401163,38588508,2,0,F,366.92796922031686790,1950
1401164,38576122,1,0,F,189.88204906683751005,5142
1401164,38576122,2,0,F,189.88204906683751005,5142
1401164,41008212,1,0,F,330.64811949522140822,6198
1401164,41008212,2,0,F,330.64811949522140822,6198
1401164,41008216,1,0,F,334.12600812524772209,5714
1401164,41008216,2,0,F,334.12600812524772209,5714
1401165,38576109,1,0,F,195.51507554336515682,7792
1401165,38576109,2,0,F,195.51507554336515682,7792
1401165,38576110,1,0,F,237.85582195814620832,6028
1401165,38576110,2,0,F,237.85582195814620832,6028
1401165,38576113,1,0,F,266.63340361322337912,8240
1401165,38576113,2,0,F,266.63340361322337912,8240
1401165,38576116,1,0,F,199.66043377932433600,5263
1401165,38576116,2,0,F,199.66043377932433600,5263
1401165,41008226,1,0,F,395.21096938391877984,2055
1401165,41008226,2,0,F,395.21096938391877984,2055
1401165,41008241,1,0,F,421.72188067893938523,14786
1401165,41008241,2,0,F,421.72188067893938523,14786
1401166,38576183,1,0,F,266.08313506468607557,9007
1401166,38576183,2,0,F,266.08313506468607557,9007
1401166,38576185,1,0,F,338.01115662784053484,6891
1401166,38576185,2,0,F,338.01115662784053484,6891
1401166,38576188,1,0,F,334.35059441604403219,5908
1401166,38576188,2,0,F,334.35059441604403219,5908
1401166,38576202,1,0,F,332.56933983345720662,5813
1401166,38576202,2,0,F,332.56933983345720662,5813
1401166,38576204,1,0,F,260.91666949423688493,6508
1401166,38576204,2,0,F,260.91666949423688493,6508
1401166,38591023,1,0,F,275.63256258065558768,6725
1401166,38591023,2,0,F,275.63256258065558768,6725
1401166,41007944,1,0,F,627.55039226453232004,7964
1401166,41007944,2,0,F,627.55039226453232004,7964
1401166,41008029,1,0,F,200.50868213705808785,8093
1401166,41008029,2,0,F,200.50868213705808785,8093
1401167,38591028,1,0,F,296.11723740475855493,3908
1401167,38591028,2,0,F,296.11723740475855493,3908
1401168,38576207,1,0,F,347.03654294196149976,7144
1401168,38576207,2,0,F,347.03654294196149976,7144
1401168,38576210,1,0,F,260.81259013352109832,4008
1401168,38576210,2,0,F,260.81259013352109832,4008
1401168,38576218,1,0,F,177.75666114230816106,5028
1401168,38576218,2,0,F,177.75666114230816106,5028
1401168,38590701,1,0,F,276.17708264760085513,7827
1401168,38590701,2,0,F,276.17708264760085513,7827
1401168,38590702,1,0,F,183.05059234889515096,5634
1401168,38590702,2,0,F,183.05059234889515096,5634
1401168,38590705,1,0,F,134.26072786416858662,6948
1401168,38590705,2,0,F,134.26072786416858662,6948
1401168,41007962,1,0,F,388.96366956624609657,11141
1401168,41007962,2,0,F,388.96366956624609657,11141
1401168,41007979,1,0,F,506.04399312395389643,8276
1401168,41007979,2,0,F,506.04399312395389643,8276
1401169,38576214,1,0,F,250.55991989164201073,3978
1401169,38576214,2,0,F,250.55991989164201073,3978
1401169,38590668,1,0,F,371.14762529359279597,5670
1401169,38590668,2,0,F,371.14762529359279597,5670
1401170,41008149,1,0,F,115.45443003705426577,607
1401170,41008149,2,0,F,115.45443003705426577,607
1401171,38587966,1,0,F,184.22159806654588010,6600
1401171,38587966,2,0,F,184.22159806654588010,6600
1401171,38587967,1,0,F,181.05382428008741158,5008
1401171,38587967,2,0,F,181.05382428008741158,5008
1401171,38588205,1,0,F,245.94619186067626515,4690
1401171,38588205,2,0,F,245.94619186067626515,4690
1401171,41008015,1,0,F,358.33542231860337779,6532
1401171,41008015,2,0,F,358.33542231860337779,6532
1401171,41008037,1,0,F,356.19521924429687942,5856
1401171,41008037,2,0,F,356.19521924429687942,5856
1401172,38587975,1,0,F,231.91676348408302033,2385
1401172,38587975,2,0,F,231.91676348408302033,2385
1401172,38587998,1,0,F,194.77500404031766834,6837
1401172,38587998,2,0,F,194.77500404031766834,6837
1401172,38587999,1,0,F,155.66202396319829404,5889
1401172,38587999,2,0,F,155.66202396319829404,5889
1401172,38588009,1,0,F,260.58718871506721371,5666
1401172,38588009,2,0,F,260.58718871506721371,5666
1401172,41008077,1,0,F,615.26339016575025198,5884
1401172,41008077,2,0,F,615.26339016575025198,5884
1401173,38576224,1,0,F,207.74467930529448267,3118
1401173,38576224,2,0,F,207.74467930529448267,3118
1401173,38576225,1,0,F,216.35459674589952783,3712
1401173,38576225,2,0,F,216.35459674589952783,3712
1401173,38576226,1,0,F,182.92384333487959225,3631
1401173,38576226,2,0,F,182.92384333487959225,3631
1401173,41008115,1,0,F,217.54966892653308719,4200
1401173,41008115,2,0,F,217.54966892653308719,4200
1401174,38530644,1,0,F,284.47799066713059801,7420
1401174,38530644,2,0,F,284.47799066713059801,7420
1401174,38576084,1,0,F,158.81518916259784646,3429
1401174,38576084,2,0,F,158.81518916259784646,3429
1401174,38587983,1,0,F,327.54112925308868398,9318
1401174,38587983,2,0,F,327.54112925308868398,9318
1401174,38588030,1,0,F,208.99316695595877036,5964
1401174,38588030,2,0,F,208.99316695595877036,5964
1401174,38588032,1,0,F,242.92171321586425847,8380
1401174,38588032,2,0,F,242.92171321586425847,8380
1401174,41008141,1,0,F,380.24586300242583548,5068
1401174,41008141,2,0,F,380.24586300242583548,5068
1401175,38576080,1,0,F,168.29577479023410547,4536
1401175,38576080,2,0,F,168.29577479023410547,4536
1401175,38588013,1,0,F,266.86121577798184035,4698
1401175,38588013,2,0,F,266.86121577798184035,4698
1401175,38588014,1,0,F,325.64478019144593191,7079
1401175,38588014,2,0,F,325.64478019144593191,7079
1401175,38588021,1,0,F,182.17678715097102327,3035
1401175,38588021,2,0,F,182.17678715097102327,3035
1401175,38588023,1,0,F,267.70358294582166536,3084
1401175,38588023,2,0,F,267.70358294582166536,3084
1401175,41008141,1,0,F,696.55918452748608161,7172
1401175,41008141,2,0,F,696.55918452748608161,7172
1401176,38588044,1,0,F,250.78856747145451322,2837
1401176,38588044,2,0,F,250.78856747145451322,2837
1401176,38588045,1,0,F,194.15079643118852459,6937
1401176,38588045,2,0,F,194.15079643118852459,6937
1401176,38588048,1,0,F,283.10286917690535802,4593
1401176,38588048,2,0,F,283.10286917690535802,4593
1401176,41008199,1,0,F,511.07900083693971283,11977
1401176,41008199,2,0,F,511.07900083693971283,11977
1401177,38503187,1,0,F,301.57146247711546039,8360
1401177,38503187,2,0,F,301.57146247711546039,8360
1401177,38576028,1,0,F,159.77677366891961697,5540
1401177,38576028,2,0,F,159.77677366891961697,5540
1401177,38587682,1,0,F,264.61307283209089292,8799
1401177,38587682,2,0,F,264.61307283209089292,8799
1401177,38587684,1,0,F,292.76827084599523232,7668
1401177,38587684,2,0,F,292.76827084599523232,7668
1401177,38588734,1,0,F,302.98048434383173344,8945
1401177,38588734,2,0,F,302.98048434383173344,8945
1401177,41008199,1,0,F,519.36039353449427836,3240
1401177,41008199,2,0,F,519.36039353449427836,3240
1401177,41008220,1,0,F,366.07199990445201365,9234
1401177,41008220,2,0,F,366.07199990445201365,9234
1401178,38576064,1,0,F,251.18477431435843528,4813
1401178,38576064,2,0,F,251.18477431435843528,4813
1401178,38576066,1,0,F,215.25296370171173521,5824
1401178,38576066,2,0,F,215.25296370171173521,5824
1401178,38587687,1,0,F,314.39586960108908897,5753
1401178,38587687,2,0,F,314.39586960108908897,5753
1401178,38587949,1,0,F,189.20310492065380004,8105
1401178,38587949,2,0,F,189.20310492065380004,8105
1401178,41008267,1,0,F,445.28261860688428442,16695
1401178,41008267,2,0,F,445.28261860688428442,16695
1401179,38503361,1,0,F,224.11671431650324848,11968
1401179,38503361,2,0,F,224.11671431650324848,11968
1401179,38575973,1,0,F,304.28258867910534491,2922
1401179,38575973,2,0,F,304.28258867910534491,2922
1401179,38576061,1,0,F,269.21858848439393341,12014
1401179,38576061,2,0,F,269.21858848439393341,12014
1401179,38592289,1,0,F,232.58856138610545372,7128
1401179,38592289,2,0,F,232.58856138610545372,7128
1401179,41008309,1,0,F,413.54257570562168667,9848
1401179,41008309,2,0,F,413.54257570562168667,9848
1401180,38503165,1,0,F,219.88149774757786759,3246
1401180,38503165,2,0,F,219.88149774757786759,3246
1401180,38503184,1,0,F,271.45895765145320411,4821
1401180,38503184,2,0,F,271.45895765145320411,4821
1401180,38575962,1,0,F,338.70973315916751289,2799
1401180,38575962,2,0,F,338.70973315916751289,2799
1401180,38575963,1,0,F,222.22293569694906523,4004
1401180,38575963,2,0,F,222.22293569694906523,4004
1401181,38503175,1,0,F,258.02890948791423398,9085
1401181,38503175,2,0,F,258.02890948791423398,9085
1401181,38503197,1,0,F,229.39235542852904359,4383
1401181,38503197,2,0,F,229.39235542852904359,4383
1401181,38575967,1,0,F,191.31808649350060136,6543
1401181,38575967,2,0,F,191.31808649350060136,6543
1401181,38590444,1,0,F,470.18266346656236010,3006
1401181,38590444,2,0,F,470.18266346656236010,3006
1401182,38575968,1,0,F,385.69298926768567526,3357
1401182,38575968,2,0,F,385.69298926768567526,3357
1401182,38595329,1,0,F,212.56101178636845361,3717
1401182,38595329,2,0,F,212.56101178636845361,3717
1401183,38503378,1,0,F,333.28413445398115300,4403
1401183,38503378,2,0,F,333.28413445398115300,4403
1401183,38575938,1,0,F,268.55151543821705218,5691
1401183,38575938,2,0,F,268.55151543821705218,5691
1401184,38575939,1,0,F,413.56630517893290744,3940
1401184,38575939,2,0,F,413.56630517893290744,3940
1401185,38503380,1,0,F,301.57897674687148992,2822
1401185,38503380,2,0,F,301.57897674687148992,2822
1401186,38575943,1,0,F,271.74271058397539491,7510
1401186,38575943,2,0,F,271.74271058397539491,7510
1401187,38503372,1,0,F,276.09005900196780203,5146
1401187,38503372,2,0,F,276.09005900196780203,5146
1401187,38575918,1,0,F,298.70141193185713746,5369
1401187,38575918,2,0,F,298.70141193185713746,5369
1401187,38575920,1,0,F,211.71350386441227442,4965
1401187,38575920,2,0,F,211.71350386441227442,4965
1401187,38575940,1,0,F,310.70956572491735415,2895
1401187,38575940,2,0,F,310.70956572491735415,2895
1401187,38588311,1,0,F,228.73595167266952899,12634
1401187,38588311,2,0,F,228.73595167266952899,12634
1401187,41008201,1,0,F,447.56003199586928076,19316
1401187,41008201,2,0,F,447.56003199586928076,19316
1401188,38576135,1,0,F,48.11265857334178975,1563
1401188,38576135,2,0,F,48.11265857334178975,1563
1401189,38503376,1,0,F,8.03824339629352380,632
1401189,38503376,2,0,F,8.03824339629352380,632
1401190,38503382,1,0,F,262.51451715490964034,3846
1401190,38503382,2,0,F,262.51451715490964034,3846
1401190,38575924,1,0,F,283.59837848743796940,3626
1401190,38575924,2,0,F,283.59837848743796940,3626
1401190,38575926,1,0,F,176.69678225832544172,7216
1401190,38575926,2,0,F,176.69678225832544172,7216
1401190,38575927,1,0,F,243.16277342830593966,5768
1401190,38575927,2,0,F,243.16277342830593966,5768
1401191,38503375,1,0,F,139.24432299483828501,925
1401191,38503375,2,0,F,139.24432299483828501,925
1401192,38573507,1,0,F,289.80524326786871825,5250
1401192,38573507,2,0,F,289.80524326786871825,5250
1401192,38573508,1,0,F,192.16154038722334008,4280
1401192,38573508,2,0,F,192.16154038722334008,4280
1401192,38573509,1,0,F,247.30293702903691155,5561
1401192,38573509,2,0,F,247.30293702903691155,5561
1401192,38581564,1,0,F,186.03264143138000009,3641
1401192,38581564,2,0,F,186.03264143138000009,3641
1401192,41008297,1,0,F,458.42858630625920568,5108
1401192,41008297,2,0,F,458.42858630625920568,5108
1401193,38573530,1,0,F,423.49988976284538467,3061
1401193,38573530,2,0,F,423.49988976284538467,3061
1401194,38573530,1,0,F,270.82138883163389664,3371
1401194,38573530,2,0,F,270.82138883163389664,3371
1401195,38503564,1,0,F,254.06476665699733530,1032
1401195,38503564,2,0,F,254.06476665699733530,1032
1401195,38503792,1,0,F,241.29867786887837156,4494
1401195,38503792,2,0,F,241.29867786887837156,4494
1401197,38503373,1,0,F,248.32336361470279940,3748
1401197,38503373,2,0,F,248.32336361470279940,3748
1401197,38573534,1,0,F,341.30244525393362665,4998
1401197,38573534,2,0,F,341.30244525393362665,4998
1401198,38503562,1,0,F,235.44158243964315602,4861
1401198,38503562,2,0,F,235.44158243964315602,4861
1401198,38573499,1,0,F,265.80114934932333881,10833
1401198,38573499,2,0,F,265.80114934932333881,10833
1401198,38573501,1,0,F,402.68105782806100024,5345
1401198,38573501,2,0,F,402.68105782806100024,5345
1401198,38582659,1,0,F,277.92992656981402888,3561
1401198,38582659,2,0,F,277.92992656981402888,3561
1401198,38583487,1,0,F,251.18063898129838662,2207
1401198,38583487,2,0,F,251.18063898129838662,2207
1401198,41008355,1,0,F,412.38954144224078391,4558
1401198,41008355,2,0,F,412.38954144224078391,4558
1401199,38573540,1,0,F,356.28598178143687392,3518
1401199,38573540,2,0,F,356.28598178143687392,3518
1401200,38503562,1,0,F,142.97268102338659901,5894
1401200,38503562,2,0,F,142.97268102338659901,5894
1401200,41008355,1,0,F,431.94960542213186727,7034
1401200,41008355,2,0,F,431.94960542213186727,7034
1401201,38573542,1,0,F,129.70723097111800826,3469
1401201,38573542,2,0,F,129.70723097111800826,3469
1401202,38503852,1,0,F,314.37775240173561997,5055
1401202,38503852,2,0,F,314.37775240173561997,5055
1401203,38573515,1,0,F,181.35195146733701677,1287
1401203,38573515,2,0,F,181.35195146733701677,1287
1401204,38573546,1,0,F,175.19954148463287424,2513
1401204,38573546,2,0,F,175.19954148463287424,2513
1401205,38503560,1,0,F,312.53657375465019186,1316
1401205,38503560,2,0,F,312.53657375465019186,1316
1401206,38581687,1,0,F,496.46206523585135528,637
1401206,38581687,2,0,F,496.46206523585135528,637
1401206,41008479,1,0,F,409.46480663872375771,9222
1401206,41008479,2,0,F,409.46480663872375771,9222
1401207,38582700,1,0,F,298.92072537591974424,8064
1401207,38582700,2,0,F,298.92072537591974424,8064
1401208,38590635,1,0,F,373.81120280053909255,772
1401208,38590635,2,0,F,373.81120280053909255,772
1401208,38591831,1,0,F,244.60324894828099218,3501
1401208,38591831,2,0,F,244.60324894828099218,3501
1401209,38590552,1,0,F,240.85634381178141439,12067
1401209,38590552,2,0,F,240.85634381178141439,12067
1401209,38590563,1,0,F,154.85945953696014499,3426
1401209,38590563,2,0,F,154.85945953696014499,3426
1401209,38590576,1,0,F,206.06704835172391199,6312
1401209,38590576,2,0,F,206.06704835172391199,6312
1401209,38590580,1,0,F,199.93562360130337652,5770
1401209,38590580,2,0,F,199.93562360130337652,5770
1401209,38590582,1,0,F,156.55450292705288007,10514
1401209,38590582,2,0,F,156.55450292705288007,10514
1401209,41008093,1,0,F,534.66314127336443107,11048
1401209,41008093,2,0,F,534.66314127336443107,11048
1401210,38590553,1,0,F,254.37649734317662364,4614
1401210,38590553,2,0,F,254.37649734317662364,4614
1401210,38590557,1,0,F,266.70161845296905767,20311
1401210,38590557,2,0,F,266.70161845296905767,20311
1401210,38590579,1,0,F,100.88994954719579766,1502
1401210,38590579,2,0,F,100.88994954719579766,1502
1401210,41008021,1,0,F,370.55427630839579933,39848
1401210,41008021,2,0,F,370.55427630839579933,39848
1401210,41008093,1,0,F,358.78140556933186645,16994
1401210,41008093,2,0,F,358.78140556933186645,16994
1401211,38590551,1,0,F,128.19988647697852002,3712
1401211,38590551,2,0,F,128.19988647697852002,3712
1401211,38590555,1,0,F,189.93021777377265380,5724
1401211,38590555,2,0,F,189.93021777377265380,5724
1401211,38590570,1,0,F,289.33623189344240245,11536
1401211,38590570,2,0,F,289.33623189344240245,11536
1401211,38590574,1,0,F,294.09391311180127104,5787
1401211,38590574,2,0,F,294.09391311180127104,5787
1401211,41008093,1,0,F,288.27785880204226032,9423
1401211,41008093,2,0,F,288.27785880204226032,9423
1401212,38588319,1,0,F,273.59561230937674736,9153
1401212,38588319,2,0,F,273.59561230937674736,9153
1401212,38590508,1,0,F,317.10149394442822768,6143
1401212,38590508,2,0,F,317.10149394442822768,6143
1401212,41008086,1,0,F,548.52839754440299203,5433
1401212,41008086,2,0,F,548.52839754440299203,5433
1401213,38590901,1,0,F,257.40949173516094106,3159
1401213,38590901,2,0,F,257.40949173516094106,3159
1401213,38590902,1,0,F,350.35475841913137174,3050
1401213,38590902,2,0,F,350.35475841913137174,3050
1401213,38590903,1,0,F,405.80137384998982952,4661
1401213,38590903,2,0,F,405.80137384998982952,4661
1401213,38594338,1,0,F,247.34260233528303274,3698
1401213,38594338,2,0,F,247.34260233528303274,3698
1401214,38591825,1,0,F,237.79835666644373759,5189
1401214,38591825,2,0,F,237.79835666644373759,5189
1401215,38590606,1,0,F,233.83654539627113422,4983
1401215,38590606,2,0,F,233.83654539627113422,4983
1401215,38590607,1,0,F,207.87511673184300776,1315
1401215,38590607,2,0,F,207.87511673184300776,1315
1401215,38590610,1,0,F,336.67688331836370708,4653
1401215,38590610,2,0,F,336.67688331836370708,4653
1401215,38590611,1,0,F,321.99888258919389727,3799
1401215,38590611,2,0,F,321.99888258919389727,3799
1401215,38590612,1,0,F,251.98143147241913198,6476
1401215,38590612,2,0,F,251.98143147241913198,6476
1401215,38590751,1,0,F,205.10149864041611067,4639
1401215,38590751,2,0,F,205.10149864041611067,4639
1401216,38590505,1,0,F,287.28428317757851573,7502
1401216,38590505,2,0,F,287.28428317757851573,7502
1401216,38591828,1,0,F,267.75874020361800376,4103
1401216,38591828,2,0,F,267.75874020361800376,4103
1401217,38590487,1,0,F,213.45863170626040528,1218
1401217,38590487,2,0,F,213.45863170626040528,1218
1401217,38590488,1,0,F,195.29424801978950654,3447
1401217,38590488,2,0,F,195.29424801978950654,3447
1401219,38590713,1,0,F,256.02202454422166511,1256
1401219,38590713,2,0,F,256.02202454422166511,1256
1401219,38590714,1,0,F,229.96052545171971815,3094
1401219,38590714,2,0,F,229.96052545171971815,3094
1401219,38590785,1,0,F,186.96107118270114711,3402
1401219,38590785,2,0,F,186.96107118270114711,3402
1401220,38576127,1,0,F,241.22568065899034195,5958
1401220,38576127,2,0,F,241.22568065899034195,5958
1401220,41008166,1,0,F,465.54819235696322721,8149
1401220,41008166,2,0,F,465.54819235696322721,8149
1401221,38503154,1,0,F,197.98537368196517150,7855
1401221,38503154,2,0,F,197.98537368196517150,7855
1401221,38576128,1,0,F,161.77748026592018959,10867
1401221,38576128,2,0,F,161.77748026592018959,10867
1401221,38576139,1,0,F,305.13662601221346904,6264
1401221,38576139,2,0,F,305.13662601221346904,6264
1401221,38588096,1,0,F,337.00000000000000000,100
1401221,38588096,2,0,F,337.00000000000000000,100
1401221,38589106,1,0,F,251.08048848133302045,5288
1401221,38589106,2,0,F,251.08048848133302045,5288
1401221,38590565,1,0,F,445.41870607732585086,567
1401221,38590565,2,0,F,445.41870607732585086,567
1401221,41008166,1,0,F,379.26318642848644913,1891
1401221,41008166,2,0,F,379.26318642848644913,1891
1401222,38503350,1,0,F,181.95569050726385285,3115
1401222,38503350,2,0,F,181.95569050726385285,3115
1401223,38503150,1,0,F,249.40732898882572499,3750
1401223,38503150,2,0,F,249.40732898882572499,3750
1401223,38503156,1,0,F,210.46042309074636023,5106
1401223,38503156,2,0,F,210.46042309074636023,5106
1401223,38576129,1,0,F,267.66073303339402401,4365
1401223,38576129,2,0,F,267.66073303339402401,4365
1401223,38576130,1,0,F,233.07352345106946245,6072
1401223,38576130,2,0,F,233.07352345106946245,6072
1401223,38576132,1,0,F,173.78889174025985653,2868
1401223,38576132,2,0,F,173.78889174025985653,2868
1401223,38576140,1,0,F,230.21524294376007447,4082
1401223,38576140,2,0,F,230.21524294376007447,4082
1401223,38588097,1,0,F,292.84845415296996407,6078
1401223,38588097,2,0,F,292.84845415296996407,6078
1401223,38590851,1,0,F,341.33034721257212141,3375
1401223,38590851,2,0,F,341.33034721257212141,3375
1401224,38503157,1,0,F,308.94158612241028550,5374
1401224,38503157,2,0,F,308.94158612241028550,5374
1401225,38590636,1,0,F,366.58350505002937325,4296
1401225,38590636,2,0,F,366.58350505002937325,4296
1401225,38590638,1,0,F,331.47649705166139711,4358
1401225,38590638,2,0,F,331.47649705166139711,4358
1401225,38590639,1,0,F,274.25625261871641669,8031
1401225,38590639,2,0,F,274.25625261871641669,8031
1401225,38590721,1,0,F,240.08168241836619927,4419
1401225,38590721,2,0,F,240.08168241836619927,4419
1401226,41008205,1,0,F,323.28367233189464969,2522
1401226,41008205,2,0,F,323.28367233189464969,2522
1401226,41008215,1,0,F,262.84938161962361391,4922
1401226,41008215,2,0,F,262.84938161962361391,4922
1401226,41008223,1,0,F,296.19214310841965698,2320
1401226,41008223,2,0,F,296.19214310841965698,2320
1401227,41008244,1,0,F,280.72978155222392616,7592
1401227,41008244,2,0,F,280.72978155222392616,7592
1401228,38590721,1,0,F,345.33381547772432896,5616
1401228,38590721,2,0,F,345.33381547772432896,5616
1401228,41008208,1,0,F,396.03909802220545089,5560
1401228,41008208,2,0,F,396.03909802220545089,5560
1401229,38503254,1,0,F,302.72163753032680233,7260
1401229,38503254,2,0,F,302.72163753032680233,7260
1401229,38580874,1,0,F,263.24019981629180620,2262
1401229,38580874,2,0,F,263.24019981629180620,2262
1401229,38581544,1,0,F,303.91565367882287774,7096
1401229,38581544,2,0,F,303.91565367882287774,7096
1401229,38587680,1,0,F,171.26322790357701820,8263
1401229,38587680,2,0,F,171.26322790357701820,8263
1401229,38587859,1,0,F,235.93618993379720905,5415
1401229,38587859,2,0,F,235.93618993379720905,5415
1401229,41008255,1,0,F,318.53738035680044050,18112
1401229,41008255,2,0,F,318.53738035680044050,18112
1401231,38503189,1,0,F,128.41633407536437517,1962
1401231,38503189,2,0,F,128.41633407536437517,1962
1401231,38503254,1,0,F,226.54258325231731419,5063
1401231,38503254,2,0,F,226.54258325231731419,5063
1401231,38503785,1,0,F,184.87868901551323120,8046
1401231,38503785,2,0,F,184.87868901551323120,8046
1401231,38575958,1,0,F,203.32197453376281260,2468
1401231,38575958,2,0,F,203.32197453376281260,2468
1401231,38575978,1,0,F,252.35288538939397540,4095
1401231,38575978,2,0,F,252.35288538939397540,4095
1401231,38575979,1,0,F,348.11377578316398740,4986
1401231,38575979,2,0,F,348.11377578316398740,4986
1401231,38580879,1,0,F,237.95083089262251974,6149
1401231,38580879,2,0,F,237.95083089262251974,6149
1401231,38581539,1,0,F,292.93853116640514145,3559
1401231,38581539,2,0,F,292.93853116640514145,3559
1401231,38581542,1,0,F,251.11837083252419234,5444
1401231,38581542,2,0,F,251.11837083252419234,5444
1401231,41008255,1,0,F,535.67348200817218640,7526
1401231,41008255,2,0,F,535.67348200817218640,7526
1401232,38503872,1,0,F,284.28144921991025740,5769
1401232,38503872,2,0,F,284.28144921991025740,5769
1401232,38573504,1,0,F,384.16531080482786820,6141
1401232,38573504,2,0,F,384.16531080482786820,6141
1401232,38588052,1,0,F,200.35198059091808886,3951
1401232,38588052,2,0,F,200.35198059091808886,3951
1401232,38588054,1,0,F,218.72908545337227793,5028
1401232,38588054,2,0,F,218.72908545337227793,5028
1401232,38588056,1,0,F,194.49474414317299420,5643
1401232,38588056,2,0,F,194.49474414317299420,5643
1401232,38588058,1,0,F,185.16062750487651556,10836
1401232,38588058,2,0,F,185.16062750487651556,10836
1401232,41008255,1,0,F,326.10446213351923461,15736
1401232,41008255,2,0,F,326.10446213351923461,15736
1401233,38573505,1,0,F,291.14650786145313077,4416
1401233,38573505,2,0,F,291.14650786145313077,4416
1401235,38503188,1,0,F,248.72510439341121469,7057
1401235,38503188,2,0,F,248.72510439341121469,7057
1401235,38588532,1,0,F,268.04373977945442675,6698
1401235,38588532,2,0,F,268.04373977945442675,6698
1401236,38576149,1,0,F,251.90488154106876095,1012
1401236,38576149,2,0,F,251.90488154106876095,1012
1401237,41008138,1,0,F,452.30125815127172473,9806
1401237,41008138,2,0,F,452.30125815127172473,9806
1401238,38506896,1,0,F,313.46505002691196751,5958
1401238,38506896,2,0,F,313.46505002691196751,5958
1401238,38573676,1,0,F,377.39824997392054229,3793
1401238,38573676,2,0,F,377.39824997392054229,3793
1401239,38573680,1,0,F,154.07197559162105449,1381
1401239,38573680,2,0,F,154.07197559162105449,1381
1401242,38506960,1,0,F,292.30443089655744870,5575
1401242,38506960,2,0,F,292.30443089655744870,5575
1401243,38573675,1,0,F,242.37832986374002076,10800
1401243,38573675,2,0,F,242.37832986374002076,10800
1401243,41008190,1,0,F,387.83714935185167860,21072
1401243,41008190,2,0,F,387.83714935185167860,21072
1401244,38573673,1,0,F,360.32046765572209779,5366
1401244,38573673,2,0,F,360.32046765572209779,5366
1401244,38573674,1,0,F,201.87860479889192789,4536
1401244,38573674,2,0,F,201.87860479889192789,4536
1401244,38590970,1,0,F,351.13687005732549551,7707
1401244,38590970,2,0,F,351.13687005732549551,7707
1401244,38590978,1,0,F,297.98537208130721865,5568
1401244,38590978,2,0,F,297.98537208130721865,5568
1401244,38590992,1,0,F,442.03532078303277331,4040
1401244,38590992,2,0,F,442.03532078303277331,4040
1401244,38591013,1,0,F,140.22720926028841859,11343
1401244,38591013,2,0,F,140.22720926028841859,11343
1401245,38506961,1,0,F,252.21089073365209288,7860
1401245,38506961,2,0,F,252.21089073365209288,7860
1401245,38590940,1,0,F,262.22816766228061169,6639
1401245,38590940,2,0,F,262.22816766228061169,6639
1401245,38590973,1,0,F,273.99928961955276918,4656
1401245,38590973,2,0,F,273.99928961955276918,4656
1401245,38590989,1,0,F,266.12565618846065263,9988
1401245,38590989,2,0,F,266.12565618846065263,9988
1401245,41008237,1,0,F,313.98964848348936130,30572
1401245,41008237,2,0,F,313.98964848348936130,30572
1401246,38573673,1,0,F,245.65798678088847851,6330
1401246,38573673,2,0,F,245.65798678088847851,6330
1401246,38573692,1,0,F,230.77321626602892479,7116
1401246,38573692,2,0,F,230.77321626602892479,7116
1401246,38573693,1,0,F,313.14632359184497545,3966
1401246,38573693,2,0,F,313.14632359184497545,3966
1401246,38573694,1,0,F,148.63683524026839677,3340
1401246,38573694,2,0,F,148.63683524026839677,3340
1401246,38590959,1,0,F,248.79096449182040374,5447
1401246,38590959,2,0,F,248.79096449182040374,5447
1401246,38593247,1,0,F,273.62655912392057189,5559
1401246,38593247,2,0,F,273.62655912392057189,5559
1401247,38576180,1,0,F,228.91387266952466462,16315
1401247,38576180,2,0,F,228.91387266952466462,16315
1401247,38576181,1,0,F,119.25534692168811546,10359
1401247,38576181,2,0,F,119.25534692168811546,10359
1401247,38580430,1,0,F,167.97790625201110970,7491
1401247,38580430,2,0,F,167.97790625201110970,7491
1401247,38590929,1,0,F,196.50759938615476585,7782
1401247,38590929,2,0,F,196.50759938615476585,7782
1401247,38590945,1,0,F,247.45298720675620530,11733
1401247,38590945,2,0,F,247.45298720675620530,11733
1401247,38590965,1,0,F,217.61773677858067799,10695
1401247,38590965,2,0,F,217.61773677858067799,10695
1401247,38594298,1,0,F,130.84359575978791668,8301
1401247,38594298,2,0,F,130.84359575978791668,8301
1401248,38506899,1,0,F,184.76244498230974500,23988
1401248,38506899,2,0,F,184.76244498230974500,23988
1401248,38573656,1,0,F,147.10850251176694314,4200
1401248,38573656,2,0,F,147.10850251176694314,4200
1401248,38573671,1,0,F,239.53301002883691240,6462
1401248,38573671,2,0,F,239.53301002883691240,6462
1401248,38573691,1,0,F,208.00000000000005684,8106
1401248,38573691,2,0,F,208.00000000000005684,8106
1401248,38580458,1,0,F,174.51160440620455461,8283
1401248,38580458,2,0,F,174.51160440620455461,8283
1401248,38580521,1,0,F,196.68550177099268694,9210
1401248,38580521,2,0,F,196.68550177099268694,9210
1401248,38590923,1,0,F,162.10017243290667466,8136
1401248,38590923,2,0,F,162.10017243290667466,8136
1401248,38590930,1,0,F,258.91356758812679573,12516
1401248,38590930,2,0,F,258.91356758812679573,12516
1401248,38590972,1,0,F,225.77986517651177678,6726
1401248,38590972,2,0,F,225.77986517651177678,6726
1401248,38590982,1,0,F,217.45586369062860399,3786
1401248,38590982,2,0,F,217.45586369062860399,3786
1401248,38590984,1,0,F,234.06545735016601384,5556
1401248,38590984,2,0,F,234.06545735016601384,5556
1401248,38594298,1,0,F,180.50473082730084684,9417
1401248,38594298,2,0,F,180.50473082730084684,9417
1401249,38573657,1,0,F,243.23608786764052070,17007
1401249,38573657,2,0,F,243.23608786764052070,17007
1401249,38573658,1,0,F,252.79284141888069826,10560
1401249,38573658,2,0,F,252.79284141888069826,10560
1401249,38580461,1,0,F,233.33638490182306668,9381
1401249,38580461,2,0,F,233.33638490182306668,9381
1401249,38590951,1,0,F,216.36012669106764861,6894
1401249,38590951,2,0,F,216.36012669106764861,6894
1401249,38591012,1,0,F,351.76773605144745716,3849
1401249,38591012,2,0,F,351.76773605144745716,3849
1401250,38590950,1,0,F,211.47622125114529013,7024
1401250,38590950,2,0,F,211.47622125114529013,7024
1401250,38590955,1,0,F,203.75214054179429013,7318
1401250,38590955,2,0,F,203.75214054179429013,7318
1401250,38590961,1,0,F,223.88731357028285629,6764
1401250,38590961,2,0,F,223.88731357028285629,6764
1401250,38591000,1,0,F,284.01444311396249987,6308
1401250,38591000,2,0,F,284.01444311396249987,6308
1401250,38591021,1,0,F,283.90322153007463157,7386
1401250,38591021,2,0,F,283.90322153007463157,7386
1401250,41008311,1,0,F,349.13499067270385012,8816
1401250,41008311,2,0,F,349.13499067270385012,8816
1401250,41008313,1,0,F,278.88935227658743088,10508
1401250,41008313,2,0,F,278.88935227658743088,10508
1401251,41008292,1,0,F,224.18228479340939430,450
1401251,41008292,2,0,F,224.18228479340939430,450
1401251,41008313,1,0,F,358.44375140324081030,9337
1401251,41008313,2,0,F,358.44375140324081030,9337
1401252,41008315,1,0,F,271.58075584916116441,1844
1401252,41008315,2,0,F,271.58075584916116441,1844
1401253,38580459,1,0,F,208.66349658339689199,15704
1401253,38580459,2,0,F,208.66349658339689199,15704
1401253,38590997,1,0,F,319.91038124917906771,3558
1401253,38590997,2,0,F,319.91038124917906771,3558
1401253,41008329,1,0,F,477.08198138255926324,23015
1401253,41008329,2,0,F,477.08198138255926324,23015
1401254,38573659,1,0,F,346.75766816074792587,2813
1401254,38573659,2,0,F,346.75766816074792587,2813
1401254,38573660,1,0,F,221.99137478980838978,5437
1401254,38573660,2,0,F,221.99137478980838978,5437
1401254,38590947,1,0,F,314.77124541442651662,3039
1401254,38590947,2,0,F,314.77124541442651662,3039
1401254,38591003,1,0,F,259.99568935598171038,10902
1401254,38591003,2,0,F,259.99568935598171038,10902
1401254,38591017,1,0,F,181.66947892775576179,3460
1401254,38591017,2,0,F,181.66947892775576179,3460
1401255,38580263,1,0,F,233.94800028910040623,10777
1401255,38580263,2,0,F,233.94800028910040623,10777
1401255,38590948,1,0,F,191.81574120153729268,13629
1401255,38590948,2,0,F,191.81574120153729268,13629
1401255,38590964,1,0,F,280.74031376671217686,10458
1401255,38590964,2,0,F,280.74031376671217686,10458
1401255,38591006,1,0,F,178.48914841411763632,15276
1401255,38591006,2,0,F,178.48914841411763632,15276
1401255,38591010,1,0,F,1.00000000000000000,100
1401255,38591010,2,0,F,1.00000000000000000,100
1401255,41008311,1,0,F,393.43597843820992921,11648
1401255,41008311,2,0,F,393.43597843820992921,11648
1401255,41008334,1,0,F,531.32888254959993901,14942
1401255,41008334,2,0,F,531.32888254959993901,14942
1401256,38573662,1,0,F,234.45872533162170726,1269
1401256,38573662,2,0,F,234.45872533162170726,1269
1401256,38573664,1,0,F,258.42791492281588717,2066
1401256,38573664,2,0,F,258.42791492281588717,2066
1401257,38503705,1,0,F,301.22357971969620394,2142
1401257,38503705,2,0,F,301.22357971969620394,2142
1401257,38573697,1,0,F,282.25518492567056228,2207
1401257,38573697,2,0,F,282.25518492567056228,2207
1401257,41008214,1,0,F,326.61587594363010112,1301
1401257,41008214,2,0,F,326.61587594363010112,1301
1401258,38506691,1,0,F,272.27847818677281566,3650
1401258,38506691,2,0,F,272.27847818677281566,3650
1401259,38582180,1,0,F,230.75523512999208720,4241
1401259,38582180,2,0,F,230.75523512999208720,4241
1401259,38583591,1,0,F,320.52253776501981974,3315
1401259,38583591,2,0,F,320.52253776501981974,3315
1401259,41008283,1,0,F,346.17437933165621189,12960
1401259,41008283,2,0,F,346.17437933165621189,12960
1401261,38573698,1,0,F,324.44949380959894825,2176
1401261,38573698,2,0,F,324.44949380959894825,2176
1401263,38587551,1,0,F,102.34008034442028645,2743
1401263,38587551,2,0,F,102.34008034442028645,2743
1401264,38576302,1,0,F,8.03309738840900422,801
1401264,38576302,2,0,F,8.03309738840900422,801
1401265,38573310,1,0,F,243.28655188443761404,5913
1401265,38573310,2,0,F,243.28655188443761404,5913
1401266,38506748,1,0,F,195.83882680166203727,1020
1401266,38506748,2,0,F,195.83882680166203727,1020
1401267,38576230,1,0,F,231.87184120724569425,3969
1401267,38576230,2,0,F,231.87184120724569425,3969
1401267,38576231,1,0,F,244.77531396568372202,4810
1401267,38576231,2,0,F,244.77531396568372202,4810
1401267,38576232,1,0,F,298.53008076475992993,5460
1401267,38576232,2,0,F,298.53008076475992993,5460
1401267,41008347,1,0,F,359.93790355809915127,6018
1401267,41008347,2,0,F,359.93790355809915127,6018
1401270,38587005,1,0,F,403.32524009567430312,923
1401270,38587005,2,0,F,403.32524009567430312,923
1401271,38573538,1,0,F,289.62341671017571798,3142
1401271,38573538,2,0,F,289.62341671017571798,3142
1401271,41008342,1,0,F,505.83084134488098016,2447
1401271,41008342,2,0,F,505.83084134488098016,2447
1401271,41008374,1,0,F,326.17892272125038744,2113
1401271,41008374,2,0,F,326.17892272125038744,2113
1401272,41008405,1,0,F,331.53228675411497761,1882
1401272,41008405,2,0,F,331.53228675411497761,1882
1401273,38580257,1,0,F,176.08368663490253425,3727
1401273,38580257,2,0,F,176.08368663490253425,3727
1401273,41008369,1,0,F,348.95948036352416466,7974
1401273,41008369,2,0,F,348.95948036352416466,7974
1401274,38580761,1,0,F,276.01021354749457259,1393
1401274,38580761,2,0,F,276.01021354749457259,1393
1401275,38573667,1,0,F,331.90240238842494591,1658
1401275,38573667,2,0,F,331.90240238842494591,1658
1401276,38581611,1,0,F,322.35655525845606917,13917
1401276,38581611,2,0,F,322.35655525845606917,13917
1401276,38581613,1,0,F,353.68134137635786374,2584
1401276,38581613,2,0,F,353.68134137635786374,2584
1401276,38582612,1,0,F,1107.33970987985230749,1
1401276,38582612,2,0,F,1107.33970987985230749,1
1401277,38506865,1,0,F,165.21226397521047602,1003
1401277,38506865,2,0,F,165.21226397521047602,1003
1401278,38573518,1,0,F,413.28480086673425831,3745
1401278,38573518,2,0,F,413.28480086673425831,3745
1401278,38573521,1,0,F,127.49158319239575121,1501
1401278,38573521,2,0,F,127.49158319239575121,1501
1401278,38573644,1,0,F,134.98288313096182378,701
1401278,38573644,2,0,F,134.98288313096182378,701
1401278,41008435,1,0,F,374.10929158776701797,8061
1401278,41008435,2,0,F,374.10929158776701797,8061
1401279,8517376,1,0,F,576.61029750475802302,18074
1401279,8517376,2,0,F,576.61029750475802302,18074
1401279,38590222,1,0,F,366.94953032194115394,9049
1401279,38590222,2,0,F,366.94953032194115394,9049
1401279,38590515,1,0,F,259.62292736049704445,18303
1401279,38590515,2,0,F,259.62292736049704445,18303
1401279,38590516,1,0,F,148.68433444655670428,6368
1401279,38590516,2,0,F,148.68433444655670428,6368
1401279,38590531,1,0,F,181.24496639807364318,3497
1401279,38590531,2,0,F,181.24496639807364318,3497
1401279,38590536,1,0,F,216.95639293706895501,4737
1401279,38590536,2,0,F,216.95639293706895501,4737
1401280,38590220,1,0,F,262.59431805727285791,4374
1401280,38590220,2,0,F,262.59431805727285791,4374
1401281,8517376,1,0,F,305.04734442139351813,18970
1401281,8517376,2,0,F,305.04734442139351813,18970
1401281,38590222,1,0,F,334.07904821683632690,8849
1401281,38590222,2,0,F,334.07904821683632690,8849
1401281,38590514,1,0,F,148.63660997513497364,9003
1401281,38590514,2,0,F,148.63660997513497364,9003
1401281,38590525,1,0,F,212.88077495417959994,5404
1401281,38590525,2,0,F,212.88077495417959994,5404
1401281,38595511,1,0,F,154.21639764616648449,11166
1401281,38595511,2,0,F,154.21639764616648449,11166
1401282,8517376,1,0,F,226.05944525663315403,9144
1401282,8517376,2,0,F,226.05944525663315403,9144
1401282,38590512,1,0,F,204.52439606821101847,13352
1401282,38590512,2,0,F,204.52439606821101847,13352
1401282,38590526,1,0,F,140.34921676522003509,6008
1401282,38590526,2,0,F,140.34921676522003509,6008
1401282,41007130,1,0,F,237.02014309827731608,3034
1401282,41007130,2,0,F,237.02014309827731608,3034
1401282,41007163,1,0,F,613.94040591344162294,3874
1401282,41007163,2,0,F,613.94040591344162294,3874
1401283,38590738,1,0,F,340.96839626441328619,7349
1401283,38590738,2,0,F,340.96839626441328619,7349
1401284,38590602,1,0,F,253.26846965701977865,4186
1401284,38590602,2,0,F,253.26846965701977865,4186
1401285,38590614,1,0,F,269.16260398018158639,12419
1401285,38590614,2,0,F,269.16260398018158639,12419
1401285,38590616,1,0,F,283.75218813624962877,2551
1401285,38590616,2,0,F,283.75218813624962877,2551
1401286,38591829,1,0,F,340.73880307188971983,5800
1401286,38591829,2,0,F,340.73880307188971983,5800
1401287,38590911,1,0,F,249.96707512238444338,6505
1401287,38590911,2,0,F,249.96707512238444338,6505
1401287,38590913,1,0,F,293.48984466789090675,3704
1401287,38590913,2,0,F,293.48984466789090675,3704
1401288,38590837,1,0,F,297.62601139045750642,5776
1401288,38590837,2,0,F,297.62601139045750642,5776
1401288,38590840,1,0,F,228.42731153576661995,14086
1401288,38590840,2,0,F,228.42731153576661995,14086
1401288,38590841,1,0,F,232.72015795013362549,6286
1401288,38590841,2,0,F,232.72015795013362549,6286
1401288,38590843,1,0,F,218.62879694069371794,7490
1401288,38590843,2,0,F,218.62879694069371794,7490
1401288,38590844,1,0,F,285.55328788667162598,6651
1401288,38590844,2,0,F,285.55328788667162598,6651
1401288,38590848,1,0,F,144.39150471402081166,8727
1401288,38590848,2,0,F,144.39150471402081166,8727
1401288,38590849,1,0,F,263.06114200087552035,6886
1401288,38590849,2,0,F,263.06114200087552035,6886
1401288,41007171,1,0,F,315.83870595817745652,7164
1401288,41007171,2,0,F,315.83870595817745652,7164
1401291,38503579,1,0,F,340.16563390490182428,5602
1401291,38503579,2,0,F,340.16563390490182428,5602
1401291,38573719,1,0,F,317.89052242980278606,7305
1401291,38573719,2,0,F,317.89052242980278606,7305
1401291,38582752,1,0,F,183.20165761786722669,4695
1401291,38582752,2,0,F,183.20165761786722669,4695
1401291,41007181,1,0,F,486.72612940799865555,5868
1401291,41007181,2,0,F,486.72612940799865555,5868
1401293,38503578,1,0,F,252.23520004606402267,5328
1401293,38503578,2,0,F,252.23520004606402267,5328
1401294,38502876,1,0,F,231.88003933819899771,1635
1401294,38502876,2,0,F,231.88003933819899771,1635
1401295,38590832,1,0,F,289.13550482981275991,4350
1401295,38590832,2,0,F,289.13550482981275991,4350
1401295,38591833,1,0,F,195.96890019749497469,4305
1401295,38591833,2,0,F,195.96890019749497469,4305
1401295,38594732,1,0,F,283.21244334541256649,4149
1401295,38594732,2,0,F,283.21244334541256649,4149
1401297,38590788,1,0,F,185.46994608040847652,7605
1401297,38590788,2,0,F,185.46994608040847652,7605
1401297,38590791,1,0,F,238.48932657988490291,4611
1401297,38590791,2,0,F,238.48932657988490291,4611
1401297,38590794,1,0,F,212.91481134064642333,7332
1401297,38590794,2,0,F,212.91481134064642333,7332
1401297,38590796,1,0,F,275.65035893050497862,6589
1401297,38590796,2,0,F,275.65035893050497862,6589
1401297,38590797,1,0,F,180.37449358535505439,5184
1401297,38590797,2,0,F,180.37449358535505439,5184
1401297,38590800,1,0,F,254.87989106997571298,15308
1401297,38590800,2,0,F,254.87989106997571298,15308
1401297,41007190,1,0,F,409.71232557788283657,7484
1401297,41007190,2,0,F,409.71232557788283657,7484
1401298,38590786,1,0,F,247.15618718218939875,18660
1401298,38590786,2,0,F,247.15618718218939875,18660
1401298,38590790,1,0,F,277.32118155038659779,2740
1401298,38590790,2,0,F,277.32118155038659779,2740
1401298,38590791,1,0,F,253.42820422503348254,6091
1401298,38590791,2,0,F,253.42820422503348254,6091
1401298,38590792,1,0,F,385.79012598808344592,9544
1401298,38590792,2,0,F,385.79012598808344592,9544
1401298,38590793,1,0,F,253.79810702412319756,5731
1401298,38590793,2,0,F,253.79810702412319756,5731
1401298,38590795,1,0,F,225.76660371573194652,8158
1401298,38590795,2,0,F,225.76660371573194652,8158
1401298,38590797,1,0,F,411.00329758286881088,3087
1401298,38590797,2,0,F,411.00329758286881088,3087
1401298,38590805,1,0,F,156.08694486346939811,6813
1401298,38590805,2,0,F,156.08694486346939811,6813
1401298,41007190,1,0,F,424.69043202541149640,20359
1401298,41007190,2,0,F,424.69043202541149640,20359
1401299,38503699,1,0,F,195.66488795491528663,8004
1401299,38503699,2,0,F,195.66488795491528663,8004
1401299,38574658,1,0,F,347.02267737104432399,5491
1401299,38574658,2,0,F,347.02267737104432399,5491
1401299,38574739,1,0,F,275.85649670910584064,6813
1401299,38574739,2,0,F,275.85649670910584064,6813
1401300,38590725,1,0,F,202.53877626556788982,3762
1401300,38590725,2,0,F,202.53877626556788982,3762
1401300,38590727,1,0,F,202.45311868014579204,3800
1401300,38590727,2,0,F,202.45311868014579204,3800
1401300,38590728,1,0,F,319.51946999209025080,10023
1401300,38590728,2,0,F,319.51946999209025080,10023
1401301,38591260,1,0,F,211.63003872020689755,7239
1401301,38591260,2,0,F,211.63003872020689755,7239
1401301,38591284,1,0,F,235.13366502031146865,11268
1401301,38591284,2,0,F,235.13366502031146865,11268
1401301,38591333,1,0,F,236.18198100956988128,5139
1401301,38591333,2,0,F,236.18198100956988128,5139
1401302,38503610,1,0,F,234.46066068235694502,7628
1401302,38503610,2,0,F,234.46066068235694502,7628
1401302,38591036,1,0,F,181.51867539045863964,5892
1401302,38591036,2,0,F,181.51867539045863964,5892
1401302,38591214,1,0,F,242.07505101931928948,9088
1401302,38591214,2,0,F,242.07505101931928948,9088
1401302,38591243,1,0,F,256.59837709651873183,11302
1401302,38591243,2,0,F,256.59837709651873183,11302
1401302,38591344,1,0,F,250.87960161845569473,13980
1401302,38591344,2,0,F,250.87960161845569473,13980
1401302,38591408,1,0,F,271.94298639174002119,7428
1401302,38591408,2,0,F,271.94298639174002119,7428
1401303,38576241,1,0,F,265.90531822211494273,7875
1401303,38576241,2,0,F,265.90531822211494273,7875
1401303,38591136,1,0,F,164.98366399359079537,7650
1401303,38591136,2,0,F,164.98366399359079537,7650
1401303,38591155,1,0,F,214.35194714884232781,7811
1401303,38591155,2,0,F,214.35194714884232781,7811
1401303,38591197,1,0,F,190.71025205786673951,8658
1401303,38591197,2,0,F,190.71025205786673951,8658
1401304,38591056,1,0,F,128.59762032668481879,8403
1401304,38591056,2,0,F,128.59762032668481879,8403
1401304,38591057,1,0,F,133.88785617609559608,29919
1401304,38591057,2,0,F,133.88785617609559608,29919
1401304,38591068,1,0,F,204.90806249568024100,4623
1401304,38591068,2,0,F,204.90806249568024100,4623
1401304,38591070,1,0,F,136.78655818980621461,8784
1401304,38591070,2,0,F,136.78655818980621461,8784
1401304,38591265,1,0,F,121.82139520399125843,14076
1401304,38591265,2,0,F,121.82139520399125843,14076
1401304,38591274,1,0,F,152.73220439344171950,8976
1401304,38591274,2,0,F,152.73220439344171950,8976
1401304,38591402,1,0,F,253.35913626230598084,12996
1401304,38591402,2,0,F,253.35913626230598084,12996
1401304,38591413,1,0,F,137.98423475522781700,11700
1401304,38591413,2,0,F,137.98423475522781700,11700
1401304,38591428,1,0,F,197.11328114276059864,4630
1401304,38591428,2,0,F,197.11328114276059864,4630
1401304,38591896,1,0,F,167.61864916583738250,5148
1401304,38591896,2,0,F,167.61864916583738250,5148
1401305,38591051,1,0,F,218.99136659027516316,13068
1401305,38591051,2,0,F,218.99136659027516316,13068
1401305,38591097,1,0,F,141.23866450748278112,9228
1401305,38591097,2,0,F,141.23866450748278112,9228
1401305,38591134,1,0,F,233.20305788692490978,9924
1401305,38591134,2,0,F,233.20305788692490978,9924
1401305,38591138,1,0,F,219.12680277875580259,12430
1401305,38591138,2,0,F,219.12680277875580259,12430
1401305,38591222,1,0,F,212.98664688693719427,10938
1401305,38591222,2,0,F,212.98664688693719427,10938
1401305,38591252,1,0,F,66.00000000000000000,100
1401305,38591252,2,0,F,66.00000000000000000,100
1401305,38591254,1,0,F,184.63432757015195307,28674
1401305,38591254,2,0,F,184.63432757015195307,28674
1401305,38591258,1,0,F,266.06559484566719220,8166
1401305,38591258,2,0,F,266.06559484566719220,8166
1401305,38591361,1,0,F,186.76972852776856371,6666
1401305,38591361,2,0,F,186.76972852776856371,6666
1401305,38591372,1,0,F,253.42939066914993873,7716
1401305,38591372,2,0,F,253.42939066914993873,7716
1401306,38591035,1,0,F,242.98862011712748199,13200
1401306,38591035,2,0,F,242.98862011712748199,13200
1401306,38591037,1,0,F,283.95142183012421810,10610
1401306,38591037,2,0,F,283.95142183012421810,10610
1401306,38591134,1,0,F,244.59352718300988272,19815
1401306,38591134,2,0,F,244.59352718300988272,19815
1401306,38591363,1,0,F,107.03464220102219429,29367
1401306,38591363,2,0,F,107.03464220102219429,29367
1401307,38591149,1,0,F,212.94388300956455851,7252
1401307,38591149,2,0,F,212.94388300956455851,7252
1401307,38591150,1,0,F,293.40771962715109566,6488
1401307,38591150,2,0,F,293.40771962715109566,6488
1401307,38591182,1,0,F,215.03144832167512845,10516
1401307,38591182,2,0,F,215.03144832167512845,10516
1401307,38591209,1,0,F,185.67527347776820079,10936
1401307,38591209,2,0,F,185.67527347776820079,10936
1401307,38591245,1,0,F,167.68437246758040260,5080
1401307,38591245,2,0,F,167.68437246758040260,5080
1401307,38591401,1,0,F,86.00000000000000000,9676
1401307,38591401,2,0,F,86.00000000000000000,9676
1401307,41007349,1,0,F,313.88408609765912161,11516
1401307,41007349,2,0,F,313.88408609765912161,11516
1401308,38576240,1,0,F,210.01639773791100652,6480
1401308,38576240,2,0,F,210.01639773791100652,6480
1401308,38591039,1,0,F,201.38935204072785723,9105
1401308,38591039,2,0,F,201.38935204072785723,9105
1401308,38591043,1,0,F,167.10713213726123172,8202
1401308,38591043,2,0,F,167.10713213726123172,8202
1401308,38591122,1,0,F,165.00000000000000000,7494
1401308,38591122,2,0,F,165.00000000000000000,7494
1401308,38591143,1,0,F,244.01333442797874795,4986
1401308,38591143,2,0,F,244.01333442797874795,4986
1401308,38591223,1,0,F,193.57896255104228089,5319
1401308,38591223,2,0,F,193.57896255104228089,5319
1401308,38591371,1,0,F,204.33431619834567528,5325
1401308,38591371,2,0,F,204.33431619834567528,5325
1401308,38591423,1,0,F,188.85701995764077310,9165
1401308,38591423,2,0,F,188.85701995764077310,9165
1401309,38591038,1,0,F,130.66266746062783000,6675
1401309,38591038,2,0,F,130.66266746062783000,6675
1401309,38591075,1,0,F,168.53153337274736145,6066
1401309,38591075,2,0,F,168.53153337274736145,6066
1401309,38591170,1,0,F,241.93850726287848829,15739
1401309,38591170,2,0,F,241.93850726287848829,15739
1401309,38591203,1,0,F,229.52455633761661602,6813
1401309,38591203,2,0,F,229.52455633761661602,6813
1401309,38591252,1,0,F,242.76239654970601123,7662
1401309,38591252,2,0,F,242.76239654970601123,7662
1401309,38591390,1,0,F,204.29111609311240727,10933
1401309,38591390,2,0,F,204.29111609311240727,10933
1401310,38576263,1,0,F,194.58657809235140235,8826
1401310,38576263,2,0,F,194.58657809235140235,8826
1401310,38591046,1,0,F,138.72771007582011293,7512
1401310,38591046,2,0,F,138.72771007582011293,7512
1401310,38591054,1,0,F,426.03768812520553411,5683
1401310,38591054,2,0,F,426.03768812520553411,5683
1401310,38591090,1,0,F,210.78087302250619928,6292
1401310,38591090,2,0,F,210.78087302250619928,6292
1401310,38591118,1,0,F,212.66385678829138328,8904
1401310,38591118,2,0,F,212.66385678829138328,8904
1401310,38591350,1,0,F,133.73149931564267945,3770
1401310,38591350,2,0,F,133.73149931564267945,3770
1401311,38576262,1,0,F,285.22054114389425195,5850
1401311,38576262,2,0,F,285.22054114389425195,5850
1401311,38591041,1,0,F,150.53840445716855356,6855
1401311,38591041,2,0,F,150.53840445716855356,6855
1401311,38591108,1,0,F,243.27358170266586512,10209
1401311,38591108,2,0,F,243.27358170266586512,10209
1401311,38591200,1,0,F,250.56352794484908486,7576
1401311,38591200,2,0,F,250.56352794484908486,7576
1401311,38591206,1,0,F,337.26428537139469199,5277
1401311,38591206,2,0,F,337.26428537139469199,5277
1401311,38591338,1,0,F,224.39999563851409903,9876
1401311,38591338,2,0,F,224.39999563851409903,9876
1401311,38591346,1,0,F,210.80734422427775598,4749
1401311,38591346,2,0,F,210.80734422427775598,4749
1401312,38591038,1,0,F,284.89186900578010864,11583
1401312,38591038,2,0,F,284.89186900578010864,11583
1401312,38591169,1,0,F,276.41705142127142381,15930
1401312,38591169,2,0,F,276.41705142127142381,15930
1401312,38591177,1,0,F,204.47430642915105636,7044
1401312,38591177,2,0,F,204.47430642915105636,7044
1401312,38591186,1,0,F,166.91972312091735375,6768
1401312,38591186,2,0,F,166.91972312091735375,6768
1401312,38591252,1,0,F,231.32096045938055795,5532
1401312,38591252,2,0,F,231.32096045938055795,5532
1401312,38591448,1,0,F,144.26332577568072679,7419
1401312,38591448,2,0,F,144.26332577568072679,7419
1401313,38591154,1,0,F,221.42446431829796438,9467
1401313,38591154,2,0,F,221.42446431829796438,9467
1401313,38591210,1,0,F,243.30474267653258380,7400
1401313,38591210,2,0,F,243.30474267653258380,7400
1401313,38591370,1,0,F,206.63272480188734903,9627
1401313,38591370,2,0,F,206.63272480188734903,9627
1401313,41007489,1,0,F,176.37360765812042018,11250
1401313,41007489,2,0,F,176.37360765812042018,11250
1401314,38502572,1,0,F,207.58451078509094145,15819
1401314,38502572,2,0,F,207.58451078509094145,15819
1401314,38591190,1,0,F,273.17097243163561870,9136
1401314,38591190,2,0,F,273.17097243163561870,9136
1401314,38591269,1,0,F,265.27914117975825548,12380
1401314,38591269,2,0,F,265.27914117975825548,12380
1401314,41007385,1,0,F,320.44632455446765107,8680
1401314,41007385,2,0,F,320.44632455446765107,8680
1401315,38591083,1,0,F,139.96723478338100222,10820
1401315,38591083,2,0,F,139.96723478338100222,10820
1401315,38591245,1,0,F,288.19165296922483321,39964
1401315,38591245,2,0,F,288.19165296922483321,39964
1401315,38591269,1,0,F,158.74080900496696245,13830
1401315,38591269,2,0,F,158.74080900496696245,13830
1401315,38591308,1,0,F,123.65817544993818444,19120
1401315,38591308,2,0,F,123.65817544993818444,19120
1401315,38591329,1,0,F,206.00051752790975002,10404
1401315,38591329,2,0,F,206.00051752790975002,10404
1401315,38591366,1,0,F,158.05607789619676851,12284
1401315,38591366,2,0,F,158.05607789619676851,12284
1401315,41007460,1,0,F,392.16336372256620280,20424
1401315,41007460,2,0,F,392.16336372256620280,20424
1401316,38573710,1,0,F,230.97444467298146265,13624
1401316,38573710,2,0,F,230.97444467298146265,13624
1401316,38591075,1,0,F,219.56556456118246956,20070
1401316,38591075,2,0,F,219.56556456118246956,20070
1401316,38591341,1,0,F,157.59630696943224848,12643
1401316,38591341,2,0,F,157.59630696943224848,12643
1401316,38591447,1,0,F,226.89862461073619215,9888
1401316,38591447,2,0,F,226.89862461073619215,9888
1401317,38580522,1,0,F,235.33166937493191995,18252
1401317,38580522,2,0,F,235.33166937493191995,18252
1401317,38591060,1,0,F,199.72102941303108992,21805
1401317,38591060,2,0,F,199.72102941303108992,21805
1401317,38591074,1,0,F,199.97031075807581146,27513
1401317,38591074,2,0,F,199.97031075807581146,27513
1401317,38591110,1,0,F,302.36497424002453727,12669
1401317,38591110,2,0,F,302.36497424002453727,12669
1401317,38591131,1,0,F,233.64005931783268011,13179
1401317,38591131,2,0,F,233.64005931783268011,13179
1401317,38591135,1,0,F,103.94182267517352614,8829
1401317,38591135,2,0,F,103.94182267517352614,8829
1401317,38591257,1,0,F,288.18793813542123416,19441
1401317,38591257,2,0,F,288.18793813542123416,19441
1401317,38591282,1,0,F,173.10090482637798459,18636
1401317,38591282,2,0,F,173.10090482637798459,18636
1401317,38591306,1,0,F,206.62427483712485810,24300
1401317,38591306,2,0,F,206.62427483712485810,24300
1401317,38591322,1,0,F,201.67626811245665408,12618
1401317,38591322,2,0,F,201.67626811245665408,12618
1401317,38591374,1,0,F,307.03159660912160689,7719
1401317,38591374,2,0,F,307.03159660912160689,7719
1401317,38591391,1,0,F,163.80756854874513806,36420
1401317,38591391,2,0,F,163.80756854874513806,36420
1401318,38591066,1,0,F,197.63132173365309541,14430
1401318,38591066,2,0,F,197.63132173365309541,14430
1401318,38591302,1,0,F,209.23402976804877085,9567
1401318,38591302,2,0,F,209.23402976804877085,9567
1401318,38591417,1,0,F,178.94579375020521184,7401
1401318,38591417,2,0,F,178.94579375020521184,7401
1401318,38591425,1,0,F,238.06727401793961008,6807
1401318,38591425,2,0,F,238.06727401793961008,6807
1401318,38591437,1,0,F,229.62643992079645727,7389
1401318,38591437,2,0,F,229.62643992079645727,7389
1401319,38591079,1,0,F,121.34152457895483224,7980
1401319,38591079,2,0,F,121.34152457895483224,7980
1401319,38591169,1,0,F,207.66484590603141669,4401
1401319,38591169,2,0,F,207.66484590603141669,4401
1401319,38591184,1,0,F,115.33014416406049918,8820
1401319,38591184,2,0,F,115.33014416406049918,8820
1401319,38591218,1,0,F,191.77185663875229693,11571
1401319,38591218,2,0,F,191.77185663875229693,11571
1401319,38591219,1,0,F,221.70243801497377945,9592
1401319,38591219,2,0,F,221.70243801497377945,9592
1401319,38591227,1,0,F,153.94370842472505956,7300
1401319,38591227,2,0,F,153.94370842472505956,7300
1401319,38591277,1,0,F,211.43597661080636385,31252
1401319,38591277,2,0,F,211.43597661080636385,31252
1401319,38591367,1,0,F,189.10111652118996517,12652
1401319,38591367,2,0,F,189.10111652118996517,12652
1401319,38591381,1,0,F,185.81489525395261353,21992
1401319,38591381,2,0,F,185.81489525395261353,21992
1401319,41007589,1,0,F,526.73158577937590508,32196
1401319,41007589,2,0,F,526.73158577937590508,32196
1401320,38591111,1,0,F,254.10895013897277295,14331
1401320,38591111,2,0,F,254.10895013897277295,14331
1401320,38591410,1,0,F,214.38651264535661767,6712
1401320,38591410,2,0,F,214.38651264535661767,6712
1401320,38591439,1,0,F,294.53682589592847307,8396
1401320,38591439,2,0,F,294.53682589592847307,8396
1401321,38591251,1,0,F,169.20421855896879038,10074
1401321,38591251,2,0,F,169.20421855896879038,10074
1401321,38591326,1,0,F,170.66672150804305375,5220
1401321,38591326,2,0,F,170.66672150804305375,5220
1401321,38591437,1,0,F,239.83233875199462659,10797
1401321,38591437,2,0,F,239.83233875199462659,10797
1401322,38591058,1,0,F,124.26843649918927781,11422
1401322,38591058,2,0,F,124.26843649918927781,11422
1401322,38591204,1,0,F,194.14219498547248577,19620
1401322,38591204,2,0,F,194.14219498547248577,19620
1401322,38591283,1,0,F,329.84364884740870139,10983
1401322,38591283,2,0,F,329.84364884740870139,10983
1401322,38591352,1,0,F,120.10642505386388734,10345
1401322,38591352,2,0,F,120.10642505386388734,10345
1401322,38591384,1,0,F,161.99255065864923608,36972
1401322,38591384,2,0,F,161.99255065864923608,36972
1401322,38591404,1,0,F,174.37681303282022327,34244
1401322,38591404,2,0,F,174.37681303282022327,34244
1401322,41007506,1,0,F,432.53148004407796634,37992
1401322,41007506,2,0,F,432.53148004407796634,37992
1401322,41007542,1,0,F,338.73554511246152288,9012
1401322,41007542,2,0,F,338.73554511246152288,9012
1401323,38591048,1,0,F,272.24221979079680978,9366
1401323,38591048,2,0,F,272.24221979079680978,9366
1401323,38591085,1,0,F,323.93374092293237254,8985
1401323,38591085,2,0,F,323.93374092293237254,8985
1401323,38591103,1,0,F,242.33054595053201297,5025
1401323,38591103,2,0,F,242.33054595053201297,5025
1401323,38591144,1,0,F,258.86083821484766077,6933
1401323,38591144,2,0,F,258.86083821484766077,6933
1401323,38591224,1,0,F,244.90088552907681674,13308
1401323,38591224,2,0,F,244.90088552907681674,13308
1401324,38591081,1,0,F,159.94565253789141934,9245
1401324,38591081,2,0,F,159.94565253789141934,9245
1401324,38591217,1,0,F,260.06707855189569045,8583
1401324,38591217,2,0,F,260.06707855189569045,8583
1401324,38591286,1,0,F,215.85640971762805407,9905
1401324,38591286,2,0,F,215.85640971762805407,9905
1401324,38591430,1,0,F,188.18274318924804334,5827
1401324,38591430,2,0,F,188.18274318924804334,5827
1401324,41007542,1,0,F,453.75137612774699392,26409
1401324,41007542,2,0,F,453.75137612774699392,26409
1401325,38591086,1,0,F,208.65281639327159269,7404
1401325,38591086,2,0,F,208.65281639327159269,7404
1401325,38591193,1,0,F,259.93245868640303797,9759
1401325,38591193,2,0,F,259.93245868640303797,9759
1401325,38591246,1,0,F,223.09289774494641279,16047
1401325,38591246,2,0,F,223.09289774494641279,16047
1401325,38591255,1,0,F,182.74962221934643480,6468
1401325,38591255,2,0,F,182.74962221934643480,6468
1401325,38591307,1,0,F,233.64815616634595585,10056
1401325,38591307,2,0,F,233.64815616634595585,10056
1401325,38591406,1,0,F,220.55345780388574894,4683
1401325,38591406,2,0,F,220.55345780388574894,4683
1401326,38503003,1,0,F,145.96223874214106786,17400
1401326,38503003,2,0,F,145.96223874214106786,17400
1401326,38503499,1,0,F,146.84587366698198707,15069
1401326,38503499,2,0,F,146.84587366698198707,15069
1401326,38576193,1,0,F,169.00505821903752235,6309
1401326,38576193,2,0,F,169.00505821903752235,6309
1401326,38587348,1,0,F,131.00805847301117524,23345
1401326,38587348,2,0,F,131.00805847301117524,23345
1401326,38587349,1,0,F,183.79715933935398198,9813
1401326,38587349,2,0,F,183.79715933935398198,9813
1401326,38591064,1,0,F,215.98314231988479150,38108
1401326,38591064,2,0,F,215.98314231988479150,38108
1401326,38591067,1,0,F,138.88998290909495381,17373
1401326,38591067,2,0,F,138.88998290909495381,17373
1401326,38591093,1,0,F,107.00370319733234226,24674
1401326,38591093,2,0,F,107.00370319733234226,24674
1401326,38591227,1,0,F,184.97973624094402112,15255
1401326,38591227,2,0,F,184.97973624094402112,15255
1401326,38591239,1,0,F,243.21459044129838389,6510
1401326,38591239,2,0,F,243.21459044129838389,6510
1401326,38591287,1,0,F,207.15659280467869507,19203
1401326,38591287,2,0,F,207.15659280467869507,19203
1401326,38591299,1,0,F,196.81259102410317041,39272
1401326,38591299,2,0,F,196.81259102410317041,39272
1401326,38591316,1,0,F,134.82576387411091901,29676
1401326,38591316,2,0,F,134.82576387411091901,29676
1401326,38591327,1,0,F,180.61948100594133848,11574
1401326,38591327,2,0,F,180.61948100594133848,11574
1401326,38591427,1,0,F,183.13709974436079619,34676
1401326,38591427,2,0,F,183.13709974436079619,34676
1401326,41007589,1,0,F,296.27709032091115660,21780
1401326,41007589,2,0,F,296.27709032091115660,21780
1401327,38591071,1,0,F,137.85552328060379068,3942
1401327,38591071,2,0,F,137.85552328060379068,3942
1401327,38591237,1,0,F,165.80874739031781928,16179
1401327,38591237,2,0,F,165.80874739031781928,16179
1401327,38591298,1,0,F,188.84226048407685994,3702
1401327,38591298,2,0,F,188.84226048407685994,3702
1401327,38591326,1,0,F,180.22705868452158029,5613
1401327,38591326,2,0,F,180.22705868452158029,5613
1401327,38591335,1,0,F,213.79813802449834270,10347
1401327,38591335,2,0,F,213.79813802449834270,10347
1401327,38591373,1,0,F,190.57316388981189448,17043
1401327,38591373,2,0,F,190.57316388981189448,17043
1401328,38580449,1,0,F,167.97492695716147182,9408
1401328,38580449,2,0,F,167.97492695716147182,9408
1401328,38591062,1,0,F,177.11375429110188406,17496
1401328,38591062,2,0,F,177.11375429110188406,17496
1401328,38591088,1,0,F,228.33678467387426281,9348
1401328,38591088,2,0,F,228.33678467387426281,9348
1401328,38591092,1,0,F,136.54868847560211975,7269
1401328,38591092,2,0,F,136.54868847560211975,7269
1401328,38591112,1,0,F,125.30417660328180318,8562
1401328,38591112,2,0,F,125.30417660328180318,8562
1401328,38591175,1,0,F,225.54056082300155595,6960
1401328,38591175,2,0,F,225.54056082300155595,6960
1401328,38591267,1,0,F,191.33091018349503543,6756
1401328,38591267,2,0,F,191.33091018349503543,6756
1401328,38591272,1,0,F,247.97177459199915006,7725
1401328,38591272,2,0,F,247.97177459199915006,7725
1401328,38591273,1,0,F,18.00000000000000711,100
1401328,38591273,2,0,F,18.00000000000000711,100
1401328,38591382,1,0,F,199.82085421639050082,19785
1401328,38591382,2,0,F,199.82085421639050082,19785
1401329,38591073,1,0,F,263.91495198919142240,11477
1401329,38591073,2,0,F,263.91495198919142240,11477
1401329,38591140,1,0,F,198.06537599196471433,7615
1401329,38591140,2,0,F,198.06537599196471433,7615
1401329,38591293,1,0,F,244.11915481967329811,8307
1401329,38591293,2,0,F,244.11915481967329811,8307
1401329,38591332,1,0,F,254.70014105334948340,6722
1401329,38591332,2,0,F,254.70014105334948340,6722
1401329,38591393,1,0,F,232.12349370187371278,11644
1401329,38591393,2,0,F,232.12349370187371278,11644
1401330,38591048,1,0,F,363.36233669310263394,18354
1401330,38591048,2,0,F,363.36233669310263394,18354
1401330,38591063,1,0,F,233.05596214886520556,10215
1401330,38591063,2,0,F,233.05596214886520556,10215
1401330,38591103,1,0,F,285.89710355438904799,9030
1401330,38591103,2,0,F,285.89710355438904799,9030
1401330,38591127,1,0,F,165.16152790783488058,8073
1401330,38591127,2,0,F,165.16152790783488058,8073
1401330,38591172,1,0,F,185.38912846551238545,40152
1401330,38591172,2,0,F,185.38912846551238545,40152
1401330,38591225,1,0,F,231.64098199809316725,11415
1401330,38591225,2,0,F,231.64098199809316725,11415
1401330,38591272,1,0,F,252.94406529828887642,13854
1401330,38591272,2,0,F,252.94406529828887642,13854
1401330,38591830,1,0,F,238.33252111069771217,8754
1401330,38591830,2,0,F,238.33252111069771217,8754
1401331,38503003,1,0,F,286.29367690717668893,8091
1401331,38503003,2,0,F,286.29367690717668893,8091
1401331,38576182,1,0,F,293.63214716925392622,5061
1401331,38576182,2,0,F,293.63214716925392622,5061
1401331,38576194,1,0,F,174.23083820637182839,14079
1401331,38576194,2,0,F,174.23083820637182839,14079
1401331,38576196,1,0,F,193.10188778546913113,35946
1401331,38576196,2,0,F,193.10188778546913113,35946
1401331,38576197,1,0,F,230.77188477236211384,9837
1401331,38576197,2,0,F,230.77188477236211384,9837
1401331,38576199,1,0,F,202.87329837328044846,14409
1401331,38576199,2,0,F,202.87329837328044846,14409
1401331,38591109,1,0,F,198.38818948452956192,9882
1401331,38591109,2,0,F,198.38818948452956192,9882
1401332,38588078,1,0,F,246.00000000000000000,13041
1401332,38588078,2,0,F,246.00000000000000000,13041
1401332,38591123,1,0,F,206.00000000000005684,12229
1401332,38591123,2,0,F,206.00000000000005684,12229
1401332,38591173,1,0,F,136.79966411414406480,4428
1401332,38591173,2,0,F,136.79966411414406480,4428
1401332,38591244,1,0,F,162.44204671511658944,2931
1401332,38591244,2,0,F,162.44204671511658944,2931
1401332,38591336,1,0,F,187.41822924910636061,7410
1401332,38591336,2,0,F,187.41822924910636061,7410
1401332,38591339,1,0,F,165.58892078017819927,4383
1401332,38591339,2,0,F,165.58892078017819927,4383
1401332,38591406,1,0,F,294.00000000000000000,4550
1401332,38591406,2,0,F,294.00000000000000000,4550
1401332,38591411,1,0,F,209.11353764828976409,23814
1401332,38591411,2,0,F,209.11353764828976409,23814
1401333,38591078,1,0,F,190.29196215984077867,12150
1401333,38591078,2,0,F,190.29196215984077867,12150
1401333,38591202,1,0,F,368.05422310820256371,14511
1401333,38591202,2,0,F,368.05422310820256371,14511
1401333,38591211,1,0,F,28.00000000000000355,100
1401333,38591211,2,0,F,28.00000000000000355,100
1401333,38591230,1,0,F,214.14498071605868290,11241
1401333,38591230,2,0,F,214.14498071605868290,11241
1401333,38591303,1,0,F,291.00000000000000000,27865
1401333,38591303,2,0,F,291.00000000000000000,27865
1401333,38591444,1,0,F,259.20364480142563934,12829
1401333,38591444,2,0,F,259.20364480142563934,12829
1401334,38591049,1,0,F,248.59516577510638058,4788
1401334,38591049,2,0,F,248.59516577510638058,4788
1401334,38591225,1,0,F,160.86858263641164513,6501
1401334,38591225,2,0,F,160.86858263641164513,6501
1401334,38591330,1,0,F,233.01473263197578945,15324
1401334,38591330,2,0,F,233.01473263197578945,15324
1401334,38591420,1,0,F,244.87740685774485883,6264
1401334,38591420,2,0,F,244.87740685774485883,6264
1401335,38591148,1,0,F,208.98293469592803717,9341
1401335,38591148,2,0,F,208.98293469592803717,9341
1401335,38591181,1,0,F,248.12079646701127444,9081
1401335,38591181,2,0,F,248.12079646701127444,9081
1401335,38591188,1,0,F,261.76828887446657745,7353
1401335,38591188,2,0,F,261.76828887446657745,7353
1401335,38591347,1,0,F,220.13824427413885587,9717
1401335,38591347,2,0,F,220.13824427413885587,9717
1401336,38530811,1,0,F,302.21174370813292853,21963
1401336,38530811,2,0,F,302.21174370813292853,21963
1401336,38530812,1,0,F,208.03644617707584530,16380
1401336,38530812,2,0,F,208.03644617707584530,16380
1401336,38576200,1,0,F,226.98988176550560070,7242
1401336,38576200,2,0,F,226.98988176550560070,7242
1401336,38591133,1,0,F,232.00783399301576537,7959
1401336,38591133,2,0,F,232.00783399301576537,7959
1401336,38591137,1,0,F,197.52770323472731206,4461
1401336,38591137,2,0,F,197.52770323472731206,4461
1401336,38591142,1,0,F,272.69399644322965059,3168
1401336,38591142,2,0,F,272.69399644322965059,3168
1401336,38591198,1,0,F,290.55167033219566974,8736
1401336,38591198,2,0,F,290.55167033219566974,8736
1401336,38591364,1,0,F,184.12009744999812710,11085
1401336,38591364,2,0,F,184.12009744999812710,11085
1401336,38591424,1,0,F,236.89733819594428610,5007
1401336,38591424,2,0,F,236.89733819594428610,5007
1401336,38591429,1,0,F,147.98547962550861712,8532
1401336,38591429,2,0,F,147.98547962550861712,8532
1401337,38503083,1,0,F,258.65722571220220516,9378
1401337,38503083,2,0,F,258.65722571220220516,9378
1401337,38503084,1,0,F,268.65189467126191403,2921
1401337,38503084,2,0,F,268.65189467126191403,2921
1401337,38591119,1,0,F,171.61716258458304196,5472
1401337,38591119,2,0,F,171.61716258458304196,5472
1401337,38591199,1,0,F,150.92416709748766834,10236
1401337,38591199,2,0,F,150.92416709748766834,10236
1401337,38591220,1,0,F,198.00000000000000000,11850
1401337,38591220,2,0,F,198.00000000000000000,11850
1401337,38591375,1,0,F,208.16309978967049688,12435
1401337,38591375,2,0,F,208.16309978967049688,12435
1401338,38591263,1,0,F,278.04510697641046590,12930
1401338,38591263,2,0,F,278.04510697641046590,12930
1401338,38591271,1,0,F,237.81445208043572848,13338
1401338,38591271,2,0,F,237.81445208043572848,13338
1401338,38591305,1,0,F,271.06096724712301693,20040
1401338,38591305,2,0,F,271.06096724712301693,20040
1401338,38591325,1,0,F,227.57196196339759808,6474
1401338,38591325,2,0,F,227.57196196339759808,6474
1401339,38591102,1,0,F,188.70967932682847845,7144
1401339,38591102,2,0,F,188.70967932682847845,7144
1401339,38591162,1,0,F,350.56343944561189119,3059
1401339,38591162,2,0,F,350.56343944561189119,3059
1401339,38591300,1,0,F,181.09888059845670227,6399
1401339,38591300,2,0,F,181.09888059845670227,6399
1401339,38591399,1,0,F,136.69115275477224714,4992
1401339,38591399,2,0,F,136.69115275477224714,4992
1401339,38591424,1,0,F,277.68341070925873737,3675
1401339,38591424,2,0,F,277.68341070925873737,3675
1401339,38591445,1,0,F,229.87915318963845834,8292
1401339,38591445,2,0,F,229.87915318963845834,8292
1508001,38573902,1,0,F,371.72246918303062557,4490
1508001,38573902,2,0,F,371.72246918303062557,4490
1508001,38580266,1,0,F,179.74233121579700878,16332
1508001,38580266,2,0,F,179.74233121579700878,16332
1508001,38580273,1,0,F,234.82842849461968626,2474
1508001,38580273,2,0,F,234.82842849461968626,2474
1508001,38580494,1,0,F,179.34503289752439059,10335
1508001,38580494,2,0,F,179.34503289752439059,10335
1508001,38582609,1,0,F,325.38397960946053900,5938
1508001,38582609,2,0,F,325.38397960946053900,5938
1508002,38573904,1,0,F,158.77349637989158282,1522
1508002,38573904,2,0,F,158.77349637989158282,1522
1508003,38580501,1,0,F,260.29532972039879724,4047
1508003,38580501,2,0,F,260.29532972039879724,4047
1508003,38580502,1,0,F,187.88493387917904442,5922
1508003,38580502,2,0,F,187.88493387917904442,5922
1508003,38580503,1,0,F,173.05999692956322633,5754
1508003,38580503,2,0,F,173.05999692956322633,5754
1508004,38580252,1,0,F,307.74132439053323651,16047
1508004,38580252,2,0,F,307.74132439053323651,16047
1508005,38573130,1,0,F,143.36316731972942762,4596
1508005,38573130,2,0,F,143.36316731972942762,4596
1508006,38503261,1,0,F,114.77569887481946864,354
1508006,38503261,2,0,F,114.77569887481946864,354
1508007,38503324,1,0,F,158.29291467058743592,1965
1508007,38503324,2,0,F,158.29291467058743592,1965
1508008,41008686,1,0,F,352.54477231781766022,640
1508008,41008686,2,0,F,352.54477231781766022,640
1508009,41008731,1,0,F,527.82773510228969371,1078
1508009,41008731,2,0,F,527.82773510228969371,1078
1508010,38503246,1,0,F,158.35446227040483791,601
1508010,38503246,2,0,F,158.35446227040483791,601
1508010,38503325,1,0,F,288.67541312524235764,884
1508010,38503325,2,0,F,288.67541312524235764,884
1508011,38503278,1,0,F,49.16395077076735731,1288
1508011,38503278,2,0,F,49.16395077076735731,1288
1508012,38503322,1,0,F,209.02608625174985946,690
1508012,38503322,2,0,F,209.02608625174985946,690
1508012,38588558,1,0,F,252.30151105088881991,340
1508012,38588558,2,0,F,252.30151105088881991,340
1508012,41008764,1,0,F,453.43838347769997199,1729
1508012,41008764,2,0,F,453.43838347769997199,1729
1508013,41008807,1,0,F,265.99026038743875233,1694
1508013,41008807,2,0,F,265.99026038743875233,1694
1508014,38503256,1,0,F,152.72936765809626536,737
1508014,38503256,2,0,F,152.72936765809626536,737
1508014,38577527,1,0,F,243.18923697292072461,7303
1508014,38577527,2,0,F,243.18923697292072461,7303
1508014,41008804,1,0,F,256.96582465893629887,6939
1508014,41008804,2,0,F,256.96582465893629887,6939
1508015,38503277,1,0,F,299.45581245323626263,2474
1508015,38503277,2,0,F,299.45581245323626263,2474
1508016,38503270,1,0,F,345.36968268354445399,2198
1508016,38503270,2,0,F,345.36968268354445399,2198
1508017,38530519,1,0,F,319.40479394054813156,1036
1508017,38530519,2,0,F,319.40479394054813156,1036
1508018,38573885,1,0,F,388.67709987559169349,3822
1508018,38573885,2,0,F,388.67709987559169349,3822
1508018,38573886,1,0,F,123.30860608086302932,3316
1508018,38573886,2,0,F,123.30860608086302932,3316
1508018,38579947,1,0,F,323.21487206587738683,7480
1508018,38579947,2,0,F,323.21487206587738683,7480
1508018,38579950,1,0,F,271.15230590914660525,9368
1508018,38579950,2,0,F,271.15230590914660525,9368
1508019,41008703,1,0,F,411.86312271413919461,13924
1508019,41008703,2,0,F,411.86312271413919461,13924
1508020,38573884,1,0,F,273.75719845847174838,6683
1508020,38573884,2,0,F,273.75719845847174838,6683
1508021,38530515,1,0,F,337.49564597272382116,4032
1508021,38530515,2,0,F,337.49564597272382116,4032
1508021,38587509,1,0,F,226.99776895838314772,6276
1508021,38587509,2,0,F,226.99776895838314772,6276
1508021,41008759,1,0,F,450.52146289255227884,4611
1508021,41008759,2,0,F,450.52146289255227884,4611
1508022,38579952,1,0,F,255.73548762635766707,4614
1508022,38579952,2,0,F,255.73548762635766707,4614
1508022,38579953,1,0,F,281.39062539663160578,3647
1508022,38579953,2,0,F,281.39062539663160578,3647
1508022,38589197,1,0,F,293.05635929166169262,5700
1508022,38589197,2,0,F,293.05635929166169262,5700
1508023,38509771,1,0,F,283.50397893307700770,1846
1508023,38509771,2,0,F,283.50397893307700770,1846
1508024,38509852,1,0,F,83.23861974870847291,962
1508024,38509852,2,0,F,83.23861974870847291,962
1508025,38573900,1,0,F,217.02271614813957967,1889
1508025,38573900,2,0,F,217.02271614813957967,1889
1514001,38503490,1,0,F,243.31310481808304758,1611
1514001,38503490,2,0,F,243.31310481808304758,1611
1514002,41007287,1,0,F,420.00105416785334000,3332
1514002,41007287,2,0,F,420.00105416785334000,3332
1514003,38503484,1,0,F,212.68438641706248404,1863
1514003,38503484,2,0,F,212.68438641706248404,1863
1514004,38503955,1,0,F,195.80985143769507317,492
1514004,38503955,2,0,F,195.80985143769507317,492
1514005,38503970,1,0,F,206.43083232569654228,4470
1514005,38503970,2,0,F,206.43083232569654228,4470
1514006,38503950,1,0,F,130.28164694248982869,182
1514006,38503950,2,0,F,130.28164694248982869,182
1514006,38503953,1,0,F,148.41990711853139828,329
1514006,38503953,2,0,F,148.41990711853139828,329
1514006,38503963,1,0,F,122.90896974694790345,223
1514006,38503963,2,0,F,122.90896974694790345,223
1514006,38573487,1,0,F,279.30656310841516188,255
1514006,38573487,2,0,F,279.30656310841516188,255
1514007,38573492,1,0,F,202.84272100481081225,6614
1514007,38573492,2,0,F,202.84272100481081225,6614
1514007,38573493,1,0,F,498.49388985774135108,2268
1514007,38573493,2,0,F,498.49388985774135108,2268
1514007,38594364,1,0,F,356.44189563015720523,8627
1514007,38594364,2,0,F,356.44189563015720523,8627
1514007,38595529,1,0,F,196.25105818667185531,378
1514007,38595529,2,0,F,196.25105818667185531,378
1514008,38503964,1,0,F,157.81249521916748790,1814
1514008,38503964,2,0,F,157.81249521916748790,1814
1514009,38503957,1,0,F,299.94759858018500154,2556
1514009,38503957,2,0,F,299.94759858018500154,2556
1514010,38580289,1,0,F,216.35505752505042665,1756
1514010,38580289,2,0,F,216.35505752505042665,1756
1514011,38506951,1,0,F,77.09199798394614334,1727
1514011,38506951,2,0,F,77.09199798394614334,1727
1514012,8518243,1,0,F,433.78367624702252670,9080
1514012,8518243,2,0,F,433.78367624702252670,9080
1514012,38503483,1,0,F,197.88032903011409758,7040
1514012,38503483,2,0,F,197.88032903011409758,7040
1514012,38595417,1,0,F,265.15069305445348391,5261
1514012,38595417,2,0,F,265.15069305445348391,5261
1514012,38595423,1,0,F,187.26339830102293149,381
1514012,38595423,2,0,F,187.26339830102293149,381
1514013,38503962,1,0,F,314.29381160825465713,1647
1514013,38503962,2,0,F,314.29381160825465713,1647
1514014,38573456,1,0,F,217.41607065372932084,6474
1514014,38573456,2,0,F,217.41607065372932084,6474
1514014,38573460,1,0,F,330.75311243609797884,7398
1514014,38573460,2,0,F,330.75311243609797884,7398
1514014,38592569,1,0,F,200.22689013648994205,6594
1514014,38592569,2,0,F,200.22689013648994205,6594
1514014,38592570,1,0,F,261.37742818460122862,7529
1514014,38592570,2,0,F,261.37742818460122862,7529
1514015,38588884,1,0,F,248.79401828720719436,6561
1514015,38588884,2,0,F,248.79401828720719436,6561
1514015,38588885,1,0,F,175.73618796516487350,7331
1514015,38588885,2,0,F,175.73618796516487350,7331
1514015,38592524,1,0,F,158.22133451645896685,6999
1514015,38592524,2,0,F,158.22133451645896685,6999
1514015,38592539,1,0,F,303.84449657498339548,5559
1514015,38592539,2,0,F,303.84449657498339548,5559
1514015,38592549,1,0,F,234.71500082165314893,5405
1514015,38592549,2,0,F,234.71500082165314893,5405
1514015,38592556,1,0,F,198.13932992977697722,6006
1514015,38592556,2,0,F,198.13932992977697722,6006
1514015,38592581,1,0,F,186.60988429944919176,8421
1514015,38592581,2,0,F,186.60988429944919176,8421
1514015,38592587,1,0,F,102.10311060367190805,5445
1514015,38592587,2,0,F,102.10311060367190805,5445
1514016,38503495,1,0,F,168.64223411678756293,19708
1514016,38503495,2,0,F,168.64223411678756293,19708
1514016,38573441,1,0,F,225.68430230193689567,8451
1514016,38573441,2,0,F,225.68430230193689567,8451
1514016,38581073,1,0,F,179.34669848361360778,8265
1514016,38581073,2,0,F,179.34669848361360778,8265
1514016,38592516,1,0,F,227.31604871663270728,2987
1514016,38592516,2,0,F,227.31604871663270728,2987
1514016,38592518,1,0,F,262.60557560009692679,5282
1514016,38592518,2,0,F,262.60557560009692679,5282
1514016,38592589,1,0,F,251.82507331454533528,5567
1514016,38592589,2,0,F,251.82507331454533528,5567
1514016,41008129,1,0,F,561.46842439410079351,7797
1514016,41008129,2,0,F,561.46842439410079351,7797
1514017,38573479,1,0,F,219.82831731626302485,7082
1514017,38573479,2,0,F,219.82831731626302485,7082
1514017,38592530,1,0,F,194.91859959775860034,4686
1514017,38592530,2,0,F,194.91859959775860034,4686
1514017,38592531,1,0,F,149.71453812557265906,7242
1514017,38592531,2,0,F,149.71453812557265906,7242
1514017,38592532,1,0,F,198.37218305204078206,6204
1514017,38592532,2,0,F,198.37218305204078206,6204
1514017,38592541,1,0,F,158.87536545628938711,6878
1514017,38592541,2,0,F,158.87536545628938711,6878
1514017,38592549,1,0,F,170.58121113280020609,4003
1514017,38592549,2,0,F,170.58121113280020609,4003
1514017,38592563,1,0,F,200.19295679825421530,8080
1514017,38592563,2,0,F,200.19295679825421530,8080
1514017,38592582,1,0,F,217.07144991167126591,6774
1514017,38592582,2,0,F,217.07144991167126591,6774
1514017,41008159,1,0,F,480.30908410138107456,7197
1514017,41008159,2,0,F,480.30908410138107456,7197
1514018,38503951,1,0,F,159.96955620898236816,692
1514018,38503951,2,0,F,159.96955620898236816,692
1514019,38503965,1,0,F,249.80309373669069828,2749
1514019,38503965,2,0,F,249.80309373669069828,2749
1514020,38503479,1,0,F,212.51307925823857659,3201
1514020,38503479,2,0,F,212.51307925823857659,3201
1514020,38503480,1,0,F,170.59376299567082924,8572
1514020,38503480,2,0,F,170.59376299567082924,8572
1514020,38578375,1,0,F,326.05566296067786425,4069
1514020,38578375,2,0,F,326.05566296067786425,4069
1514020,38592501,1,0,F,283.28223863047958275,14376
1514020,38592501,2,0,F,283.28223863047958275,14376
1514020,38592503,1,0,F,208.20109177468592065,8672
1514020,38592503,2,0,F,208.20109177468592065,8672
1514020,38592509,1,0,F,282.95813157313904185,6412
1514020,38592509,2,0,F,282.95813157313904185,6412
1514020,41008054,1,0,F,295.72831357104820427,5580
1514020,41008054,2,0,F,295.72831357104820427,5580
1514020,41008085,1,0,F,514.79664038810972215,7856
1514020,41008085,2,0,F,514.79664038810972215,7856
1514021,38503488,1,0,F,220.18149518877584114,5610
1514021,38503488,2,0,F,220.18149518877584114,5610
1514022,38503485,1,0,F,238.91296838995646112,2050
1514022,38503485,2,0,F,238.91296838995646112,2050
1514023,38503491,1,0,F,250.79858606779097840,1114
1514023,38503491,2,0,F,250.79858606779097840,1114
1514024,38503954,1,0,F,178.32677335917850314,588
1514024,38503954,2,0,F,178.32677335917850314,588
1514025,38503474,1,0,F,195.48456184809836600,3068
1514025,38503474,2,0,F,195.48456184809836600,3068
1514026,38503470,1,0,F,151.80346321570650048,519
1514026,38503470,2,0,F,151.80346321570650048,519
1514027,38573327,1,0,F,302.77382438064375947,6116
1514027,38573327,2,0,F,302.77382438064375947,6116
1514027,38578397,1,0,F,122.16334058652641659,4188
1514027,38578397,2,0,F,122.16334058652641659,4188
1514027,38578398,1,0,F,358.83931136826618058,2346
1514027,38578398,2,0,F,358.83931136826618058,2346
1514027,38592238,1,0,F,328.92039405909378047,1639
1514027,38592238,2,0,F,328.92039405909378047,1639
1514028,41007169,1,0,F,398.47676140695335789,865
1514028,41007169,2,0,F,398.47676140695335789,865
1514029,38578389,1,0,F,288.22739010516960434,3559
1514029,38578389,2,0,F,288.22739010516960434,3559
1514030,38578385,1,0,F,141.13003725818461476,3678
1514030,38578385,2,0,F,141.13003725818461476,3678
1514031,38587928,1,0,F,182.88388968035789617,297
1514031,38587928,2,0,F,182.88388968035789617,297
1514032,38578392,1,0,F,170.34045067712568766,513
1514032,38578392,2,0,F,170.34045067712568766,513
1515001,38506773,1,0,F,305.20036207312728038,519
1515001,38506773,2,0,F,305.20036207312728038,519
1515002,38506774,1,0,F,179.31158198458240349,4005
1515002,38506774,2,0,F,179.31158198458240349,4005
1515004,38574208,1,0,F,222.25098962124221202,5361
1515004,38574208,2,0,F,222.25098962124221202,5361
1515004,38581401,1,0,F,183.72920421594048435,6346
1515004,38581401,2,0,F,183.72920421594048435,6346
1515004,38590340,1,0,F,210.58083740662692662,6721
1515004,38590340,2,0,F,210.58083740662692662,6721
1515004,38590346,1,0,F,224.19945556301067313,6588
1515004,38590346,2,0,F,224.19945556301067313,6588
1515004,38590347,1,0,F,279.27466268744444733,4467
1515004,38590347,2,0,F,279.27466268744444733,4467
1515004,38590350,1,0,F,348.98092331662888910,3975
1515004,38590350,2,0,F,348.98092331662888910,3975
1515004,38590359,1,0,F,269.54093505806207531,4437
1515004,38590359,2,0,F,269.54093505806207531,4437
1515004,38595414,1,0,F,148.29495433253336500,2756
1515004,38595414,2,0,F,148.29495433253336500,2756
1515004,41008930,1,0,F,484.28930669774689477,36876
1515004,41008930,2,0,F,484.28930669774689477,36876
1515004,41008934,1,0,F,318.44406917254917744,9562
1515004,41008934,2,0,F,318.44406917254917744,9562
1515005,38574047,1,0,F,237.89656114831763034,2326
1515005,38574047,2,0,F,237.89656114831763034,2326
1515005,38574049,1,0,F,469.41449858683989760,4694
1515005,38574049,2,0,F,469.41449858683989760,4694
1515006,41008940,1,0,F,309.64919574046689377,5948
1515006,41008940,2,0,F,309.64919574046689377,5948
1515007,38506787,1,0,F,155.93263494952668680,176
1515007,38506787,2,0,F,155.93263494952668680,176
1515008,38506775,1,0,F,360.66392616714028918,2114
1515008,38506775,2,0,F,360.66392616714028918,2114
1515009,38506604,1,0,F,350.65287833873878753,2184
1515009,38506604,2,0,F,350.65287833873878753,2184
1515009,38574066,1,0,F,248.18660032964544371,5232
1515009,38574066,2,0,F,248.18660032964544371,5232
1515009,38574068,1,0,F,65.79510211148240728,1678
1515009,38574068,2,0,F,65.79510211148240728,1678
1515009,38574215,1,0,F,194.88435088726379263,2256
1515009,38574215,2,0,F,194.88435088726379263,2256
1515009,41008986,1,0,F,299.59304184106497360,2828
1515009,41008986,2,0,F,299.59304184106497360,2828
1515009,41009014,1,0,F,230.45491036761197279,4713
1515009,41009014,2,0,F,230.45491036761197279,4713
1515010,41009049,1,0,F,274.70910362933022952,2440
1515010,41009049,2,0,F,274.70910362933022952,2440
1515011,38594234,1,0,F,397.39275270014911712,2860
1515011,38594234,2,0,F,397.39275270014911712,2860
1515012,38594233,1,0,F,315.05869084794352375,7106
1515012,38594233,2,0,F,315.05869084794352375,7106
1515012,41009073,1,0,F,130.08064735220895614,4110
1515012,41009073,2,0,F,130.08064735220895614,4110
1515013,41009088,1,0,F,45.09672953652827232,1228
1515013,41009088,2,0,F,45.09672953652827232,1228
1515013,41009093,1,0,F,284.28168671637263287,1349
1515013,41009093,2,0,F,284.28168671637263287,1349
1515013,41009113,1,0,F,557.74127336497645047,1097
1515013,41009113,2,0,F,557.74127336497645047,1097
1515014,38574158,1,0,F,304.95419615331201157,5443
1515014,38574158,2,0,F,304.95419615331201157,5443
1515014,38574159,1,0,F,438.75296639193214787,2813
1515014,38574159,2,0,F,438.75296639193214787,2813
1515015,38506767,1,0,F,267.79398993267722062,6165
1515015,38506767,2,0,F,267.79398993267722062,6165
1515016,38506599,1,0,F,408.03317222270999309,2059
1515016,38506599,2,0,F,408.03317222270999309,2059
1515017,38506778,1,0,F,308.52618534092476921,2979
1515017,38506778,2,0,F,308.52618534092476921,2979
1515018,38506796,1,0,F,183.42929319047362924,5965
1515018,38506796,2,0,F,183.42929319047362924,5965
1515018,38574078,1,0,F,326.95484087054660449,6326
1515018,38574078,2,0,F,326.95484087054660449,6326
1515018,38574123,1,0,F,123.07354987352033504,1602
1515018,38574123,2,0,F,123.07354987352033504,1602
1515018,38581740,1,0,F,199.74584522840939371,7598
1515018,38581740,2,0,F,199.74584522840939371,7598
1515020,38506762,1,0,F,171.41734948565593299,3325
1515020,38506762,2,0,F,171.41734948565593299,3325
1515021,38506782,1,0,F,193.79400133594808153,4008
1515021,38506782,2,0,F,193.79400133594808153,4008
1515021,38574087,1,0,F,498.72807082057812522,1975
1515021,38574087,2,0,F,498.72807082057812522,1975
1515022,38506771,1,0,F,68.32334913504554663,2075
1515022,38506771,2,0,F,68.32334913504554663,2075
1515023,38574100,1,0,F,251.65511092706378804,4989
1515023,38574100,2,0,F,251.65511092706378804,4989
1515023,38574103,1,0,F,150.80537932078343033,1878
1515023,38574103,2,0,F,150.80537932078343033,1878
1516001,41008974,1,0,F,463.01199050145135061,2075
1516001,41008974,2,0,F,463.01199050145135061,2075
1516002,38574059,1,0,F,390.04122752688681430,2365
1516002,38574059,2,0,F,390.04122752688681430,2365
1516003,38506260,1,0,F,455.90057682095317659,4317
1516003,38506260,2,0,F,455.90057682095317659,4317
1516004,38578423,1,0,F,327.74062444175422115,2714
1516004,38578423,2,0,F,327.74062444175422115,2714
1516006,38579831,1,0,F,194.14645790378497736,3918
1516006,38579831,2,0,F,194.14645790378497736,3918
1516007,41009054,1,0,F,432.72848617222416578,8292
1516007,41009054,2,0,F,432.72848617222416578,8292
1516008,38574054,1,0,F,283.32431974968989152,6804
1516008,38574054,2,0,F,283.32431974968989152,6804
1516008,38578423,1,0,F,320.42861174408818670,2402
1516008,38578423,2,0,F,320.42861174408818670,2402
1516008,41009038,1,0,F,401.30251720943010696,11683
1516008,41009038,2,0,F,401.30251720943010696,11683
1516009,41009070,1,0,F,503.21303960311678338,1174
1516009,41009070,2,0,F,503.21303960311678338,1174
1516010,38506765,1,0,F,199.39218665081219228,6128
1516010,38506765,2,0,F,199.39218665081219228,6128
1517001,38573953,1,0,F,213.56654853284473461,3013
1517001,38573953,2,0,F,213.56654853284473461,3013
1517001,38577362,1,0,F,253.47133197419063322,8127
1517001,38577362,2,0,F,253.47133197419063322,8127
1517001,38582023,1,0,F,264.63414757417484680,10110
1517001,38582023,2,0,F,264.63414757417484680,10110
1517001,38590319,1,0,F,142.40423005963089054,4869
1517001,38590319,2,0,F,142.40423005963089054,4869
1517001,38590327,1,0,F,69.92508121966712054,1040
1517001,38590327,2,0,F,69.92508121966712054,1040
1517002,38506468,1,0,F,226.10514623698793457,5062
1517002,38506468,2,0,F,226.10514623698793457,5062
1517002,38573957,1,0,F,244.88334386447149882,9796
1517002,38573957,2,0,F,244.88334386447149882,9796
1517002,38590334,1,0,F,169.57710497097681923,5964
1517002,38590334,2,0,F,169.57710497097681923,5964
1517003,38573945,1,0,F,288.22702424577562397,3645
1517003,38573945,2,0,F,288.22702424577562397,3645
1517003,38573946,1,0,F,206.43897947493155698,8028
1517003,38573946,2,0,F,206.43897947493155698,8028
1517003,38582243,1,0,F,356.87383299531421699,8442
1517003,38582243,2,0,F,356.87383299531421699,8442
1517003,38588495,1,0,F,261.87103229458244869,7782
1517003,38588495,2,0,F,261.87103229458244869,7782
1517003,38588496,1,0,F,249.15448263541424012,7584
1517003,38588496,2,0,F,249.15448263541424012,7584
1517003,38589537,1,0,F,146.30795833867853162,4810
1517003,38589537,2,0,F,146.30795833867853162,4810
1517004,38581737,1,0,F,277.55017704546605728,5347
1517004,38581737,2,0,F,277.55017704546605728,5347
1517005,38506798,1,0,F,386.36911160104870078,7790
1517005,38506798,2,0,F,386.36911160104870078,7790
1517006,38506799,1,0,F,344.02494229058822839,2989
1517006,38506799,2,0,F,344.02494229058822839,2989
1517007,38581777,1,0,F,264.04094395753128310,2018
1517007,38581777,2,0,F,264.04094395753128310,2018
1517007,38582227,1,0,F,7.00000000000000089,100
1517007,38582227,2,0,F,7.00000000000000089,100
1517007,38588500,1,0,F,250.72028519416832637,5868
1517007,38588500,2,0,F,250.72028519416832637,5868
1517007,38589619,1,0,F,281.99862631738648133,5492
1517007,38589619,2,0,F,281.99862631738648133,5492
1517007,41008951,1,0,F,321.19126696998870329,22326
1517007,41008951,2,0,F,321.19126696998870329,22326
1517008,38588501,1,0,F,232.15674160183257868,7664
1517008,38588501,2,0,F,232.15674160183257868,7664
1517008,38589552,1,0,F,211.46312254888459847,5266
1517008,38589552,2,0,F,211.46312254888459847,5266
1517008,38589596,1,0,F,337.87603205834784603,5970
1517008,38589596,2,0,F,337.87603205834784603,5970
1517008,38589641,1,0,F,163.05922616838370232,13190
1517008,38589641,2,0,F,163.05922616838370232,13190
1517008,41008959,1,0,F,399.27201004391412198,19392
1517008,41008959,2,0,F,399.27201004391412198,19392
1517008,41008970,1,0,F,430.13042018419486112,31752
1517008,41008970,2,0,F,430.13042018419486112,31752
1517009,38574225,1,0,F,171.52957975398012991,5153
1517009,38574225,2,0,F,171.52957975398012991,5153
1517009,38589572,1,0,F,253.96861304897083755,3540
1517009,38589572,2,0,F,253.96861304897083755,3540
1517009,38589595,1,0,F,192.06847289564683479,15189
1517009,38589595,2,0,F,192.06847289564683479,15189
1517009,38589612,1,0,F,285.71678594479470803,3873
1517009,38589612,2,0,F,285.71678594479470803,3873
1517010,38574223,1,0,F,205.69781733552261471,6845
1517010,38574223,2,0,F,205.69781733552261471,6845
1517010,38589569,1,0,F,201.65396694974953107,4905
1517010,38589569,2,0,F,201.65396694974953107,4905
1517010,38589577,1,0,F,280.44537987169229609,9450
1517010,38589577,2,0,F,280.44537987169229609,9450
1517010,38589602,1,0,F,208.97846228483001596,6545
1517010,38589602,2,0,F,208.97846228483001596,6545
1517010,38589624,1,0,F,154.82438359292541463,4749
1517010,38589624,2,0,F,154.82438359292541463,4749
1517010,38589628,1,0,F,151.08890798148308932,6372
1517010,38589628,2,0,F,151.08890798148308932,6372
1517010,38589647,1,0,F,200.57152963935939738,8256
1517010,38589647,2,0,F,200.57152963935939738,8256
1517011,38574095,1,0,F,105.36840969641718857,13700
1517011,38574095,2,0,F,105.36840969641718857,13700
1517011,38574257,1,0,F,121.17584157131221900,15980
1517011,38574257,2,0,F,121.17584157131221900,15980
1517011,38574467,1,0,F,107.00000000000000000,20612
1517011,38574467,2,0,F,107.00000000000000000,20612
1517011,38574469,1,0,F,199.63305357355841352,19292
1517011,38574469,2,0,F,199.63305357355841352,19292
1517011,38574471,1,0,F,102.99121281047824539,7684
1517011,38574471,2,0,F,102.99121281047824539,7684
1517011,38589575,1,0,F,159.00000000000000000,6701
1517011,38589575,2,0,F,159.00000000000000000,6701
1517011,38589604,1,0,F,171.94614393353447213,13673
1517011,38589604,2,0,F,171.94614393353447213,13673
1517011,38589625,1,0,F,345.99199699239090933,6244
1517011,38589625,2,0,F,345.99199699239090933,6244
1517011,38589629,1,0,F,186.00000000000000000,9
1517011,38589629,2,0,F,186.00000000000000000,9
1517011,38594346,1,0,F,171.70602873135908339,11672
1517011,38594346,2,0,F,171.70602873135908339,11672
1517011,41009007,1,0,F,279.64300238514567809,41322
1517011,41009007,2,0,F,279.64300238514567809,41322
1517011,41009012,1,0,F,287.92623786006600994,7656
1517011,41009012,2,0,F,287.92623786006600994,7656
1517012,38589559,1,0,F,178.87005730489951816,14135
1517012,38589559,2,0,F,178.87005730489951816,14135
1517012,38589570,1,0,F,319.04501975138191483,4760
1517012,38589570,2,0,F,319.04501975138191483,4760
1517012,38589598,1,0,F,226.94685611668234060,13134
1517012,38589598,2,0,F,226.94685611668234060,13134
1517012,38589616,1,0,F,200.48197625645656217,7119
1517012,38589616,2,0,F,200.48197625645656217,7119
1517012,38589630,1,0,F,364.86901538534743850,2592
1517012,38589630,2,0,F,364.86901538534743850,2592
1517012,41008985,1,0,F,250.12937087239873790,10108
1517012,41008985,2,0,F,250.12937087239873790,10108
1517013,38506703,1,0,F,238.78756781290218214,4152
1517013,38506703,2,0,F,238.78756781290218214,4152
1517013,38589633,1,0,F,224.97348048722403746,6382
1517013,38589633,2,0,F,224.97348048722403746,6382
1517013,41009026,1,0,F,483.20189528910702847,27992
1517013,41009026,2,0,F,483.20189528910702847,27992
1517014,38589567,1,0,F,230.39958826132138370,11482
1517014,38589567,2,0,F,230.39958826132138370,11482
1517014,38589629,1,0,F,188.07428397267233322,12652
1517014,38589629,2,0,F,188.07428397267233322,12652
1517014,41009026,1,0,F,378.00797967674225220,21272
1517014,41009026,2,0,F,378.00797967674225220,21272
1517015,38574462,1,0,F,154.22550652096094836,4611
1517015,38574462,2,0,F,154.22550652096094836,4611
1517015,38580688,1,0,F,280.20339882069424675,8238
1517015,38580688,2,0,F,280.20339882069424675,8238
1517015,38580689,1,0,F,106.11012791103854624,4911
1517015,38580689,2,0,F,106.11012791103854624,4911
1517015,38589580,1,0,F,173.27044095456079731,3372
1517015,38589580,2,0,F,173.27044095456079731,3372
1517015,38589583,1,0,F,207.72285710675765813,12907
1517015,38589583,2,0,F,207.72285710675765813,12907
1517015,38589592,1,0,F,195.88597506700733675,7530
1517015,38589592,2,0,F,195.88597506700733675,7530
1517015,38589645,1,0,F,280.32251018823171762,7437
1517015,38589645,2,0,F,280.32251018823171762,7437
1517015,41009033,1,0,F,473.00155422989632825,9091
1517015,41009033,2,0,F,473.00155422989632825,9091
1517016,38587182,1,0,F,183.95219993171204464,3270
1517016,38587182,2,0,F,183.95219993171204464,3270
1517017,38581774,1,0,F,94.00000000000000000,100
1517017,38581774,2,0,F,94.00000000000000000,100
1517017,38588961,1,0,F,212.67686644560041032,5693
1517017,38588961,2,0,F,212.67686644560041032,5693
1517017,38588962,1,0,F,231.61251913535130598,5241
1517017,38588962,2,0,F,231.61251913535130598,5241
1517017,38588965,1,0,F,231.34924943131457553,6486
1517017,38588965,2,0,F,231.34924943131457553,6486
1517018,38574229,1,0,F,196.93379733380226071,3076
1517018,38574229,2,0,F,196.93379733380226071,3076
1517018,38580797,1,0,F,346.45024411087814542,3597
1517018,38580797,2,0,F,346.45024411087814542,3597
1517019,38574220,1,0,F,266.55853457838736631,3152
1517019,38574220,2,0,F,266.55853457838736631,3152
1517021,38506056,1,0,F,335.74956793496164664,4959
1517021,38506056,2,0,F,335.74956793496164664,4959
1517021,38573966,1,0,F,226.74984043654882271,6823
1517021,38573966,2,0,F,226.74984043654882271,6823
1517021,38573967,1,0,F,386.39282995009426713,5638
1517021,38573967,2,0,F,386.39282995009426713,5638
1517021,38574240,1,0,F,194.93423373782781027,7911
1517021,38574240,2,0,F,194.93423373782781027,7911
1517021,38574242,1,0,F,301.90145777743555300,8979
1517021,38574242,2,0,F,301.90145777743555300,8979
1517021,41009017,1,0,F,571.15789394011062541,8208
1517021,41009017,2,0,F,571.15789394011062541,8208
1517022,38506753,1,0,F,294.88683106772043629,3661
1517022,38506753,2,0,F,294.88683106772043629,3661
1517024,38506650,1,0,F,366.64185132660912814,813
1517024,38506650,2,0,F,366.64185132660912814,813
1517026,38581395,1,0,F,344.28813262212787549,4332
1517026,38581395,2,0,F,344.28813262212787549,4332
1517027,38581394,1,0,F,210.58019601182883207,5087
1517027,38581394,2,0,F,210.58019601182883207,5087
1517028,38580866,1,0,F,292.79886232027968163,4652
1517028,38580866,2,0,F,292.79886232027968163,4652
1517029,38506683,1,0,F,265.55960816169931604,2322
1517029,38506683,2,0,F,265.55960816169931604,2322
1517030,38506264,1,0,F,249.73581840664718356,6619
1517030,38506264,2,0,F,249.73581840664718356,6619
1517030,41009078,1,0,F,433.57892819028739950,5037
1517030,41009078,2,0,F,433.57892819028739950,5037
1517031,38574284,1,0,F,299.07202021402184755,7763
1517031,38574284,2,0,F,299.07202021402184755,7763
1517031,38574285,1,0,F,269.52482451232913263,5853
1517031,38574285,2,0,F,269.52482451232913263,5853
1517032,41009166,1,0,F,579.39517155018552330,267
1517032,41009166,2,0,F,579.39517155018552330,267
1517033,38574304,1,0,F,273.91735773860563086,8597
1517033,38574304,2,0,F,273.91735773860563086,8597
1517034,38574268,1,0,F,206.69056018208473802,4764
1517034,38574268,2,0,F,206.69056018208473802,4764
1517034,38580684,1,0,F,292.08154753579731278,6191
1517034,38580684,2,0,F,292.08154753579731278,6191
1517034,38580685,1,0,F,252.29738840195065563,5253
1517034,38580685,2,0,F,252.29738840195065563,5253
1517034,38580692,1,0,F,382.73738053908527945,3308
1517034,38580692,2,0,F,382.73738053908527945,3308
1517034,41009106,1,0,F,377.92894537787856279,8846
1517034,41009106,2,0,F,377.92894537787856279,8846
1517034,41009112,1,0,F,407.68201759201997447,21121
1517034,41009112,2,0,F,407.68201759201997447,21121
1517035,38574270,1,0,F,184.47144550505234406,7408
1517035,38574270,2,0,F,184.47144550505234406,7408
1517035,38574281,1,0,F,222.68548696216578264,5953
1517035,38574281,2,0,F,222.68548696216578264,5953
1517035,38574282,1,0,F,226.37662001006503942,7028
1517035,38574282,2,0,F,226.37662001006503942,7028
1517035,38580682,1,0,F,174.68104242730518649,11948
1517035,38580682,2,0,F,174.68104242730518649,11948
1517035,41009132,1,0,F,277.24809376551479545,16928
1517035,41009132,2,0,F,277.24809376551479545,16928
1517035,41009135,1,0,F,312.72471854347179487,7220
1517035,41009135,2,0,F,312.72471854347179487,7220
1517036,38581126,1,0,F,239.91946042074803813,10632
1517036,38581126,2,0,F,239.91946042074803813,10632
1517036,38581488,1,0,F,176.87276632117129793,3281
1517036,38581488,2,0,F,176.87276632117129793,3281
1517036,38581490,1,0,F,136.02207190130616254,4848
1517036,38581490,2,0,F,136.02207190130616254,4848
1517036,41009176,1,0,F,307.79180485645485987,8871
1517036,41009176,2,0,F,307.79180485645485987,8871
1517037,38506777,1,0,F,203.06342956437421776,1465
1517037,38506777,2,0,F,203.06342956437421776,1465
1517037,38574296,1,0,F,265.50187290854921685,3669
1517037,38574296,2,0,F,265.50187290854921685,3669
1517038,38581493,1,0,F,119.24370990539416937,785
1517038,38581493,2,0,F,119.24370990539416937,785
1517039,38578480,1,0,F,289.33722439098653467,4494
1517039,38578480,2,0,F,289.33722439098653467,4494
1517040,38574147,1,0,F,206.22825149201483441,8507
1517040,38574147,2,0,F,206.22825149201483441,8507
1517040,38578464,1,0,F,218.70279089037444464,3750
1517040,38578464,2,0,F,218.70279089037444464,3750
1517041,38506452,1,0,F,247.83014123734133705,4278
1517041,38506452,2,0,F,247.83014123734133705,4278
1517041,38574145,1,0,F,199.58187641142583857,8606
1517041,38574145,2,0,F,199.58187641142583857,8606
1517041,38578462,1,0,F,363.32353602496021949,5951
1517041,38578462,2,0,F,363.32353602496021949,5951
1517041,38578466,1,0,F,234.71651878606832042,6370
1517041,38578466,2,0,F,234.71651878606832042,6370
1517041,38594592,1,0,F,312.10850572338262054,5733
1517041,38594592,2,0,F,312.10850572338262054,5733
1517042,38578486,1,0,F,303.99805278591662727,3661
1517042,38578486,2,0,F,303.99805278591662727,3661
1517044,38587469,1,0,F,252.45547201292794171,4937
1517044,38587469,2,0,F,252.45547201292794171,4937
1517044,38587496,1,0,F,291.98735910001329330,2465
1517044,38587496,2,0,F,291.98735910001329330,2465
1517046,38574176,1,0,F,353.79839699894472460,7101
1517046,38574176,2,0,F,353.79839699894472460,7101
1517046,38574178,1,0,F,234.48958678628767416,4532
1517046,38574178,2,0,F,234.48958678628767416,4532
1517046,38587487,1,0,F,75.28428545252845083,3864
1517046,38587487,2,0,F,75.28428545252845083,3864
1517046,38587488,1,0,F,262.98504415713392746,7460
1517046,38587488,2,0,F,262.98504415713392746,7460
1517046,38587489,1,0,F,314.77007749425808925,4255
1517046,38587489,2,0,F,314.77007749425808925,4255
1517046,38595376,1,0,F,260.20997891363538201,757
1517046,38595376,2,0,F,260.20997891363538201,757
1517048,38574170,1,0,F,286.00584144567346812,2937
1517048,38574170,2,0,F,286.00584144567346812,2937
1517049,38506453,1,0,F,306.96324623826893685,5148
1517049,38506453,2,0,F,306.96324623826893685,5148
1517050,38581494,1,0,F,284.90627514619319527,5836
1517050,38581494,2,0,F,284.90627514619319527,5836
1517050,41009234,1,0,F,350.61125995439414282,10100
1517050,41009234,2,0,F,350.61125995439414282,10100
1517051,38578458,1,0,F,266.28219562337727666,2896
1517051,38578458,2,0,F,266.28219562337727666,2896
1517051,38578459,1,0,F,192.61453005758087897,5563
1517051,38578459,2,0,F,192.61453005758087897,5563
1517051,41009231,1,0,F,404.78522864404840220,5265
1517051,41009231,2,0,F,404.78522864404840220,5265
1517052,38574109,1,0,F,402.30997747131550568,4423
1517052,38574109,2,0,F,402.30997747131550568,4423
1517053,38506445,1,0,F,224.00000000000002842,100
1517053,38506445,2,0,F,224.00000000000002842,100
1517053,38574110,1,0,F,346.78967285822955091,7722
1517053,38574110,2,0,F,346.78967285822955091,7722
1517053,38574111,1,0,F,322.22031180711582010,3153
1517053,38574111,2,0,F,322.22031180711582010,3153
1517053,38574112,1,0,F,293.24543253053650460,6116
1517053,38574112,2,0,F,293.24543253053650460,6116
1517054,38506456,1,0,F,325.33957713700266368,9254
1517054,38506456,2,0,F,325.33957713700266368,9254
1517054,38578454,1,0,F,167.55646578442784289,7091
1517054,38578454,2,0,F,167.55646578442784289,7091
1517054,38578455,1,0,F,311.53144243994807994,4884
1517054,38578455,2,0,F,311.53144243994807994,4884
1517055,38506458,1,0,F,320.92291865088753866,3136
1517055,38506458,2,0,F,320.92291865088753866,3136
1517055,38506752,1,0,F,283.67172932166687360,2740
1517055,38506752,2,0,F,283.67172932166687360,2740
1517055,38574133,1,0,F,259.00769927027107542,2632
1517055,38574133,2,0,F,259.00769927027107542,2632
1517056,38506443,1,0,F,281.22820798317326307,3352
1517056,38506443,2,0,F,281.22820798317326307,3352
1517056,38574136,1,0,F,236.06798898576769830,5400
1517056,38574136,2,0,F,236.06798898576769830,5400
1517056,38578428,1,0,F,259.34460942962567742,6100
1517056,38578428,2,0,F,259.34460942962567742,6100
1517056,38578429,1,0,F,313.86924362371769348,2546
1517056,38578429,2,0,F,313.86924362371769348,2546
1517056,38578430,1,0,F,212.88415958017753837,2969
1517056,38578430,2,0,F,212.88415958017753837,2969
1517056,38578431,1,0,F,303.14085518185993351,4019
1517056,38578431,2,0,F,303.14085518185993351,4019
1517056,38578432,1,0,F,256.77701458165864778,5309
1517056,38578432,2,0,F,256.77701458165864778,5309
1517056,38578440,1,0,F,280.43581501323660632,4974
1517056,38578440,2,0,F,280.43581501323660632,4974
1517057,38578433,1,0,F,354.64118410953909688,6421
1517057,38578433,2,0,F,354.64118410953909688,6421
1517057,38578440,1,0,F,308.44672363214920097,3856
1517057,38578440,2,0,F,308.44672363214920097,3856
1517057,38578442,1,0,F,328.42758690211940120,3791
1517057,38578442,2,0,F,328.42758690211940120,3791
1517057,38591851,1,0,F,253.79632858323026312,8485
1517057,38591851,2,0,F,253.79632858323026312,8485
1517057,38591854,1,0,F,298.01021944245133000,5467
1517057,38591854,2,0,F,298.01021944245133000,5467
1517057,38595540,1,0,F,313.66988619092734325,8246
1517057,38595540,2,0,F,313.66988619092734325,8246
1517058,38506461,1,0,F,380.37548766507217124,2443
1517058,38506461,2,0,F,380.37548766507217124,2443
1517058,38506463,1,0,F,310.82701729846382932,3342
1517058,38506463,2,0,F,310.82701729846382932,3342
1517058,38578445,1,0,F,348.04598374819141782,4102
1517058,38578445,2,0,F,348.04598374819141782,4102
1517058,38578446,1,0,F,409.50955603044951658,3222
1517058,38578446,2,0,F,409.50955603044951658,3222
1517059,38574317,1,0,F,325.37946242850347289,4359
1517059,38574317,2,0,F,325.37946242850347289,4359
1517059,38576317,1,0,F,276.58790707577753665,1904
1517059,38576317,2,0,F,276.58790707577753665,1904
1517059,38576362,1,0,F,369.62344661809697755,5517
1517059,38576362,2,0,F,369.62344661809697755,5517
1517059,38579727,1,0,F,323.96938806371872488,3873
1517059,38579727,2,0,F,323.96938806371872488,3873
1517059,38595371,1,0,F,243.21241242243436886,3393
1517059,38595371,2,0,F,243.21241242243436886,3393
1517059,38595372,1,0,F,346.39222029403453007,7419
1517059,38595372,2,0,F,346.39222029403453007,7419
1517060,38509780,1,0,F,269.51497033256049463,8874
1517060,38509780,2,0,F,269.51497033256049463,8874
1517061,38509850,1,0,F,93.06693789773149206,1862
1517061,38509850,2,0,F,93.06693789773149206,1862
1517062,38509659,1,0,F,254.22792934118277230,4112
1517062,38509659,2,0,F,254.22792934118277230,4112
1517062,38574409,1,0,F,228.97826285921482281,7504
1517062,38574409,2,0,F,228.97826285921482281,7504
1517063,38589894,1,0,F,251.69242901039717708,3812
1517063,38589894,2,0,F,251.69242901039717708,3812
1517065,38580882,1,0,F,226.99738881054111062,5527
1517065,38580882,2,0,F,226.99738881054111062,5527
1517065,41009149,1,0,F,393.38719781219964489,13486
1517065,41009149,2,0,F,393.38719781219964489,13486
1517066,38570047,1,0,F,281.89066310992899389,3908
1517066,38570047,2,0,F,281.89066310992899389,3908
1517067,38580498,1,0,F,335.10533448009431368,4405
1517067,38580498,2,0,F,335.10533448009431368,4405
1517067,38588954,1,0,F,342.90734258341791474,3532
1517067,38588954,2,0,F,342.90734258341791474,3532
1517068,38574314,1,0,F,250.43238975275068015,1265
1517068,38574314,2,0,F,250.43238975275068015,1265
1517069,41009153,1,0,F,672.61050927699477597,2430
1517069,41009153,2,0,F,672.61050927699477597,2430
1517070,38509690,1,0,F,178.03212328805463471,925
1517070,38509690,2,0,F,178.03212328805463471,925
1517071,38574384,1,0,F,253.82500147918062794,2722
1517071,38574384,2,0,F,253.82500147918062794,2722
1517071,38587407,1,0,F,245.89899670192065173,9649
1517071,38587407,2,0,F,245.89899670192065173,9649
1517071,38587570,1,0,F,284.91103761249348736,3480
1517071,38587570,2,0,F,284.91103761249348736,3480
1517071,38591449,1,0,F,144.61888617132214563,8205
1517071,38591449,2,0,F,144.61888617132214563,8205
1517071,38591450,1,0,F,201.30856056565491485,7824
1517071,38591450,2,0,F,201.30856056565491485,7824
1517071,38591454,1,0,F,221.95637165348972530,7194
1517071,38591454,2,0,F,221.95637165348972530,7194
1517071,38591456,1,0,F,159.44523895123191437,5040
1517071,38591456,2,0,F,159.44523895123191437,5040
1517071,38591460,1,0,F,178.99372221937568384,6664
1517071,38591460,2,0,F,178.99372221937568384,6664
1517071,38591463,1,0,F,445.62214320006830803,2187
1517071,38591463,2,0,F,445.62214320006830803,2187
1517071,38591466,1,0,F,154.87569453869295444,7443
1517071,38591466,2,0,F,154.87569453869295444,7443
1517072,38530666,1,0,F,374.92968433967865849,2701
1517072,38530666,2,0,F,374.92968433967865849,2701
1517074,41008926,1,0,F,330.17077146563480028,3133
1517074,41008926,2,0,F,330.17077146563480028,3133
1517076,38595374,1,0,F,147.06909345293010460,1389
1517076,38595374,2,0,F,147.06909345293010460,1389
1517077,38509890,1,0,F,449.61967152650345270,2424
1517077,38509890,2,0,F,449.61967152650345270,2424
1517079,38574777,1,0,F,306.82629601929653518,4156
1517079,38574777,2,0,F,306.82629601929653518,4156
1517079,41008977,1,0,F,447.57906104503632605,9725
1517079,41008977,2,0,F,447.57906104503632605,9725
1517081,38574776,1,0,F,426.61873797075895709,2924
1517081,38574776,2,0,F,426.61873797075895709,2924
1517082,38578569,1,0,F,274.26650687563972042,5210
1517082,38578569,2,0,F,274.26650687563972042,5210
1517083,38578567,1,0,F,328.05801465694514718,9036
1517083,38578567,2,0,F,328.05801465694514718,9036
1517085,38588536,1,0,F,261.16802470524481805,2424
1517085,38588536,2,0,F,261.16802470524481805,2424
1517086,38509978,1,0,F,214.27394138938194601,7887
1517086,38509978,2,0,F,214.27394138938194601,7887
1517086,38579883,1,0,F,256.30169299103164349,7163
1517086,38579883,2,0,F,256.30169299103164349,7163
1517086,38580033,1,0,F,396.76327309699740908,3952
1517086,38580033,2,0,F,396.76327309699740908,3952
1517086,38581772,1,0,F,239.17665265575456601,6549
1517086,38581772,2,0,F,239.17665265575456601,6549
1517087,38579883,1,0,F,306.28093742403524402,7296
1517087,38579883,2,0,F,306.28093742403524402,7296
1517088,38579881,1,0,F,227.85267814999394886,4989
1517088,38579881,2,0,F,227.85267814999394886,4989
1517089,38509678,1,0,F,234.16707108704025586,2829
1517089,38509678,2,0,F,234.16707108704025586,2829
1517090,38509974,1,0,F,93.47277899196475914,3696
1517090,38509974,2,0,F,93.47277899196475914,3696
1517092,38574571,1,0,F,293.14858826359653676,2700
1517092,38574571,2,0,F,293.14858826359653676,2700
1517093,38509964,1,0,F,242.88095265795757882,4683
1517093,38509964,2,0,F,242.88095265795757882,4683
1517093,38574618,1,0,F,323.19872970162805359,5367
1517093,38574618,2,0,F,323.19872970162805359,5367
1517095,38579891,1,0,F,337.51439077912579023,6800
1517095,38579891,2,0,F,337.51439077912579023,6800
1517096,38574413,1,0,F,252.91273247602291008,5364
1517096,38574413,2,0,F,252.91273247602291008,5364
1517096,38579890,1,0,F,233.02861595983361553,5226
1517096,38579890,2,0,F,233.02861595983361553,5226
1517096,38579893,1,0,F,279.52050983076338753,4386
1517096,38579893,2,0,F,279.52050983076338753,4386
1517096,38580770,1,0,F,222.15808991164308850,7504
1517096,38580770,2,0,F,222.15808991164308850,7504
1517096,38591778,1,0,F,284.30006997678890457,6220
1517096,38591778,2,0,F,284.30006997678890457,6220
1517097,38509697,1,0,F,228.24447316070339298,5511
1517097,38509697,2,0,F,228.24447316070339298,5511
1517097,38575114,1,0,F,350.23567285823230577,2613
1517097,38575114,2,0,F,350.23567285823230577,2613
1517097,38582467,1,0,F,200.55599928723378866,6404
1517097,38582467,2,0,F,200.55599928723378866,6404
1517097,38582468,1,0,F,237.75261373927554587,2837
1517097,38582468,2,0,F,237.75261373927554587,2837
1517098,38582493,1,0,F,279.85695927583719822,5345
1517098,38582493,2,0,F,279.85695927583719822,5345
1517099,38576090,1,0,F,169.94522121423156591,15080
1517099,38576090,2,0,F,169.94522121423156591,15080
1517099,38578524,1,0,F,136.12932450628932202,10172
1517099,38578524,2,0,F,136.12932450628932202,10172
1517099,38588035,1,0,F,197.93980852303988627,5298
1517099,38588035,2,0,F,197.93980852303988627,5298
1517099,38589512,1,0,F,244.14536976034361260,13503
1517099,38589512,2,0,F,244.14536976034361260,13503
1517099,38591749,1,0,F,245.44970334096959164,9448
1517099,38591749,2,0,F,245.44970334096959164,9448
1517099,38591753,1,0,F,188.07650567549418952,4712
1517099,38591753,2,0,F,188.07650567549418952,4712
1517099,38591754,1,0,F,301.64126646013045274,8940
1517099,38591754,2,0,F,301.64126646013045274,8940
1517100,38591723,1,0,F,170.34133402150283132,7867
1517100,38591723,2,0,F,170.34133402150283132,7867
1517100,38591724,1,0,F,163.54218220183705057,3928
1517100,38591724,2,0,F,163.54218220183705057,3928
1517100,38591725,1,0,F,181.17126768487599975,7164
1517100,38591725,2,0,F,181.17126768487599975,7164
1517100,38591734,1,0,F,218.04365384335068256,4298
1517100,38591734,2,0,F,218.04365384335068256,4298
1517100,38591735,1,0,F,308.34380720920773911,3577
1517100,38591735,2,0,F,308.34380720920773911,3577
1517100,38591736,1,0,F,156.25992794989861068,6156
1517100,38591736,2,0,F,156.25992794989861068,6156
1517100,41008407,1,0,F,345.97939962226098487,6221
1517100,41008407,2,0,F,345.97939962226098487,6221
1517100,41008426,1,0,F,395.53730584090021694,6064
1517100,41008426,2,0,F,395.53730584090021694,6064
1517101,38578530,1,0,F,200.50248758196747190,7342
1517101,38578530,2,0,F,200.50248758196747190,7342
1517101,38591736,1,0,F,238.99623968155304965,6116
1517101,38591736,2,0,F,238.99623968155304965,6116
1517101,41008426,1,0,F,459.37184342726430941,6827
1517101,41008426,2,0,F,459.37184342726430941,6827
1517101,41008443,1,0,F,331.10199473370585110,23187
1517101,41008443,2,0,F,331.10199473370585110,23187
1517102,38578536,1,0,F,246.95757370873781156,2076
1517102,38578536,2,0,F,246.95757370873781156,2076
1517103,38578534,1,0,F,195.95860059085069338,5848
1517103,38578534,2,0,F,195.95860059085069338,5848
1517105,38578561,1,0,F,208.50910192071185634,3323
1517105,38578561,2,0,F,208.50910192071185634,3323
1517106,38503369,1,0,F,256.90493464228302400,3039
1517106,38503369,2,0,F,256.90493464228302400,3039
1517106,38506968,1,0,F,313.10785465141208306,4553
1517106,38506968,2,0,F,313.10785465141208306,4553
1517106,38573595,1,0,F,318.04661668945516340,6117
1517106,38573595,2,0,F,318.04661668945516340,6117
1517106,38573859,1,0,F,250.88165665041077546,6801
1517106,38573859,2,0,F,250.88165665041077546,6801
1517109,38506487,1,0,F,312.20376384145896509,4295
1517109,38506487,2,0,F,312.20376384145896509,4295
1517110,38503995,1,0,F,194.13453774728631629,4296
1517110,38503995,2,0,F,194.13453774728631629,4296
1517110,38594376,1,0,F,221.84091925566838199,1260
1517110,38594376,2,0,F,221.84091925566838199,1260
1517111,38573856,1,0,F,308.59960938511733275,8226
1517111,38573856,2,0,F,308.59960938511733275,8226
1517111,41008555,1,0,F,349.96525186907575744,5753
1517111,41008555,2,0,F,349.96525186907575744,5753
1517112,38503790,1,0,F,229.27159180165730845,5725
1517112,38503790,2,0,F,229.27159180165730845,5725
1517112,38573852,1,0,F,267.00976416296742855,6739
1517112,38573852,2,0,F,267.00976416296742855,6739
1517112,38573854,1,0,F,268.83119610932658361,5188
1517112,38573854,2,0,F,268.83119610932658361,5188
1517112,38574440,1,0,F,204.69313643521280710,4685
1517112,38574440,2,0,F,204.69313643521280710,4685
1517112,38574441,1,0,F,226.19613005374782233,4043
1517112,38574441,2,0,F,226.19613005374782233,4043
1517112,41008620,1,0,F,433.79022238598770400,5980
1517112,41008620,2,0,F,433.79022238598770400,5980
1517113,38573879,1,0,F,230.37993575594620665,9101
1517113,38573879,2,0,F,230.37993575594620665,9101
1517115,38506486,1,0,F,88.67595857099205148,3855
1517115,38506486,2,0,F,88.67595857099205148,3855
1517116,38503981,1,0,F,335.47967358158427942,3433
1517116,38503981,2,0,F,335.47967358158427942,3433
1517116,38574442,1,0,F,258.47401219531678862,6545
1517116,38574442,2,0,F,258.47401219531678862,6545
1517117,38503768,1,0,F,138.49872305533432382,639
1517117,38503768,2,0,F,138.49872305533432382,639
1517120,38573869,1,0,F,299.77734550889778120,7020
1517120,38573869,2,0,F,299.77734550889778120,7020
1517120,41008730,1,0,F,389.53719077707398810,4025
1517120,41008730,2,0,F,389.53719077707398810,4025
1517121,38573868,1,0,F,124.75805043734480648,2092
1517121,38573868,2,0,F,124.75805043734480648,2092
1517122,38503384,1,0,F,235.07620525808226830,1406
1517122,38503384,2,0,F,235.07620525808226830,1406
1517122,38573877,1,0,F,377.94463364112181125,4041
1517122,38573877,2,0,F,377.94463364112181125,4041
1517122,38580537,1,0,F,227.91433182960619774,5727
1517122,38580537,2,0,F,227.91433182960619774,5727
1517122,41008690,1,0,F,294.19085346026645311,4728
1517122,41008690,2,0,F,294.19085346026645311,4728
1517123,38578491,1,0,F,297.41865292028813883,5128
1517123,38578491,2,0,F,297.41865292028813883,5128
1517125,38509990,1,0,F,252.98502718601284300,5718
1517125,38509990,2,0,F,252.98502718601284300,5718
1517127,38506686,1,0,F,163.93674123755567962,2162
1517127,38506686,2,0,F,163.93674123755567962,2162
1517128,38587772,1,0,F,590.14403374589448958,1
1517128,38587772,2,0,F,590.14403374589448958,1
1517129,38506685,1,0,F,309.89843294788300909,5580
1517129,38506685,2,0,F,309.89843294788300909,5580
1517129,38578517,1,0,F,290.23127334398554922,5113
1517129,38578517,2,0,F,290.23127334398554922,5113
1517131,38578521,1,0,F,279.56264388928502740,2102
1517131,38578521,2,0,F,279.56264388928502740,2102
1517131,38580480,1,0,F,354.01122275895011171,6772
1517131,38580480,2,0,F,354.01122275895011171,6772
1517131,41008751,1,0,F,348.53639505401093857,12187
1517131,41008751,2,0,F,348.53639505401093857,12187
1517132,38573982,1,0,F,435.99439644723253195,3172
1517132,38573982,2,0,F,435.99439644723253195,3172
1517132,38573988,1,0,F,457.58783392656522437,2050
1517132,38573988,2,0,F,457.58783392656522437,2050
1517133,38573983,1,0,F,432.86687106362040822,1981
1517133,38573983,2,0,F,432.86687106362040822,1981
1517134,38573980,1,0,F,284.11419057135401545,7055
1517134,38573980,2,0,F,284.11419057135401545,7055
1517134,38580489,1,0,F,293.22535765360845517,3360
1517134,38580489,2,0,F,293.22535765360845517,3360
1517134,41008773,1,0,F,517.01244780991703465,1419
1517134,41008773,2,0,F,517.01244780991703465,1419
1517134,41008786,1,0,F,348.17143782002034413,2476
1517134,41008786,2,0,F,348.17143782002034413,2476
1517135,38506633,1,0,F,246.27930123404595975,3632
1517135,38506633,2,0,F,246.27930123404595975,3632
1517136,38503975,1,0,F,343.87673482803768366,230
1517136,38503975,2,0,F,343.87673482803768366,230
1517136,38574002,1,0,F,146.14103355553342567,1984
1517136,38574002,2,0,F,146.14103355553342567,1984
1517136,38574005,1,0,F,268.12836539609475039,458
1517136,38574005,2,0,F,268.12836539609475039,458
1517136,38574008,1,0,F,207.12661393042725422,9632
1517136,38574008,2,0,F,207.12661393042725422,9632
1517136,38574010,1,0,F,266.01659338937054144,12242
1517136,38574010,2,0,F,266.01659338937054144,12242
1517136,38578579,1,0,F,286.10620034715475413,2719
1517136,38578579,2,0,F,286.10620034715475413,2719
1517136,38578585,1,0,F,178.22430000565913133,4592
1517136,38578585,2,0,F,178.22430000565913133,4592
1517136,38578586,1,0,F,162.90458900225152661,499
1517136,38578586,2,0,F,162.90458900225152661,499
1517137,38506621,1,0,F,216.32277809426622639,2804
1517137,38506621,2,0,F,216.32277809426622639,2804
1517137,38574007,1,0,F,360.11232493431839430,5148
1517137,38574007,2,0,F,360.11232493431839430,5148
1517138,38506474,1,0,F,169.05304336057523074,2830
1517138,38506474,2,0,F,169.05304336057523074,2830
1517139,38506766,1,0,F,343.61471444580627121,2026
1517139,38506766,2,0,F,343.61471444580627121,2026
1517140,38578589,1,0,F,240.02618070118091964,3173
1517140,38578589,2,0,F,240.02618070118091964,3173
1517140,38578591,1,0,F,248.90758583452233665,9522
1517140,38578591,2,0,F,248.90758583452233665,9522
1517141,38578592,1,0,F,326.68390421812779323,8135
1517141,38578592,2,0,F,326.68390421812779323,8135
1517142,38506479,1,0,F,243.96030691827800752,932
1517142,38506479,2,0,F,243.96030691827800752,932
1517142,38574180,1,0,F,312.47199701728271748,2925
1517142,38574180,2,0,F,312.47199701728271748,2925
1517143,41008834,1,0,F,507.17189750167966622,1300
1517143,41008834,2,0,F,507.17189750167966622,1300
1517146,38506770,1,0,F,184.11170886565309956,2625
1517146,38506770,2,0,F,184.11170886565309956,2625
1517147,38574018,1,0,F,381.53355527915880430,5215
1517147,38574018,2,0,F,381.53355527915880430,5215
1517149,38506776,1,0,F,377.63897592006992454,665
1517149,38506776,2,0,F,377.63897592006992454,665
1517150,38574042,1,0,F,164.62636692224805302,3586
1517150,38574042,2,0,F,164.62636692224805302,3586
1517151,38506757,1,0,F,170.11282215880038393,1889
1517151,38506757,2,0,F,170.11282215880038393,1889
1517152,38506750,1,0,F,101.34395173142877411,917
1517152,38506750,2,0,F,101.34395173142877411,917
1517154,38506788,1,0,F,215.60305760939644415,655
1517154,38506788,2,0,F,215.60305760939644415,655
1517155,38506780,1,0,F,200.81217919869689581,1572
1517155,38506780,2,0,F,200.81217919869689581,1572
1517156,38506740,1,0,F,204.87164430703856510,5548
1517156,38506740,2,0,F,204.87164430703856510,5548
1517156,38573605,1,0,F,351.43625833243146417,4190
1517156,38573605,2,0,F,351.43625833243146417,4190
1517156,38587744,1,0,F,190.35401940037516511,6018
1517156,38587744,2,0,F,190.35401940037516511,6018
1517156,38589924,1,0,F,168.22247043778625653,4571
1517156,38589924,2,0,F,168.22247043778625653,4571
1517156,38589925,1,0,F,346.84469447707130030,4375
1517156,38589925,2,0,F,346.84469447707130030,4375
1517157,38506672,1,0,F,167.50483133434522642,4041
1517157,38506672,2,0,F,167.50483133434522642,4041
1517157,38506677,1,0,F,202.15332631348329073,3000
1517157,38506677,2,0,F,202.15332631348329073,3000
1517157,38573603,1,0,F,206.87059585403193296,9444
1517157,38573603,2,0,F,206.87059585403193296,9444
1517157,38573911,1,0,F,160.52478965883130968,6216
1517157,38573911,2,0,F,160.52478965883130968,6216
1517157,38573926,1,0,F,164.90983066140961455,3769
1517157,38573926,2,0,F,164.90983066140961455,3769
1517157,38578596,1,0,F,174.55253184023354152,5880
1517157,38578596,2,0,F,174.55253184023354152,5880
1517157,38578598,1,0,F,124.70954463757236397,5871
1517157,38578598,2,0,F,124.70954463757236397,5871
1517157,38578795,1,0,F,270.04955201862793501,3944
1517157,38578795,2,0,F,270.04955201862793501,3944
1517157,38578796,1,0,F,289.19035919583052419,2695
1517157,38578796,2,0,F,289.19035919583052419,2695
1517157,38578824,1,0,F,201.64434229918367691,2784
1517157,38578824,2,0,F,201.64434229918367691,2784
1517157,38578826,1,0,F,209.11015240352529077,7455
1517157,38578826,2,0,F,209.11015240352529077,7455
1517157,38591659,1,0,F,182.72148771431076852,4797
1517157,38591659,2,0,F,182.72148771431076852,4797
1517157,38591669,1,0,F,193.97669401846499682,7155
1517157,38591669,2,0,F,193.97669401846499682,7155
1517157,38591680,1,0,F,157.10353928860632777,4026
1517157,38591680,2,0,F,157.10353928860632777,4026
1517157,38591682,1,0,F,184.02930643049603532,6183
1517157,38591682,2,0,F,184.02930643049603532,6183
1517157,38591683,1,0,F,248.06296765616028210,5194
1517157,38591683,2,0,F,248.06296765616028210,5194
1517157,38591792,1,0,F,256.18013955318076569,5058
1517157,38591792,2,0,F,256.18013955318076569,5058
1517157,38594156,1,0,F,327.84682618613607019,3441
1517157,38594156,2,0,F,327.84682618613607019,3441
1517157,38594157,1,0,F,148.85658375467974679,5209
1517157,38594157,2,0,F,148.85658375467974679,5209
1517158,38506997,1,0,F,222.61071282421679030,3565
1517158,38506997,2,0,F,222.61071282421679030,3565
1517158,38579275,1,0,F,253.40245213091151300,2018
1517158,38579275,2,0,F,253.40245213091151300,2018
1517159,38506675,1,0,F,268.44827460800269137,6919
1517159,38506675,2,0,F,268.44827460800269137,6919
1517160,38506730,1,0,F,233.30301158854814503,5297
1517160,38506730,2,0,F,233.30301158854814503,5297
1517160,38506785,1,0,F,301.26709957587172539,2659
1517160,38506785,2,0,F,301.26709957587172539,2659
1517160,38573917,1,0,F,234.09500796057500338,2297
1517160,38573917,2,0,F,234.09500796057500338,2297
1517160,38583505,1,0,F,246.41922001926508301,2902
1517160,38583505,2,0,F,246.41922001926508301,2902
1517161,38506581,1,0,F,309.78693507052526002,5810
1517161,38506581,2,0,F,309.78693507052526002,5810
1517161,38595388,1,0,F,165.36618267570082708,851
1517161,38595388,2,0,F,165.36618267570082708,851
1517162,38506725,1,0,F,75.65885003353314175,7884
1517162,38506725,2,0,F,75.65885003353314175,7884
1517162,38506728,1,0,F,252.64034309517208499,10532
1517162,38506728,2,0,F,252.64034309517208499,10532
1517162,38573930,1,0,F,186.35896461009846803,6384
1517162,38573930,2,0,F,186.35896461009846803,6384
1517162,38581593,1,0,F,353.36882485047078717,4704
1517162,38581593,2,0,F,353.36882485047078717,4704
1517162,38583056,1,0,F,196.70605256662298643,3912
1517162,38583056,2,0,F,196.70605256662298643,3912
1517162,38583059,1,0,F,277.61985615387760618,5127
1517162,38583059,2,0,F,277.61985615387760618,5127
1517162,38583060,1,0,F,202.65626617804858256,7362
1517162,38583060,2,0,F,202.65626617804858256,7362
1517163,38506576,1,0,F,363.27654576065668834,3288
1517163,38506576,2,0,F,363.27654576065668834,3288
1517163,38506589,1,0,F,225.18776622060758541,2216
1517163,38506589,2,0,F,225.18776622060758541,2216
1517163,38573938,1,0,F,304.09040224613318060,12623
1517163,38573938,2,0,F,304.09040224613318060,12623
1517163,38573941,1,0,F,151.30765621136802679,1130
1517163,38573941,2,0,F,151.30765621136802679,1130
1517166,38506580,1,0,F,418.75190398172554751,3229
1517166,38506580,2,0,F,418.75190398172554751,3229
1517166,38573932,1,0,F,289.05512968761013326,9937
1517166,38573932,2,0,F,289.05512968761013326,9937
1517167,38506876,1,0,F,313.30620951983661371,3258
1517167,38506876,2,0,F,313.30620951983661371,3258
1517169,38506661,1,0,F,122.20198182853239643,882
1517169,38506661,2,0,F,122.20198182853239643,882
1517170,38506784,1,0,F,75.71725164637355476,2308
1517170,38506784,2,0,F,75.71725164637355476,2308
1517171,38506764,1,0,F,264.77439952303188875,2924
1517171,38506764,2,0,F,264.77439952303188875,2924
1517172,38506483,1,0,F,111.35996056887276495,682
1517172,38506483,2,0,F,111.35996056887276495,682
1517173,38574201,1,0,F,293.76100699720450393,8406
1517173,38574201,2,0,F,293.76100699720450393,8406
1517173,41008879,1,0,F,555.47196792441263824,5390
1517173,41008879,2,0,F,555.47196792441263824,5390
1517174,38573978,1,0,F,220.35723038680848163,4983
1517174,38573978,2,0,F,220.35723038680848163,4983
1517174,38574202,1,0,F,166.19231053376481100,10494
1517174,38574202,2,0,F,166.19231053376481100,10494
1517174,38580553,1,0,F,213.41578992627134426,5907
1517174,38580553,2,0,F,213.41578992627134426,5907
1517174,38580555,1,0,F,166.39832454198574396,6319
1517174,38580555,2,0,F,166.39832454198574396,6319
1517174,38582184,1,0,F,231.54769858501495605,5298
1517174,38582184,2,0,F,231.54769858501495605,5298
1517174,38583617,1,0,F,302.58926780562779868,5692
1517174,38583617,2,0,F,302.58926780562779868,5692
1517175,38573934,1,0,F,315.55014337084401177,2829
1517175,38573934,2,0,F,315.55014337084401177,2829
1518001,38509790,1,0,F,227.63137154201783119,6776
1518001,38509790,2,0,F,227.63137154201783119,6776
1518006,38509950,1,0,F,203.83010944643285711,3711
1518006,38509950,2,0,F,203.83010944643285711,3711
1518007,38509790,1,0,F,133.75165460650279670,3738
1518007,38509790,2,0,F,133.75165460650279670,3738
1518008,38574632,1,0,F,455.35408582088547291,539
1518008,38574632,2,0,F,455.35408582088547291,539
1518009,38509303,1,0,F,28.35522002930813912,602
1518009,38509303,2,0,F,28.35522002930813912,602
1518011,38509768,1,0,F,227.66674749651798493,869
1518011,38509768,2,0,F,227.66674749651798493,869
1518012,38580716,1,0,F,357.71507786403054752,2632
1518012,38580716,2,0,F,357.71507786403054752,2632
1518013,38509755,1,0,F,266.73134861003114793,320
1518013,38509755,2,0,F,266.73134861003114793,320
1518013,38509797,1,0,F,162.44661985779157476,24
1518013,38509797,2,0,F,162.44661985779157476,24
1518013,38509889,1,0,F,144.45843809567529092,80
1518013,38509889,2,0,F,144.45843809567529092,80
1518013,38574508,1,0,F,130.53674324731321121,28
1518013,38574508,2,0,F,130.53674324731321121,28
1518014,38509894,1,0,F,251.63676748397202232,812
1518014,38509894,2,0,F,251.63676748397202232,812
1518015,38509301,1,0,F,122.95667912013941248,184
1518015,38509301,2,0,F,122.95667912013941248,184
1518015,38509304,1,0,F,122.69014760136813891,157
1518015,38509304,2,0,F,122.69014760136813891,157
1518015,38574863,1,0,F,88.13573187597498304,146
1518015,38574863,2,0,F,88.13573187597498304,146
1518015,41009244,1,0,F,442.16652262931671657,1458
1518015,41009244,2,0,F,442.16652262931671657,1458
1518016,38509970,1,0,F,51.09895171371183409,162
1518016,38509970,2,0,F,51.09895171371183409,162
1518017,38509305,1,0,F,165.72904846346602881,525
1518017,38509305,2,0,F,165.72904846346602881,525
1518018,38509751,1,0,F,148.95835583372112865,677
1518018,38509751,2,0,F,148.95835583372112865,677
1518019,38509789,1,0,F,265.82525313378073406,1725
1518019,38509789,2,0,F,265.82525313378073406,1725
1518020,38574842,1,0,F,285.28961891794693884,553
1518020,38574842,2,0,F,285.28961891794693884,553
1518021,38574868,1,0,F,173.70964080768669646,1752
1518021,38574868,2,0,F,173.70964080768669646,1752
1518022,38574651,1,0,F,146.91699459688462071,2322
1518022,38574651,2,0,F,146.91699459688462071,2322
1518023,41009386,1,0,F,387.68750607806867947,8463
1518023,41009386,2,0,F,387.68750607806867947,8463
1518023,41009392,1,0,F,529.85079337185879922,5987
1518023,41009392,2,0,F,529.85079337185879922,5987
1518025,38574797,1,0,F,376.32962554121837684,1390
1518025,38574797,2,0,F,376.32962554121837684,1390
1518026,38579985,1,0,F,245.19355588278816072,5199
1518026,38579985,2,0,F,245.19355588278816072,5199
1518028,38587602,1,0,F,165.29959780459273588,3401
1518028,38587602,2,0,F,165.29959780459273588,3401
1518030,38587606,1,0,F,387.61789061621755081,2902
1518030,38587606,2,0,F,387.61789061621755081,2902
1518030,41008477,1,0,F,303.30213563160435797,3931
1518030,41008477,2,0,F,303.30213563160435797,3931
1518031,38509769,1,0,F,52.22298875030989507,487
1518031,38509769,2,0,F,52.22298875030989507,487
1518032,41008610,1,0,F,224.37305946777763666,596
1518032,41008610,2,0,F,224.37305946777763666,596
1518035,38574927,1,0,F,50.24194362284880100,5222
1518035,38574927,2,0,F,50.24194362284880100,5222
1518035,38574933,1,0,F,112.80809076310690386,90
1518035,38574933,2,0,F,112.80809076310690386,90
1518036,38581166,1,0,F,241.83669043853672065,4224
1518036,38581166,2,0,F,241.83669043853672065,4224
1518038,38575058,1,0,F,286.09658622025779096,1061
1518038,38575058,2,0,F,286.09658622025779096,1061
1518039,38509753,1,0,F,309.88493264351757261,369
1518039,38509753,2,0,F,309.88493264351757261,369
1518040,38509799,1,0,F,110.21731540226355150,3512
1518040,38509799,2,0,F,110.21731540226355150,3512
1518044,38509306,1,0,F,200.16903604779739112,131
1518044,38509306,2,0,F,200.16903604779739112,131
1518045,38574994,1,0,F,183.88158609629883244,258
1518045,38574994,2,0,F,183.88158609629883244,258
1518046,38509791,1,0,F,58.63150955594483094,340
1518046,38509791,2,0,F,58.63150955594483094,340
1518046,38509961,1,0,F,186.35899796161365316,370
1518046,38509961,2,0,F,186.35899796161365316,370
1518047,38509957,1,0,F,184.74556944182279494,177
1518047,38509957,2,0,F,184.74556944182279494,177
1518048,38574983,1,0,F,257.44313900196056011,489
1518048,38574983,2,0,F,257.44313900196056011,489
1518049,38509958,1,0,F,191.03859909472672030,1624
1518049,38509958,2,0,F,191.03859909472672030,1624
1518050,38575024,1,0,F,212.80573809060345525,799
1518050,38575024,2,0,F,212.80573809060345525,799
1518051,38509767,1,0,F,247.69983591616542640,615
1518051,38509767,2,0,F,247.69983591616542640,615
1518052,38575033,1,0,F,223.60981171214822893,110
1518052,38575033,2,0,F,223.60981171214822893,110
1518052,38575034,1,0,F,310.47890434812785543,59
1518052,38575034,2,0,F,310.47890434812785543,59
1518052,38575044,1,0,F,328.08485301245582377,104
1518052,38575044,2,0,F,328.08485301245582377,104
1518053,38575054,1,0,F,184.44859521056915241,26
1518053,38575054,2,0,F,184.44859521056915241,26
1518053,38575093,1,0,F,153.29182089928448818,2092
1518053,38575093,2,0,F,153.29182089928448818,2092
1518054,38509879,1,0,F,121.28207945952178193,356
1518054,38509879,2,0,F,121.28207945952178193,356
1518055,38509787,1,0,F,169.59889222721082547,236
1518055,38509787,2,0,F,169.59889222721082547,236
1518055,38509864,1,0,F,215.89520493123649203,844
1518055,38509864,2,0,F,215.89520493123649203,844
1518055,38575092,1,0,F,330.36115554842655229,141
1518055,38575092,2,0,F,330.36115554842655229,141
1518056,38581568,1,0,F,181.83305298292373209,597
1518056,38581568,2,0,F,181.83305298292373209,597
1518057,38574990,1,0,F,245.97739023469398489,12446
1518057,38574990,2,0,F,245.97739023469398489,12446
1518057,38574991,1,0,F,212.85440536002190015,7558
1518057,38574991,2,0,F,212.85440536002190015,7558
1518057,38581172,1,0,F,81.52282545800449043,1286
1518057,38581172,2,0,F,81.52282545800449043,1286
1518058,38575040,1,0,F,119.10318943097726674,96
1518058,38575040,2,0,F,119.10318943097726674,96
1518058,38575042,1,0,F,87.24140452223811337,95
1518058,38575042,2,0,F,87.24140452223811337,95
1518058,38575048,1,0,F,130.22263234731008197,538
1518058,38575048,2,0,F,130.22263234731008197,538
1518058,38575050,1,0,F,82.47226799928579055,69
1518058,38575050,2,0,F,82.47226799928579055,69
1518059,38509952,1,0,F,374.68365988873250672,2039
1518059,38509952,2,0,F,374.68365988873250672,2039
1518059,38575036,1,0,F,122.68599454703050355,38
1518059,38575036,2,0,F,122.68599454703050355,38
1518060,38509987,1,0,F,106.60053677765465352,1654
1518060,38509987,2,0,F,106.60053677765465352,1654
1518061,38509786,1,0,F,329.83434381992435647,7599
1518061,38509786,2,0,F,329.83434381992435647,7599
1518064,38509729,1,0,F,288.20196136791605568,1192
1518064,38509729,2,0,F,288.20196136791605568,1192
1518065,38509728,1,0,F,191.75032094079824674,2373
1518065,38509728,2,0,F,191.75032094079824674,2373
1518066,38509892,1,0,F,89.04648806019997664,64
1518066,38509892,2,0,F,89.04648806019997664,64
1518066,38509986,1,0,F,210.78558255409618027,680
1518066,38509986,2,0,F,210.78558255409618027,680
1518066,38574604,1,0,F,297.90187369892294100,79
1518066,38574604,2,0,F,297.90187369892294100,79
1518066,38581169,1,0,F,145.10223902684691666,896
1518066,38581169,2,0,F,145.10223902684691666,896
1518067,38509666,1,0,F,246.81460473003721745,188
1518067,38509666,2,0,F,246.81460473003721745,188
1518067,38509783,1,0,F,171.93998468633077437,88
1518067,38509783,2,0,F,171.93998468633077437,88
1518068,38509665,1,0,F,337.36936629734299231,62
1518068,38509665,2,0,F,337.36936629734299231,62
1518068,38509884,1,0,F,233.93812141207928335,1060
1518068,38509884,2,0,F,233.93812141207928335,1060
1518069,38509982,1,0,F,257.05187185949904460,438
1518069,38509982,2,0,F,257.05187185949904460,438
1518070,38509888,1,0,F,213.01937913421193116,211
1518070,38509888,2,0,F,213.01937913421193116,211
1518071,38509796,1,0,F,168.59639949082549037,160
1518071,38509796,2,0,F,168.59639949082549037,160
1518071,38509966,1,0,F,54.79161487413085752,138
1518071,38509966,2,0,F,54.79161487413085752,138
1518071,38574814,1,0,F,123.38999776435214528,243
1518071,38574814,2,0,F,123.38999776435214528,243
1518071,38574816,1,0,F,298.57765271213611413,136
1518071,38574816,2,0,F,298.57765271213611413,136
1518071,38574819,1,0,F,171.99909182311185418,115
1518071,38574819,2,0,F,171.99909182311185418,115
1518072,38509745,1,0,F,188.61210741776858413,480
1518072,38509745,2,0,F,188.61210741776858413,480
1518072,38574586,1,0,F,229.63476700952571719,529
1518072,38574586,2,0,F,229.63476700952571719,529
1518072,38574591,1,0,F,389.56654576907010323,350
1518072,38574591,2,0,F,389.56654576907010323,350
1518072,38583610,1,0,F,815.06452467558779063,1
1518072,38583610,2,0,F,815.06452467558779063,1
1518073,41009100,1,0,F,378.41255664633325750,10290
1518073,41009100,2,0,F,378.41255664633325750,10290
1518074,38574687,1,0,F,207.60511542224071491,355
1518074,38574687,2,0,F,207.60511542224071491,355
1518075,38509603,1,0,F,29.19496211399255614,263
1518075,38509603,2,0,F,29.19496211399255614,263
1518076,38574554,1,0,F,247.12144073440549619,2828
1518076,38574554,2,0,F,247.12144073440549619,2828
1518077,38574910,1,0,F,255.23913860416385546,1766
1518077,38574910,2,0,F,255.23913860416385546,1766
1518078,38509662,1,0,F,354.10954390417049353,49
1518078,38509662,2,0,F,354.10954390417049353,49
1518078,38509752,1,0,F,189.55453083756853516,3227
1518078,38509752,2,0,F,189.55453083756853516,3227
1518078,38583443,1,0,F,189.82408550472067077,163
1518078,38583443,2,0,F,189.82408550472067077,163
1518079,38580180,1,0,F,143.77372474088744525,515
1518079,38580180,2,0,F,143.77372474088744525,515
1518080,38574547,1,0,F,256.85829363502011802,628
1518080,38574547,2,0,F,256.85829363502011802,628
1518081,38574517,1,0,F,195.01614027634121840,589
1518081,38574517,2,0,F,195.01614027634121840,589
1518081,38574524,1,0,F,332.40414278770793999,1238
1518081,38574524,2,0,F,332.40414278770793999,1238
1518081,38574528,1,0,F,320.21012441391684433,171
1518081,38574528,2,0,F,320.21012441391684433,171
1518082,38574544,1,0,F,188.41843432440145989,233
1518082,38574544,2,0,F,188.41843432440145989,233
1518082,38574545,1,0,F,198.45361183599032984,1000
1518082,38574545,2,0,F,198.45361183599032984,1000
1518082,38581863,1,0,F,187.00046491116722791,816
1518082,38581863,2,0,F,187.00046491116722791,816
1518083,38509660,1,0,F,330.14607203211403430,92
1518083,38509660,2,0,F,330.14607203211403430,92
1518084,38574578,1,0,F,315.11479088617801381,1349
1518084,38574578,2,0,F,315.11479088617801381,1349
1518085,38509754,1,0,F,179.63605558493640046,57
1518085,38509754,2,0,F,179.63605558493640046,57
1518085,38509784,1,0,F,51.74051632251457988,45
1518085,38509784,2,0,F,51.74051632251457988,45
1518086,38580447,1,0,F,334.64887346695434189,2995
1518086,38580447,2,0,F,334.64887346695434189,2995
1518087,38574533,1,0,F,98.27570279272960363,172
1518087,38574533,2,0,F,98.27570279272960363,172
1518087,41009115,1,0,F,351.35226581567383164,19757
1518087,41009115,2,0,F,351.35226581567383164,19757
1518088,38509968,1,0,F,231.27684574986778898,831
1518088,38509968,2,0,F,231.27684574986778898,831
1518089,38574579,1,0,F,298.47888477806327501,2942
1518089,38574579,2,0,F,298.47888477806327501,2942
1518090,38574733,1,0,F,193.58598534935271118,328
1518090,38574733,2,0,F,193.58598534935271118,328
1518091,38509773,1,0,F,222.01011036273104082,5537
1518091,38509773,2,0,F,222.01011036273104082,5537
1518091,38574681,1,0,F,284.11498998725403453,4438
1518091,38574681,2,0,F,284.11498998725403453,4438
1518092,38509895,1,0,F,237.82020267934100843,2745
1518092,38509895,2,0,F,237.82020267934100843,2745
1518094,38573016,1,0,F,244.63834478072163847,7594
1518094,38573016,2,0,F,244.63834478072163847,7594
1518094,41009043,1,0,F,257.55340068297113021,4705
1518094,41009043,2,0,F,257.55340068297113021,4705
1518095,38573021,1,0,F,219.05405805522448759,7049
1518095,38573021,2,0,F,219.05405805522448759,7049
1518096,38509730,1,0,F,273.69850261022224913,3786
1518096,38509730,2,0,F,273.69850261022224913,3786
1518098,38574672,1,0,F,225.44236447643970678,6556
1518098,38574672,2,0,F,225.44236447643970678,6556
1518098,38574673,1,0,F,246.80999370403432636,6429
1518098,38574673,2,0,F,246.80999370403432636,6429
1518098,41009092,1,0,F,273.56479385932152582,9619
1518098,41009092,2,0,F,273.56479385932152582,9619
1518098,41009120,1,0,F,448.81592272571043623,7087
1518098,41009120,2,0,F,448.81592272571043623,7087
1518099,38574671,1,0,F,126.90546971212101823,3168
1518099,38574671,2,0,F,126.90546971212101823,3168
1518100,38572664,1,0,F,229.82072652903735843,6427
1518100,38572664,2,0,F,229.82072652903735843,6427
1518100,38572746,1,0,F,279.65397466970000551,5522
1518100,38572746,2,0,F,279.65397466970000551,5522
1518101,41009390,1,0,F,215.03766743304905162,329
1518101,41009390,2,0,F,215.03766743304905162,329
1518102,41009403,1,0,F,266.95834605192294475,264
1518102,41009403,2,0,F,266.95834605192294475,264
1518103,38581578,1,0,F,260.18662509755108658,5891
1518103,38581578,2,0,F,260.18662509755108658,5891
1518104,41009408,1,0,F,503.68534039422843307,588
1518104,41009408,2,0,F,503.68534039422843307,588
1518105,38581817,1,0,F,244.57332012231762519,1052
1518105,38581817,2,0,F,244.57332012231762519,1052
1518106,38509776,1,0,F,195.45021971655486936,478
1518106,38509776,2,0,F,195.45021971655486936,478
1518107,38509891,1,0,F,118.98118871920461004,742
1518107,38509891,2,0,F,118.98118871920461004,742
1518109,38509747,1,0,F,206.26049450041006139,8736
1518109,38509747,2,0,F,206.26049450041006139,8736
1518109,38582929,1,0,F,250.80589811342369444,6200
1518109,38582929,2,0,F,250.80589811342369444,6200
1518110,38574785,1,0,F,253.48267012482884297,1185
1518110,38574785,2,0,F,253.48267012482884297,1185
1518111,38509798,1,0,F,143.65211308697058712,1865
1518111,38509798,2,0,F,143.65211308697058712,1865
1518111,38509898,1,0,F,159.23485520700890561,345
1518111,38509898,2,0,F,159.23485520700890561,345
1518112,38509951,1,0,F,49.00656901704439861,213
1518112,38509951,2,0,F,49.00656901704439861,213
1518112,38574646,1,0,F,252.12478389366344800,257
1518112,38574646,2,0,F,252.12478389366344800,257
1518112,38574657,1,0,F,85.57213641458999120,70
1518112,38574657,2,0,F,85.57213641458999120,70
1518113,38509869,1,0,F,101.24499341547040387,967
1518113,38509869,2,0,F,101.24499341547040387,967
1518115,38509873,1,0,F,217.05583048442079530,5574
1518115,38509873,2,0,F,217.05583048442079530,5574
1518118,38509863,1,0,F,285.73780347544135338,1222
1518118,38509863,2,0,F,285.73780347544135338,1222
1518119,38509749,1,0,F,1366.00000000000000000,871
1518119,38509749,2,0,F,1366.00000000000000000,871
1518120,38509761,1,0,F,227.08837376891636950,238
1518120,38509761,2,0,F,227.08837376891636950,238
1518121,38509883,1,0,F,127.98105926307096070,617
1518121,38509883,2,0,F,127.98105926307096070,617
1518122,38509860,1,0,F,284.21343307587329718,735
1518122,38509860,2,0,F,284.21343307587329718,735
1518124,38509956,1,0,F,191.89334577135116433,1249
1518124,38509956,2,0,F,191.89334577135116433,1249
1518125,38509794,1,0,F,159.21480246852331675,1802
1518125,38509794,2,0,F,159.21480246852331675,1802
1518126,38509882,1,0,F,340.65297179537532202,4040
1518126,38509882,2,0,F,340.65297179537532202,4040
1518129,38509880,1,0,F,428.57359366038798498,2695
1518129,38509880,2,0,F,428.57359366038798498,2695
1518130,38509762,1,0,F,225.97620202799649292,1350
1518130,38509762,2,0,F,225.97620202799649292,1350
1518132,38509870,1,0,F,208.18119887539106116,4136
1518132,38509870,2,0,F,208.18119887539106116,4136
1518132,38574515,1,0,F,246.82253294823925671,2184
1518132,38574515,2,0,F,246.82253294823925671,2184
1518132,38574946,1,0,F,179.69578241449588063,10400
1518132,38574946,2,0,F,179.69578241449588063,10400
1518132,38574948,1,0,F,258.13819962726290669,5523
1518132,38574948,2,0,F,258.13819962726290669,5523
1518132,38590456,1,0,F,165.81602235311416393,7077
1518132,38590456,2,0,F,165.81602235311416393,7077
1518132,41009324,1,0,F,625.96892640113594553,8012
1518132,41009324,2,0,F,625.96892640113594553,8012
1518133,38574971,1,0,F,24.05388348031608459,2670
1518133,38574971,2,0,F,24.05388348031608459,2670
1518134,38574944,1,0,F,304.78429282772106035,3613
1518134,38574944,2,0,F,304.78429282772106035,3613
1518134,41009330,1,0,F,250.21399727243033340,2910
1518134,41009330,2,0,F,250.21399727243033340,2910
1518135,38574974,1,0,F,495.52897576733028018,5046
1518135,38574974,2,0,F,495.52897576733028018,5046
1518135,41009340,1,0,F,414.94458069777851961,16914
1518135,41009340,2,0,F,414.94458069777851961,16914
1518136,38587849,1,0,F,285.39126384631975952,2107
1518136,38587849,2,0,F,285.39126384631975952,2107
1518138,38587889,1,0,F,317.30103762387898314,5294
1518138,38587889,2,0,F,317.30103762387898314,5294
1518139,38574937,1,0,F,237.68323616545384880,3660
1518139,38574937,2,0,F,237.68323616545384880,3660
1518139,38574938,1,0,F,191.79260083088848887,7455
1518139,38574938,2,0,F,191.79260083088848887,7455
1518140,41009356,1,0,F,228.40675675619024787,400
1518140,41009356,2,0,F,228.40675675619024787,400
1518141,41009363,1,0,F,263.28643354040684699,2082
1518141,41009363,2,0,F,263.28643354040684699,2082
1518142,38505954,1,0,F,57.83062420849377361,1237
1518142,38505954,2,0,F,57.83062420849377361,1237
1518143,38580100,1,0,F,321.27659325716837202,78
1518143,38580100,2,0,F,321.27659325716837202,78
1518144,38505879,1,0,F,190.16928074223790190,418
1518144,38505879,2,0,F,190.16928074223790190,418
1518144,38505978,1,0,F,139.55368159548729068,43
1518144,38505978,2,0,F,139.55368159548729068,43
1518144,38505979,1,0,F,156.50078378950598790,49
1518144,38505979,2,0,F,156.50078378950598790,49
1518145,38505768,1,0,F,33.69857154924184783,233
1518145,38505768,2,0,F,33.69857154924184783,233
1518146,38505982,1,0,F,179.14496044613309778,1030
1518146,38505982,2,0,F,179.14496044613309778,1030
1518147,38505984,1,0,F,143.46275434321438524,387
1518147,38505984,2,0,F,143.46275434321438524,387
1518148,38580806,1,0,F,343.43863095590046441,1414
1518148,38580806,2,0,F,343.43863095590046441,1414
1518149,38575241,1,0,F,483.91314947501984989,4168
1518149,38575241,2,0,F,483.91314947501984989,4168
1518152,38505957,1,0,F,152.34428843168441858,299
1518152,38505957,2,0,F,152.34428843168441858,299
1518152,38505985,1,0,F,36.08172014761093038,510
1518152,38505985,2,0,F,36.08172014761093038,510
1518152,38580929,1,0,F,164.62745931837756075,4857
1518152,38580929,2,0,F,164.62745931837756075,4857
1518154,38505961,1,0,F,7.63048645495010813,2469
1518154,38505961,2,0,F,7.63048645495010813,2469
1518155,38505958,1,0,F,249.52911276179318634,1760
1518155,38505958,2,0,F,249.52911276179318634,1760
1518156,38505963,1,0,F,191.14016197800529540,423
1518156,38505963,2,0,F,191.14016197800529540,423
1518157,38574744,1,0,F,348.93250597206900920,111
1518157,38574744,2,0,F,348.93250597206900920,111
1518157,41009263,1,0,F,282.03849768223085448,8378
1518157,41009263,2,0,F,282.03849768223085448,8378
1518158,38574767,1,0,F,281.34969611071124973,1584
1518158,38574767,2,0,F,281.34969611071124973,1584
1518160,38509876,1,0,F,169.12266057136446307,4882
1518160,38509876,2,0,F,169.12266057136446307,4882
1518161,38509779,1,0,F,42.77560140092793972,667
1518161,38509779,2,0,F,42.77560140092793972,667
1518162,38581175,1,0,F,287.34466731484195634,3614
1518162,38581175,2,0,F,287.34466731484195634,3614
1518163,38509967,1,0,F,269.28786145210420955,742
1518163,38509967,2,0,F,269.28786145210420955,742
1518164,38574830,1,0,F,74.81429643590286105,3440
1518164,38574830,2,0,F,74.81429643590286105,3440
1518164,38582958,1,0,F,444.79336772029103031,1566
1518164,38582958,2,0,F,444.79336772029103031,1566
1518167,38592609,1,0,F,214.25832163879664449,9734
1518167,38592609,2,0,F,214.25832163879664449,9734
1518167,38592611,1,0,F,269.38957856156105208,5856
1518167,38592611,2,0,F,269.38957856156105208,5856
1518167,41009313,1,0,F,278.24408691895706625,21110
1518167,41009313,2,0,F,278.24408691895706625,21110
1518167,41009317,1,0,F,468.60154019177218743,20889
1518167,41009317,2,0,F,468.60154019177218743,20889
1518170,38509865,1,0,F,84.12295173901497947,653
1518170,38509865,2,0,F,84.12295173901497947,653
1518170,38575084,1,0,F,329.60827839207945544,3350
1518170,38575084,2,0,F,329.60827839207945544,3350
1518170,38575085,1,0,F,260.10233179329151199,131
1518170,38575085,2,0,F,260.10233179329151199,131
1518171,38579997,1,0,F,433.66397651967770344,1761
1518171,38579997,2,0,F,433.66397651967770344,1761
1518172,38574749,1,0,F,213.69192894784080750,3305
1518172,38574749,2,0,F,213.69192894784080750,3305
1518172,38574763,1,0,F,123.00132593790712576,7125
1518172,38574763,2,0,F,123.00132593790712576,7125
1518172,38575119,1,0,F,160.15330939540876898,5464
1518172,38575119,2,0,F,160.15330939540876898,5464
1518173,38575090,1,0,F,465.00604253905385121,792
1518173,38575090,2,0,F,465.00604253905385121,792
1518174,38575081,1,0,F,242.38237219859061611,4531
1518174,38575081,2,0,F,242.38237219859061611,4531
1518176,38581203,1,0,F,286.63663180767753147,3526
1518176,38581203,2,0,F,286.63663180767753147,3526
1518177,38582845,1,0,F,106.03037004226681006,4799
1518177,38582845,2,0,F,106.03037004226681006,4799
1518177,38582860,1,0,F,204.80135526251544320,7723
1518177,38582860,2,0,F,204.80135526251544320,7723
1518177,41009332,1,0,F,334.64660385303454859,7930
1518177,41009332,2,0,F,334.64660385303454859,7930
1518178,38571020,1,0,F,291.49248983912366384,5844
1518178,38571020,2,0,F,291.49248983912366384,5844
1518178,38594410,1,0,F,186.70838968390893342,6797
1518178,38594410,2,0,F,186.70838968390893342,6797
1518178,41009207,1,0,F,504.11961056881835930,9312
1518178,41009207,2,0,F,504.11961056881835930,9312
1518179,38574494,1,0,F,226.66957730618457845,6766
1518179,38574494,2,0,F,226.66957730618457845,6766
1518179,38574667,1,0,F,196.95820642510028620,8024
1518179,38574667,2,0,F,196.95820642510028620,8024
1518179,38574669,1,0,F,203.24964279768857978,7376
1518179,38574669,2,0,F,203.24964279768857978,7376
1518179,38594419,1,0,F,185.49516247821401294,7588
1518179,38594419,2,0,F,185.49516247821401294,7588
1518179,38594420,1,0,F,204.90368718302880779,8509
1518179,38594420,2,0,F,204.90368718302880779,8509
1518179,41009178,1,0,F,445.04501675098202895,33554
1518179,41009178,2,0,F,445.04501675098202895,33554
1518179,41009203,1,0,F,465.21479966716896115,11544
1518179,41009203,2,0,F,465.21479966716896115,11544
1518180,38571633,1,0,F,186.12178361238264301,12471
1518180,38571633,2,0,F,186.12178361238264301,12471
1518180,38571706,1,0,F,187.25815268854196916,8253
1518180,38571706,2,0,F,187.25815268854196916,8253
1518180,38571710,1,0,F,178.94345773278072897,4950
1518180,38571710,2,0,F,178.94345773278072897,4950
1518180,38571847,1,0,F,185.24359883396408577,7983
1518180,38571847,2,0,F,185.24359883396408577,7983
1518180,38572375,1,0,F,207.39223873958994204,11388
1518180,38572375,2,0,F,207.39223873958994204,11388
1518180,38572404,1,0,F,242.84793611515371481,11668
1518180,38572404,2,0,F,242.84793611515371481,11668
1518180,38572453,1,0,F,164.13641240758227013,3197
1518180,38572453,2,0,F,164.13641240758227013,3197
1518180,41009201,1,0,F,652.20258292647611142,10476
1518180,41009201,2,0,F,652.20258292647611142,10476
1518181,38582197,1,0,F,110.58566366617307608,9098
1518181,38582197,2,0,F,110.58566366617307608,9098
1518181,38594415,1,0,F,131.94144513765280635,12340
1518181,38594415,2,0,F,131.94144513765280635,12340
1518181,38594424,1,0,F,144.00000000000008527,7455
1518181,38594424,2,0,F,144.00000000000008527,7455
1518181,38594434,1,0,F,208.33123998303332769,4800
1518181,38594434,2,0,F,208.33123998303332769,4800
1518181,41009201,1,0,F,423.58473405578462234,20064
1518181,41009201,2,0,F,423.58473405578462234,20064
1518181,41009203,1,0,F,470.15890861960735947,33082
1518181,41009203,2,0,F,470.15890861960735947,33082
1518182,38574713,1,0,F,117.14346769847166740,1687
1518182,38574713,2,0,F,117.14346769847166740,1687
1518184,38509793,1,0,F,251.17435888267479527,1549
1518184,38509793,2,0,F,251.17435888267479527,1549
1518185,38574499,1,0,F,213.64600508405371215,1800
1518185,38574499,2,0,F,213.64600508405371215,1800
1518186,38509854,1,0,F,227.42759154677005995,742
1518186,38509854,2,0,F,227.42759154677005995,742
1518187,38509897,1,0,F,131.38183043524267646,284
1518187,38509897,2,0,F,131.38183043524267646,284
1518187,38574886,1,0,F,338.92560565279990215,331
1518187,38574886,2,0,F,338.92560565279990215,331
1518188,38509871,1,0,F,245.31736669937583883,717
1518188,38509871,2,0,F,245.31736669937583883,717
1518188,38574717,1,0,F,283.03488092751427985,210
1518188,38574717,2,0,F,283.03488092751427985,210
1518188,38574746,1,0,F,140.06226387801629585,151
1518188,38574746,2,0,F,140.06226387801629585,151
1518188,38574747,1,0,F,223.59139745585119385,126
1518188,38574747,2,0,F,223.59139745585119385,126
1518188,41009252,1,0,F,196.70452524938207262,84
1518188,41009252,2,0,F,196.70452524938207262,84
1518188,41009267,1,0,F,256.49346690853218433,136
1518188,41009267,2,0,F,256.49346690853218433,136
1518189,38594663,1,0,F,190.84548175880033227,8198
1518189,38594663,2,0,F,190.84548175880033227,8198
1518189,41009274,1,0,F,309.00065512607119445,7216
1518189,41009274,2,0,F,309.00065512607119445,7216
1518190,38574722,1,0,F,165.46120079070743714,520
1518190,38574722,2,0,F,165.46120079070743714,520
1518191,41009288,1,0,F,288.71769466953998062,364
1518191,41009288,2,0,F,288.71769466953998062,364
1518192,38509720,1,0,F,251.54039021634406481,4452
1518192,38509720,2,0,F,251.54039021634406481,4452
1518192,38574708,1,0,F,250.78876559564750437,4655
1518192,38574708,2,0,F,250.78876559564750437,4655
1518194,38580953,1,0,F,254.92672868710664602,1931
1518194,38580953,2,0,F,254.92672868710664602,1931
1518195,38574568,1,0,F,155.71774820876706258,5541
1518195,38574568,2,0,F,155.71774820876706258,5541
1518195,38574569,1,0,F,158.70879858988769229,7408
1518195,38574569,2,0,F,158.70879858988769229,7408
1518195,38577226,1,0,F,222.59749720937153938,8148
1518195,38577226,2,0,F,222.59749720937153938,8148
1518195,38580810,1,0,F,280.09170402125926103,4335
1518195,38580810,2,0,F,280.09170402125926103,4335
1518195,38581039,1,0,F,366.73900561221006456,3789
1518195,38581039,2,0,F,366.73900561221006456,3789
1518195,41009230,1,0,F,477.08223778702870277,17405
1518195,41009230,2,0,F,477.08223778702870277,17405
1518196,38509772,1,0,F,277.09595111946322277,1153
1518196,38509772,2,0,F,277.09595111946322277,1153
1518197,38581348,1,0,F,248.36829011146116386,7336
1518197,38581348,2,0,F,248.36829011146116386,7336
1518198,41009222,1,0,F,636.15013027687280101,6813
1518198,41009222,2,0,F,636.15013027687280101,6813
1518199,38509792,1,0,F,280.88173554766791540,5476
1518199,38509792,2,0,F,280.88173554766791540,5476
1518199,38574563,1,0,F,398.25304182045198331,2270
1518199,38574563,2,0,F,398.25304182045198331,2270
1518199,38574564,1,0,F,416.59398040356433057,5863
1518199,38574564,2,0,F,416.59398040356433057,5863
1518201,38574565,1,0,F,270.21075388659801320,5365
1518201,38574565,2,0,F,270.21075388659801320,5365
1518201,38579820,1,0,F,281.86744689603642655,4506
1518201,38579820,2,0,F,281.86744689603642655,4506
1518202,38509785,1,0,F,208.51807338242713286,2266
1518202,38509785,2,0,F,208.51807338242713286,2266
1518203,38574703,1,0,F,314.94898158734838489,10129
1518203,38574703,2,0,F,314.94898158734838489,10129
1518203,38574915,1,0,F,136.52943325010880926,492
1518203,38574915,2,0,F,136.52943325010880926,492
1520002,41008927,1,0,F,491.24687159786748225,1258
1520002,41008927,2,0,F,491.24687159786748225,1258
1520003,38582163,1,0,F,200.68950630093098653,7748
1520003,38582163,2,0,F,200.68950630093098653,7748
1520003,38587138,1,0,F,272.24695010537749340,1404
1520003,38587138,2,0,F,272.24695010537749340,1404
1520003,38587139,1,0,F,403.53137303079245157,6542
1520003,38587139,2,0,F,403.53137303079245157,6542
1520003,38587140,1,0,F,235.30684036846969320,6371
1520003,38587140,2,0,F,235.30684036846969320,6371
1520003,38587145,1,0,F,298.70717881986229258,3115
1520003,38587145,2,0,F,298.70717881986229258,3115
1520003,38587146,1,0,F,225.77618835037117151,2166
1520003,38587146,2,0,F,225.77618835037117151,2166
1520003,38587147,1,0,F,243.70411137815545999,13857
1520003,38587147,2,0,F,243.70411137815545999,13857
1520004,38587215,1,0,F,74.48538877523411372,765
1520004,38587215,2,0,F,74.48538877523411372,765
1520006,38582162,1,0,F,477.66074854755191836,3522
1520006,38582162,2,0,F,477.66074854755191836,3522
1520007,38582161,1,0,F,174.88274635644705768,949
1520007,38582161,2,0,F,174.88274635644705768,949
1520008,41008953,1,0,F,394.79061118540414554,1418
1520008,41008953,2,0,F,394.79061118540414554,1418
1520009,38587217,1,0,F,443.46115266520081377,1622
1520009,38587217,2,0,F,443.46115266520081377,1622
1520010,38587185,1,0,F,208.36203986882878780,5267
1520010,38587185,2,0,F,208.36203986882878780,5267
1520011,38587158,1,0,F,213.76166089087317346,5237
1520011,38587158,2,0,F,213.76166089087317346,5237
1520011,38587162,1,0,F,237.90918897686603373,3873
1520011,38587162,2,0,F,237.90918897686603373,3873
1520012,41008966,1,0,F,387.35337926971709521,2059
1520012,41008966,2,0,F,387.35337926971709521,2059
1520013,38587195,1,0,F,338.96941768015949492,6539
1520013,38587195,2,0,F,338.96941768015949492,6539
1520013,38587196,1,0,F,287.11428433424021023,4019
1520013,38587196,2,0,F,287.11428433424021023,4019
1520013,38587199,1,0,F,302.29842759495528526,1867
1520013,38587199,2,0,F,302.29842759495528526,1867
1520013,38587201,1,0,F,200.92701315048660149,3508
1520013,38587201,2,0,F,200.92701315048660149,3508
1520013,38587202,1,0,F,343.72745053701100915,5976
1520013,38587202,2,0,F,343.72745053701100915,5976
1520013,38587204,1,0,F,282.12846880539569838,7691
1520013,38587204,2,0,F,282.12846880539569838,7691
1520013,38587206,1,0,F,374.29962832035710107,4679
1520013,38587206,2,0,F,374.29962832035710107,4679
1520015,38574245,1,0,F,279.11582740866930408,5659
1520015,38574245,2,0,F,279.11582740866930408,5659
1520015,41009022,1,0,F,433.62243772567046562,3842
1520015,41009022,2,0,F,433.62243772567046562,3842
1520016,38506346,1,0,F,257.93390016153927036,5853
1520016,38506346,2,0,F,257.93390016153927036,5853
1520016,38587137,1,0,F,200.27091047736999485,4077
1520016,38587137,2,0,F,200.27091047736999485,4077
1520018,38506255,1,0,F,329.93887140146483716,12104
1520018,38506255,2,0,F,329.93887140146483716,12104
1520018,38574246,1,0,F,227.65683888844816352,5522
1520018,38574246,2,0,F,227.65683888844816352,5522
1520018,41009058,1,0,F,352.22503964403392729,9400
1520018,41009058,2,0,F,352.22503964403392729,9400
1520019,38574248,1,0,F,209.43010730160906974,5624
1520019,38574248,2,0,F,209.43010730160906974,5624
1520019,38574249,1,0,F,323.43398131584353905,15243
1520019,38574249,2,0,F,323.43398131584353905,15243
1520019,38587136,1,0,F,232.84044697204427621,3822
1520019,38587136,2,0,F,232.84044697204427621,3822
1520019,38587153,1,0,F,279.41516887486346832,5327
1520019,38587153,2,0,F,279.41516887486346832,5327
1520019,38587154,1,0,F,253.23463656101486663,7456
1520019,38587154,2,0,F,253.23463656101486663,7456
1520019,38587167,1,0,F,255.97025993128579557,5062
1520019,38587167,2,0,F,255.97025993128579557,5062
1520020,38574276,1,0,F,222.66720809756446897,3795
1520020,38574276,2,0,F,222.66720809756446897,3795
1520021,41008695,1,0,F,560.37283993107757851,2140
1520021,41008695,2,0,F,560.37283993107757851,2140
1520022,41008743,1,0,F,347.65053433151427953,1711
1520022,41008743,2,0,F,347.65053433151427953,1711
1520023,38573371,1,0,F,141.12838736076437840,3222
1520023,38573371,2,0,F,141.12838736076437840,3222
1520024,38506979,1,0,F,176.06699594151160682,4020
1520024,38506979,2,0,F,176.06699594151160682,4020
1520025,38506565,1,0,F,239.44876975379821715,2066
1520025,38506565,2,0,F,239.44876975379821715,2066
1520025,41008734,1,0,F,389.99694859536106151,3753
1520025,41008734,2,0,F,389.99694859536106151,3753
1520026,38506560,1,0,F,71.62117776094778776,655
1520026,38506560,2,0,F,71.62117776094778776,655
1520027,38506742,1,0,F,265.62472195314865075,1849
1520027,38506742,2,0,F,265.62472195314865075,1849
1520027,41008782,1,0,F,268.14210441133911900,6389
1520027,41008782,2,0,F,268.14210441133911900,6389
1520030,38506553,1,0,F,102.78598864695166526,2065
1520030,38506553,2,0,F,102.78598864695166526,2065
1520031,38506573,1,0,F,241.63386818390463873,9328
1520031,38506573,2,0,F,241.63386818390463873,9328
1520031,38573286,1,0,F,237.96866447479169437,10913
1520031,38573286,2,0,F,237.96866447479169437,10913
1520031,38573400,1,0,F,308.14721507988167559,6049
1520031,38573400,2,0,F,308.14721507988167559,6049
1520031,38573612,1,0,F,232.69029961318440769,2723
1520031,38573612,2,0,F,232.69029961318440769,2723
1520031,38580250,1,0,F,120.83496156571301583,9299
1520031,38580250,2,0,F,120.83496156571301583,9299
1520031,38582006,1,0,F,295.59052112353253960,4761
1520031,38582006,2,0,F,295.59052112353253960,4761
1520032,38588624,1,0,F,409.61177946069017253,2294
1520032,38588624,2,0,F,409.61177946069017253,2294
1520033,38506575,1,0,F,314.59378126871109771,2566
1520033,38506575,2,0,F,314.59378126871109771,2566
1520034,41008836,1,0,F,680.92073254912622815,893
1520034,41008836,2,0,F,680.92073254912622815,893
1520035,41008836,1,0,F,370.53735272578040849,2160
1520035,41008836,2,0,F,370.53735272578040849,2160
1520036,41008836,1,0,F,492.90216043642305976,2007
1520036,41008836,2,0,F,492.90216043642305976,2007
1520037,38506571,1,0,F,176.07725801293779000,1838
1520037,38506571,2,0,F,176.07725801293779000,1838
1520038,41008845,1,0,F,478.43288329203659259,1301
1520038,41008845,2,0,F,478.43288329203659259,1301
1520038,41008851,1,0,F,503.75454201311174529,1542
1520038,41008851,2,0,F,503.75454201311174529,1542
1520040,38506572,1,0,F,176.43712117472534828,1347
1520040,38506572,2,0,F,176.43712117472534828,1347
1520041,41008873,1,0,F,480.91824552902107826,1889
1520041,41008873,2,0,F,480.91824552902107826,1889
1520042,41008873,1,0,F,299.43330001494143744,1783
1520042,41008873,2,0,F,299.43330001494143744,1783
1520043,41008862,1,0,F,549.70034192827688457,5435
1520043,41008862,2,0,F,549.70034192827688457,5435
1520044,41008862,1,0,F,483.23164167110485323,2780
1520044,41008862,2,0,F,483.23164167110485323,2780
1520045,38582177,1,0,F,154.51679114274114113,2948
1520045,38582177,2,0,F,154.51679114274114113,2948
1520048,41008894,1,0,F,370.93473686385118526,3648
1520048,41008894,2,0,F,370.93473686385118526,3648
1520049,38506588,1,0,F,239.67354906375285850,6360
1520049,38506588,2,0,F,239.67354906375285850,6360
1520049,38578799,1,0,F,384.41483253406744325,5810
1520049,38578799,2,0,F,384.41483253406744325,5810
1520049,38580424,1,0,F,175.77388534277287135,1844
1520049,38580424,2,0,F,175.77388534277287135,1844
1520049,41008902,1,0,F,287.13252658924307070,8806
1520049,41008902,2,0,F,287.13252658924307070,8806
1520049,41008903,1,0,F,462.92594967215870838,5864
1520049,41008903,2,0,F,462.92594967215870838,5864
1520050,41008873,1,0,F,1864.22736266103675007,1
1520050,41008873,2,0,F,1864.22736266103675007,1
1520051,38587224,1,0,F,349.60831723284087502,4934
1520051,38587224,2,0,F,349.60831723284087502,4934
1520052,38587211,1,0,F,383.72482370004706809,4593
1520052,38587211,2,0,F,383.72482370004706809,4593
1520054,41008914,1,0,F,336.43859412308324863,3143
1520054,41008914,2,0,F,336.43859412308324863,3143
1520057,38573488,1,0,F,132.94046655767905918,5106
1520057,38573488,2,0,F,132.94046655767905918,5106
1520058,38506975,1,0,F,286.22987698745629359,3739
1520058,38506975,2,0,F,286.22987698745629359,3739
1520060,38573334,1,0,F,423.54149243408454595,2596
1520060,38573334,2,0,F,423.54149243408454595,2596
1520060,41008266,1,0,F,528.31452196057091442,2637
1520060,41008266,2,0,F,528.31452196057091442,2637
1520060,41008288,1,0,F,320.40627314630171441,4479
1520060,41008288,2,0,F,320.40627314630171441,4479
1520061,38506953,1,0,F,88.77103132703653898,2179
1520061,38506953,2,0,F,88.77103132703653898,2179
1520063,41008448,1,0,F,666.93663148395933149,1124
1520063,41008448,2,0,F,666.93663148395933149,1124
1520066,38506888,1,0,F,194.25819022494044930,796
1520066,38506888,2,0,F,194.25819022494044930,796
1520067,38506760,1,0,F,171.22009815030796176,2928
1520067,38506760,2,0,F,171.22009815030796176,2928
1520068,38582457,1,0,F,231.91472677953103698,1240
1520068,38582457,2,0,F,231.91472677953103698,1240
1520070,38578089,1,0,F,206.51350753628199186,6084
1520070,38578089,2,0,F,206.51350753628199186,6084
1520071,38573313,1,0,F,280.26813133075131645,6858
1520071,38573313,2,0,F,280.26813133075131645,6858
1520071,38583328,1,0,F,201.77633327794697493,4140
1520071,38583328,2,0,F,201.77633327794697493,4140
1520071,38594739,1,0,F,232.09261771497398286,9128
1520071,38594739,2,0,F,232.09261771497398286,9128
1520071,38594747,1,0,F,163.17636557062286329,7179
1520071,38594747,2,0,F,163.17636557062286329,7179
1520071,41008494,1,0,F,709.05294630786113430,5480
1520071,41008494,2,0,F,709.05294630786113430,5480
1520072,38573305,1,0,F,235.66531900311605341,3414
1520072,38573305,2,0,F,235.66531900311605341,3414
1520072,38582494,1,0,F,196.96500604503108889,6346
1520072,38582494,2,0,F,196.96500604503108889,6346
1520072,38583326,1,0,F,179.99731687417943249,5340
1520072,38583326,2,0,F,179.99731687417943249,5340
1520072,41008494,1,0,F,478.44999353804121256,6735
1520072,41008494,2,0,F,478.44999353804121256,6735
1520073,38506955,1,0,F,95.83058320284708032,3624
1520073,38506955,2,0,F,95.83058320284708032,3624
1520073,38583324,1,0,F,208.29771175686062179,7497
1520073,38583324,2,0,F,208.29771175686062179,7497
1520073,38583340,1,0,F,252.30148553099729725,6907
1520073,38583340,2,0,F,252.30148553099729725,6907
1520074,38506870,1,0,F,231.14165109303542067,8962
1520074,38506870,2,0,F,231.14165109303542067,8962
1520074,38573301,1,0,F,139.24485618715567625,3276
1520074,38573301,2,0,F,139.24485618715567625,3276
1520074,38573312,1,0,F,201.69601817819437883,4899
1520074,38573312,2,0,F,201.69601817819437883,4899
1520074,38583338,1,0,F,214.01555651746247122,8466
1520074,38583338,2,0,F,214.01555651746247122,8466
1520074,38594733,1,0,F,220.04761746714595461,6289
1520074,38594733,2,0,F,220.04761746714595461,6289
1520074,38594745,1,0,F,323.09855554787810661,4164
1520074,38594745,2,0,F,323.09855554787810661,4164
1520074,38594760,1,0,F,296.33747212857775821,4955
1520074,38594760,2,0,F,296.33747212857775821,4955
1520074,41008494,1,0,F,298.75704463282670531,26372
1520074,41008494,2,0,F,298.75704463282670531,26372
1520074,41008497,1,0,F,665.56371873758143920,10884
1520074,41008497,2,0,F,665.56371873758143920,10884
1520075,38581974,1,0,F,297.61540626305026080,2839
1520075,38581974,2,0,F,297.61540626305026080,2839
1520075,41008432,1,0,F,466.74046106977164072,10753
1520075,41008432,2,0,F,466.74046106977164072,10753
1520077,38506948,1,0,F,221.04249090101512820,4724
1520077,38506948,2,0,F,221.04249090101512820,4724
1520078,38506902,1,0,F,81.53852329519577324,2894
1520078,38506902,2,0,F,81.53852329519577324,2894
1520078,41008473,1,0,F,541.91122895248986424,1972
1520078,41008473,2,0,F,541.91122895248986424,1972
1520080,38506758,1,0,F,113.76731219881224888,1359
1520080,38506758,2,0,F,113.76731219881224888,1359
1520081,41008509,1,0,F,254.61872114632129183,1104
1520081,41008509,2,0,F,254.61872114632129183,1104
1520082,41008534,1,0,F,329.30710745323688116,4124
1520082,41008534,2,0,F,329.30710745323688116,4124
1520083,38573342,1,0,F,232.26171091506347466,5158
1520083,38573342,2,0,F,232.26171091506347466,5158
1520083,41008541,1,0,F,366.98101924372815574,6285
1520083,41008541,2,0,F,366.98101924372815574,6285
1520084,38506627,1,0,F,300.41363752546988053,6601
1520084,38506627,2,0,F,300.41363752546988053,6601
1520086,38581617,1,0,F,335.04562682965269005,3920
1520086,38581617,2,0,F,335.04562682965269005,3920
1520087,38506964,1,0,F,297.60070775794980591,4847
1520087,38506964,2,0,F,297.60070775794980591,4847
1520088,38573340,1,0,F,294.68028140765642320,8128
1520088,38573340,2,0,F,294.68028140765642320,8128
1520088,38581758,1,0,F,395.53839771513440837,1952
1520088,38581758,2,0,F,395.53839771513440837,1952
1520088,41008605,1,0,F,268.60976731908812098,6840
1520088,41008605,2,0,F,268.60976731908812098,6840
1520089,41008593,1,0,F,578.37628794256602305,798
1520089,41008593,2,0,F,578.37628794256602305,798
1520090,38506597,1,0,F,483.86210139981687917,288
1520090,38506597,2,0,F,483.86210139981687917,288
1520090,38506881,1,0,F,103.34657802612656496,2506
1520090,38506881,2,0,F,103.34657802612656496,2506
1520091,38573356,1,0,F,324.10846412962780505,4733
1520091,38573356,2,0,F,324.10846412962780505,4733
1520091,38582160,1,0,F,308.46894781211329928,5925
1520091,38582160,2,0,F,308.46894781211329928,5925
1520092,41008660,1,0,F,249.30592321754659224,933
1520092,41008660,2,0,F,249.30592321754659224,933
1520093,38506866,1,0,F,50.91096930636528128,1140
1520093,38506866,2,0,F,50.91096930636528128,1140
1520094,38506853,1,0,F,202.55397052833549765,916
1520094,38506853,2,0,F,202.55397052833549765,916
1520094,38573362,1,0,F,269.04533458005545299,10672
1520094,38573362,2,0,F,269.04533458005545299,10672
1520094,38576933,1,0,F,252.81402697259181878,1855
1520094,38576933,2,0,F,252.81402697259181878,1855
1520094,38576958,1,0,F,188.40278232033620043,4870
1520094,38576958,2,0,F,188.40278232033620043,4870
1520094,41008506,1,0,F,485.90842130878496619,4321
1520094,41008506,2,0,F,485.90842130878496619,4321
1520094,41008516,1,0,F,405.87607597956377958,1573
1520094,41008516,2,0,F,405.87607597956377958,1573
1520096,38573527,1,0,F,278.11945762459112075,1620
1520096,38573527,2,0,F,278.11945762459112075,1620
1520096,38578625,1,0,F,228.57755355801339192,6670
1520096,38578625,2,0,F,228.57755355801339192,6670
1520098,41008552,1,0,F,377.30613657888000034,1018
1520098,41008552,2,0,F,377.30613657888000034,1018
1520098,41008560,1,0,F,311.16126140554445101,3619
1520098,41008560,2,0,F,311.16126140554445101,3619
1520099,41008600,1,0,F,172.95392280938656882,881
1520099,41008600,2,0,F,172.95392280938656882,881
1520100,38578608,1,0,F,447.43837290558570885,1017
1520100,38578608,2,0,F,447.43837290558570885,1017
1520101,38506851,1,0,F,272.48987919273145053,5735
1520101,38506851,2,0,F,272.48987919273145053,5735
1520102,38578620,1,0,F,235.74191936611791220,4605
1520102,38578620,2,0,F,235.74191936611791220,4605
1520102,41008571,1,0,F,420.86320271434431106,12623
1520102,41008571,2,0,F,420.86320271434431106,12623
1520104,38573623,1,0,F,114.16139226058035661,3093
1520104,38573623,2,0,F,114.16139226058035661,3093
1520105,41008634,1,0,F,349.19084848144512989,3745
1520105,41008634,2,0,F,349.19084848144512989,3745
1520105,41008641,1,0,F,224.70154229207628305,2408
1520105,41008641,2,0,F,224.70154229207628305,2408
1520106,41008634,1,0,F,1055.82193387576262467,1
1520106,41008634,2,0,F,1055.82193387576262467,1
1520108,38578601,1,0,F,341.96985400593541726,3844
1520108,38578601,2,0,F,341.96985400593541726,3844
1520108,38578617,1,0,F,289.10277813041540185,8481
1520108,38578617,2,0,F,289.10277813041540185,8481
1520108,38578618,1,0,F,281.09818762413453896,7198
1520108,38578618,2,0,F,281.09818762413453896,7198
1520108,41008643,1,0,F,306.20226839185465906,5842
1520108,41008643,2,0,F,306.20226839185465906,5842
1520109,38578789,1,0,F,32.20047072990014669,2182
1520109,38578789,2,0,F,32.20047072990014669,2182
1520109,38578791,1,0,F,266.77038420556738174,4220
1520109,38578791,2,0,F,266.77038420556738174,4220
1520111,41008671,1,0,F,353.75478064291371538,1557
1520111,41008671,2,0,F,353.75478064291371538,1557
1520112,38578821,1,0,F,207.86623882833444554,4320
1520112,38578821,2,0,F,207.86623882833444554,4320
1520112,38578823,1,0,F,235.14940158794283320,4797
1520112,38578823,2,0,F,235.14940158794283320,4797
1520113,41008675,1,0,F,569.81784320073973049,2981
1520113,41008675,2,0,F,569.81784320073973049,2981
1520114,38506676,1,0,F,281.36261544690722758,3246
1520114,38506676,2,0,F,281.36261544690722758,3246
1520114,38578522,1,0,F,227.76132995971639161,7254
1520114,38578522,2,0,F,227.76132995971639161,7254
1520115,38506655,1,0,F,316.27724851162975028,1937
1520115,38506655,2,0,F,316.27724851162975028,1937
1520116,38506984,1,0,F,99.08309731163298295,702
1520116,38506984,2,0,F,99.08309731163298295,702
1520117,41008715,1,0,F,487.75319159073904984,3679
1520117,41008715,2,0,F,487.75319159073904984,3679
1520120,38506564,1,0,F,302.17765743724078220,1469
1520120,38506564,2,0,F,302.17765743724078220,1469
1520120,38581971,1,0,F,43.00000000000000711,100
1520120,38581971,2,0,F,43.00000000000000711,100
1520121,38573355,1,0,F,282.67544083131474508,7770
1520121,38573355,2,0,F,282.67544083131474508,7770
1520121,38581970,1,0,F,272.56474645093464915,2925
1520121,38581970,2,0,F,272.56474645093464915,2925
1520123,41008819,1,0,F,519.40324673345708106,456
1520123,41008819,2,0,F,519.40324673345708106,456
1520125,38506559,1,0,F,270.83050627250401021,2878
1520125,38506559,2,0,F,270.83050627250401021,2878
1520127,41008843,1,0,F,409.14348731856978247,1611
1520127,41008843,2,0,F,409.14348731856978247,1611
1520128,38594586,1,0,F,284.71494012053170763,4712
1520128,38594586,2,0,F,284.71494012053170763,4712
1520128,41008819,1,0,F,324.32132153614116987,14638
1520128,41008819,2,0,F,324.32132153614116987,14638
1520128,41008825,1,0,F,371.05130170444209625,8808
1520128,41008825,2,0,F,371.05130170444209625,8808
1520129,38573401,1,0,F,331.42151785655767071,8832
1520129,38573401,2,0,F,331.42151785655767071,8832
1520129,38581690,1,0,F,233.19355781053224064,8682
1520129,38581690,2,0,F,233.19355781053224064,8682
1520129,38581696,1,0,F,287.75302860178754827,9474
1520129,38581696,2,0,F,287.75302860178754827,9474
1520129,38594582,1,0,F,174.43307850828955452,5937
1520129,38594582,2,0,F,174.43307850828955452,5937
1520129,41008837,1,0,F,454.86007468226370065,5092
1520129,41008837,2,0,F,454.86007468226370065,5092
1520130,38580246,1,0,F,152.10475337078634084,8238
1520130,38580246,2,0,F,152.10475337078634084,8238
1520130,38594896,1,0,F,231.16258202600880622,9495
1520130,38594896,2,0,F,231.16258202600880622,9495
1520130,41008837,1,0,F,396.13435774185597893,12180
1520130,41008837,2,0,F,396.13435774185597893,12180
1520131,38581885,1,0,F,184.40739076347708192,9037
1520131,38581885,2,0,F,184.40739076347708192,9037
1520131,41008857,1,0,F,387.62214458625612679,11728
1520131,41008857,2,0,F,387.62214458625612679,11728
1520132,38573407,1,0,F,206.29528788296158837,9912
1520132,38573407,2,0,F,206.29528788296158837,9912
1520132,38573409,1,0,F,243.30369081732854397,8077
1520132,38573409,2,0,F,243.30369081732854397,8077
1520132,38594893,1,0,F,121.42019413263524541,6658
1520132,38594893,2,0,F,121.42019413263524541,6658
1520132,38594894,1,0,F,227.24656939047599735,5647
1520132,38594894,2,0,F,227.24656939047599735,5647
1520132,38594913,1,0,F,345.84305202237806043,5769
1520132,38594913,2,0,F,345.84305202237806043,5769
1520133,38581683,1,0,F,236.24744156596182165,3133
1520133,38581683,2,0,F,236.24744156596182165,3133
1520134,38578137,1,0,F,31.08462580011862286,1415
1520134,38578137,2,0,F,31.08462580011862286,1415
1520135,38573410,1,0,F,241.01006914028329220,7348
1520135,38573410,2,0,F,241.01006914028329220,7348
1520135,38573411,1,0,F,340.57925595432675436,2649
1520135,38573411,2,0,F,340.57925595432675436,2649
1520137,38506611,1,0,F,197.30371934968442815,2898
1520137,38506611,2,0,F,197.30371934968442815,2898
1520138,38506772,1,0,F,255.80492507595209872,5552
1520138,38506772,2,0,F,255.80492507595209872,5552
1520138,38573413,1,0,F,296.27322673379262596,3620
1520138,38573413,2,0,F,296.27322673379262596,3620
1520138,38581699,1,0,F,361.12130233996577999,9336
1520138,38581699,2,0,F,361.12130233996577999,9336
1520139,38573426,1,0,F,254.40544253068881630,5376
1520139,38573426,2,0,F,254.40544253068881630,5376
1520140,38573428,1,0,F,262.43420894681980826,3345
1520140,38573428,2,0,F,262.43420894681980826,3345
1520140,38573430,1,0,F,289.19980372955137682,5993
1520140,38573430,2,0,F,289.19980372955137682,5993
1520141,41008935,1,0,F,531.42113468593527159,3784
1520141,41008935,2,0,F,531.42113468593527159,3784
1603001,38508770,1,0,F,251.59139793018636055,2884
1603001,38508770,2,0,F,251.59139793018636055,2884
1603002,38581293,1,0,F,466.49527782276032895,3396
1603002,38581293,2,0,F,466.49527782276032895,3396
1603002,41006499,1,0,F,421.76661207517787489,2519
1603002,41006499,2,0,F,421.76661207517787489,2519
1603003,38508759,1,0,F,394.96414999772633792,1314
1603003,38508759,2,0,F,394.96414999772633792,1314
1603004,38572876,1,0,F,211.01725843035336538,3179
1603004,38572876,2,0,F,211.01725843035336538,3179
1603006,38508780,1,0,F,1135.68670352285880654,1
1603006,38508780,2,0,F,1135.68670352285880654,1
1603007,38572870,1,0,F,227.09929290800224067,6441
1603007,38572870,2,0,F,227.09929290800224067,6441
1603007,41006596,1,0,F,584.22727941683308472,1080
1603007,41006596,2,0,F,584.22727941683308472,1080
1603008,38508898,1,0,F,95.71162052193439251,1732
1603008,38508898,2,0,F,95.71162052193439251,1732
1603009,38572844,1,0,F,398.71598311651746371,1750
1603009,38572844,2,0,F,398.71598311651746371,1750
1603009,38588144,1,0,F,363.69023032512785676,6436
1603009,38588144,2,0,F,363.69023032512785676,6436
1603009,41006676,1,0,F,452.93082569741977750,6692
1603009,41006676,2,0,F,452.93082569741977750,6692
1603009,41006686,1,0,F,439.89173387980963525,7716
1603009,41006686,2,0,F,439.89173387980963525,7716
1603010,41006646,1,0,F,548.92619819907008605,5963
1603010,41006646,2,0,F,548.92619819907008605,5963
1603011,38572844,1,0,F,437.47242517963172759,3213
1603011,38572844,2,0,F,437.47242517963172759,3213
1603012,41006751,1,0,F,411.92978212297146001,2215
1603012,41006751,2,0,F,411.92978212297146001,2215
1603013,38577051,1,0,F,282.98958722784618658,9170
1603013,38577051,2,0,F,282.98958722784618658,9170
1603013,38577054,1,0,F,321.03320316902465947,1908
1603013,38577054,2,0,F,321.03320316902465947,1908
1603013,38577063,1,0,F,449.81377403834147799,2603
1603013,38577063,2,0,F,449.81377403834147799,2603
1603014,41006855,1,0,F,331.56087790095614309,489
1603014,41006855,2,0,F,331.56087790095614309,489
1603015,38577350,1,0,F,208.88097654058859121,616
1603015,38577350,2,0,F,208.88097654058859121,616
1603016,38577070,1,0,F,224.31545916468471091,9014
1603016,38577070,2,0,F,224.31545916468471091,9014
1603016,41006902,1,0,F,417.40589866776082317,5666
1603016,41006902,2,0,F,417.40589866776082317,5666
1603017,38577077,1,0,F,1416.00298629501344294,1
1603017,38577077,2,0,F,1416.00298629501344294,1
1603017,38577266,1,0,F,1208.53939941379235279,1
1603017,38577266,2,0,F,1208.53939941379235279,1
1603017,41006915,1,0,F,335.67910226900710313,1183
1603017,41006915,2,0,F,335.67910226900710313,1183
1603018,38577071,1,0,F,190.05681476666975982,1459
1603018,38577071,2,0,F,190.05681476666975982,1459
1603019,38577072,1,0,F,23.87534132540821119,1264
1603019,38577072,2,0,F,23.87534132540821119,1264
1603020,41006902,1,0,F,527.79954870664846567,1207
1603020,41006902,2,0,F,527.79954870664846567,1207
1603021,38577342,1,0,F,287.79272781167890116,3031
1603021,38577342,2,0,F,287.79272781167890116,3031
1603022,38582118,1,0,F,304.35556008949504303,3120
1603022,38582118,2,0,F,304.35556008949504303,3120
1603023,38502098,1,0,F,321.51828024709885767,6820
1603023,38502098,2,0,F,321.51828024709885767,6820
1603023,38577238,1,0,F,304.87437620591100540,7550
1603023,38577238,2,0,F,304.87437620591100540,7550
1603023,38577242,1,0,F,294.21182115010338975,6247
1603023,38577242,2,0,F,294.21182115010338975,6247
1603023,38588837,1,0,F,345.64752852601111499,5220
1603023,38588837,2,0,F,345.64752852601111499,5220
1603024,38577102,1,0,F,59.44258975260760991,3958
1603024,38577102,2,0,F,59.44258975260760991,3958
1603024,38577264,1,0,F,96.69156479799087833,339
1603024,38577264,2,0,F,96.69156479799087833,339
1603026,38577236,1,0,F,197.58913760647382674,8614
1603026,38577236,2,0,F,197.58913760647382674,8614
1603026,38590383,1,0,F,254.71682918699946185,10360
1603026,38590383,2,0,F,254.71682918699946185,10360
1603026,41006934,1,0,F,449.75106923232851841,17000
1603026,41006934,2,0,F,449.75106923232851841,17000
1603027,38573028,1,0,F,194.62652225039988707,7472
1603027,38573028,2,0,F,194.62652225039988707,7472
1603027,38577269,1,0,F,187.91459811178918926,5148
1603027,38577269,2,0,F,187.91459811178918926,5148
1603027,38589671,1,0,F,216.32656530474227452,21848
1603027,38589671,2,0,F,216.32656530474227452,21848
1603027,38590372,1,0,F,217.57607117927869922,9760
1603027,38590372,2,0,F,217.57607117927869922,9760
1603027,38590377,1,0,F,204.95822915027426347,5316
1603027,38590377,2,0,F,204.95822915027426347,5316
1603027,41006939,1,0,F,384.42501517090505558,17122
1603027,41006939,2,0,F,384.42501517090505558,17122
1603028,38577269,1,0,F,221.29504755897619361,6300
1603028,38577269,2,0,F,221.29504755897619361,6300
1603028,38577271,1,0,F,2.00000000000000000,100
1603028,38577271,2,0,F,2.00000000000000000,100
1603028,38577273,1,0,F,265.91106329207764247,21724
1603028,38577273,2,0,F,265.91106329207764247,21724
1603028,38577277,1,0,F,211.97210516643710321,5954
1603028,38577277,2,0,F,211.97210516643710321,5954
1603028,38588526,1,0,F,284.63879184817329815,8816
1603028,38588526,2,0,F,284.63879184817329815,8816
1603028,38588980,1,0,F,278.79502596511201773,4347
1603028,38588980,2,0,F,278.79502596511201773,4347
1603028,38588982,1,0,F,249.61149250570596791,3698
1603028,38588982,2,0,F,249.61149250570596791,3698
1603030,38577258,1,0,F,231.65446987769252019,2747
1603030,38577258,2,0,F,231.65446987769252019,2747
1603030,38582112,1,0,F,325.72964751659935700,2473
1603030,38582112,2,0,F,325.72964751659935700,2473
1603031,38577347,1,0,F,202.70967367204866605,1983
1603031,38577347,2,0,F,202.70967367204866605,1983
1603032,38577091,1,0,F,299.26620760423321599,5080
1603032,38577091,2,0,F,299.26620760423321599,5080
1603032,38582591,1,0,F,266.87730301643574649,10440
1603032,38582591,2,0,F,266.87730301643574649,10440
1603032,38587100,1,0,F,40.36367607768647758,2532
1603032,38587100,2,0,F,40.36367607768647758,2532
1603032,38587716,1,0,F,269.18810677563874378,13708
1603032,38587716,2,0,F,269.18810677563874378,13708
1603032,41006962,1,0,F,540.65190525355114914,3629
1603032,41006962,2,0,F,540.65190525355114914,3629
1603033,38577092,1,0,F,177.72389984242627747,5172
1603033,38577092,2,0,F,177.72389984242627747,5172
1603033,41006969,1,0,F,399.74647896759626065,4532
1603033,41006969,2,0,F,399.74647896759626065,4532
1603034,38577090,1,0,F,1129.93607246631472663,1
1603034,38577090,2,0,F,1129.93607246631472663,1
1603035,38502087,1,0,F,366.47379357834574876,3736
1603035,38502087,2,0,F,366.47379357834574876,3736
1603035,38577084,1,0,F,337.38099624967634327,3855
1603035,38577084,2,0,F,337.38099624967634327,3855
1603037,38582045,1,0,F,358.44533874156235242,5487
1603037,38582045,2,0,F,358.44533874156235242,5487
1603037,41007017,1,0,F,501.07412173306141767,2068
1603037,41007017,2,0,F,501.07412173306141767,2068
1603038,38582044,1,0,F,185.22798784623287816,1670
1603038,38582044,2,0,F,185.22798784623287816,1670
1603038,41007008,1,0,F,372.19184932399360832,2093
1603038,41007008,2,0,F,372.19184932399360832,2093
1603039,38577168,1,0,F,297.49799603560160222,9770
1603039,38577168,2,0,F,297.49799603560160222,9770
1603041,38508678,1,0,F,90.76129354529757620,4372
1603041,38508678,2,0,F,90.76129354529757620,4372
1603042,38508672,1,0,F,250.16765378976452894,5247
1603042,38508672,2,0,F,250.16765378976452894,5247
1603042,38508673,1,0,F,487.30878031835146658,273
1603042,38508673,2,0,F,487.30878031835146658,273
1603042,38572829,1,0,F,285.59084628989944576,7962
1603042,38572829,2,0,F,285.59084628989944576,7962
1603042,41006798,1,0,F,429.85699027271215300,3199
1603042,41006798,2,0,F,429.85699027271215300,3199
1603043,41006798,1,0,F,720.57243911084378851,840
1603043,41006798,2,0,F,720.57243911084378851,840
1603044,38573044,1,0,F,315.93772713253423490,3266
1603044,38573044,2,0,F,315.93772713253423490,3266
1603044,38573045,1,0,F,374.83509044505035490,7406
1603044,38573045,2,0,F,374.83509044505035490,7406
1603044,38589697,1,0,F,138.68737111520050576,4329
1603044,38589697,2,0,F,138.68737111520050576,4329
1603044,38589698,1,0,F,60.54263375361816912,4005
1603044,38589698,2,0,F,60.54263375361816912,4005
1603044,38589701,1,0,F,232.27220577986980743,6051
1603044,38589701,2,0,F,232.27220577986980743,6051
1603044,38589703,1,0,F,224.34125486470074406,4179
1603044,38589703,2,0,F,224.34125486470074406,4179
1603044,38589713,1,0,F,253.82109377320961130,4851
1603044,38589713,2,0,F,253.82109377320961130,4851
1603044,38589717,1,0,F,161.33010914511169176,5175
1603044,38589717,2,0,F,161.33010914511169176,5175
1603044,38589725,1,0,F,104.09040349870937803,6066
1603044,38589725,2,0,F,104.09040349870937803,6066
1603044,38589730,1,0,F,158.55875378838456413,3429
1603044,38589730,2,0,F,158.55875378838456413,3429
1603044,38589737,1,0,F,168.56424096677093871,4470
1603044,38589737,2,0,F,168.56424096677093871,4470
1603045,38589704,1,0,F,129.83716163473820870,3546
1603045,38589704,2,0,F,129.83716163473820870,3546
1603045,38589711,1,0,F,107.78813382235773588,3702
1603045,38589711,2,0,F,107.78813382235773588,3702
1603045,38589724,1,0,F,179.23958616862762483,4134
1603045,38589724,2,0,F,179.23958616862762483,4134
1603045,38589730,1,0,F,227.21965132529180664,8037
1603045,38589730,2,0,F,227.21965132529180664,8037
1603045,38589737,1,0,F,133.51507940043040890,7152
1603045,38589737,2,0,F,133.51507940043040890,7152
1603045,38589748,1,0,F,229.62056306560424446,5997
1603045,38589748,2,0,F,229.62056306560424446,5997
1603046,38589702,1,0,F,182.30957915624904331,4328
1603046,38589702,2,0,F,182.30957915624904331,4328
1603046,38589733,1,0,F,5.00000000000000000,100
1603046,38589733,2,0,F,5.00000000000000000,100
1603046,38589742,1,0,F,188.97180968939170498,14952
1603046,38589742,2,0,F,188.97180968939170498,14952
1603046,38589767,1,0,F,334.24259604190098116,5079
1603046,38589767,2,0,F,334.24259604190098116,5079
1603046,41006979,1,0,F,489.83576796316702939,17724
1603046,41006979,2,0,F,489.83576796316702939,17724
1603047,38577147,1,0,F,315.67446274368444392,7450
1603047,38577147,2,0,F,315.67446274368444392,7450
1603047,38588748,1,0,F,314.58451487259804935,4065
1603047,38588748,2,0,F,314.58451487259804935,4065
1603047,38589676,1,0,F,150.84137077606942512,3632
1603047,38589676,2,0,F,150.84137077606942512,3632
1603047,38589681,1,0,F,207.52586211139433203,6236
1603047,38589681,2,0,F,207.52586211139433203,6236
1603047,38589687,1,0,F,231.88331662228125651,9028
1603047,38589687,2,0,F,231.88331662228125651,9028
1603047,38589688,1,0,F,237.47014989798066154,4624
1603047,38589688,2,0,F,237.47014989798066154,4624
1603047,41006984,1,0,F,377.79907405179977786,24508
1603047,41006984,2,0,F,377.79907405179977786,24508
1603049,38589677,1,0,F,282.35745883185143157,3536
1603049,38589677,2,0,F,282.35745883185143157,3536
1603049,38589678,1,0,F,258.74437799887260780,2677
1603049,38589678,2,0,F,258.74437799887260780,2677
1603050,38589675,1,0,F,234.81467757256854156,3596
1603050,38589675,2,0,F,234.81467757256854156,3596
1603052,38577152,1,0,F,182.30050824327909709,5391
1603052,38577152,2,0,F,182.30050824327909709,5391
1603052,38577156,1,0,F,172.68275406138064909,7231
1603052,38577156,2,0,F,172.68275406138064909,7231
1603052,38577174,1,0,F,250.60667945719188765,12192
1603052,38577174,2,0,F,250.60667945719188765,12192
1603052,38589663,1,0,F,311.42804739037728723,6789
1603052,38589663,2,0,F,311.42804739037728723,6789
1603052,38589665,1,0,F,210.76035422968269017,7732
1603052,38589665,2,0,F,210.76035422968269017,7732
1603052,38589666,1,0,F,302.31668955115060271,8765
1603052,38589666,2,0,F,302.31668955115060271,8765
1603052,41007040,1,0,F,311.27029274615455279,17333
1603052,41007040,2,0,F,311.27029274615455279,17333
1603052,41007064,1,0,F,436.33003562741430414,7791
1603052,41007064,2,0,F,436.33003562741430414,7791
1603053,38577170,1,0,F,267.14164508318617663,2015
1603053,38577170,2,0,F,267.14164508318617663,2015
1603054,38577163,1,0,F,303.91529327082764667,6793
1603054,38577163,2,0,F,303.91529327082764667,6793
1603054,38589655,1,0,F,272.94317239365381056,10539
1603054,38589655,2,0,F,272.94317239365381056,10539
1603054,38589656,1,0,F,252.85749155718207248,7064
1603054,38589656,2,0,F,252.85749155718207248,7064
1603056,38573063,1,0,F,204.79976777330517734,4398
1603056,38573063,2,0,F,204.79976777330517734,4398
1603056,38573066,1,0,F,322.46577098869244082,2221
1603056,38573066,2,0,F,322.46577098869244082,2221
1603056,38589650,1,0,F,369.25955840605138292,5680
1603056,38589650,2,0,F,369.25955840605138292,5680
1603056,38589653,1,0,F,305.29630609138916952,2746
1603056,38589653,2,0,F,305.29630609138916952,2746
1603057,38577176,1,0,F,234.53155235244435062,9609
1603057,38577176,2,0,F,234.53155235244435062,9609
1603058,38577172,1,0,F,160.22904077063554951,3252
1603058,38577172,2,0,F,160.22904077063554951,3252
1603058,38577177,1,0,F,182.26785981231370215,6345
1603058,38577177,2,0,F,182.26785981231370215,6345
1603058,41007090,1,0,F,523.86839401588326837,4378
1603058,41007090,2,0,F,523.86839401588326837,4378
1603059,38577178,1,0,F,202.25981467667739366,2640
1603059,38577178,2,0,F,202.25981467667739366,2640
1603059,38577179,1,0,F,295.14813911142573488,4580
1603059,38577179,2,0,F,295.14813911142573488,4580
1603059,38577181,1,0,F,174.40262600103895352,6163
1603059,38577181,2,0,F,174.40262600103895352,6163
1603060,38577191,1,0,F,314.40048350947489553,8252
1603060,38577191,2,0,F,314.40048350947489553,8252
1603060,38577192,1,0,F,310.78121531975961034,7979
1603060,38577192,2,0,F,310.78121531975961034,7979
1603060,38577195,1,0,F,192.03407542460237778,10280
1603060,38577195,2,0,F,192.03407542460237778,10280
1603060,38577199,1,0,F,292.21144879537649786,6286
1603060,38577199,2,0,F,292.21144879537649786,6286
1603061,38505895,1,0,F,204.77121152382255787,3146
1603061,38505895,2,0,F,204.77121152382255787,3146
1603061,38573070,1,0,F,249.72682366208530880,3027
1603061,38573070,2,0,F,249.72682366208530880,3027
1603062,38583380,1,0,F,208.33168690058337802,3198
1603062,38583380,2,0,F,208.33168690058337802,3198
1603063,38582046,1,0,F,224.40863339141668575,655
1603063,38582046,2,0,F,224.40863339141668575,655
1603064,38505670,1,0,F,288.41416592428544163,4327
1603064,38505670,2,0,F,288.41416592428544163,4327
1603064,38577212,1,0,F,324.84300580518993229,4278
1603064,38577212,2,0,F,324.84300580518993229,4278
1603065,38530388,1,0,F,259.31916148485089479,5103
1603065,38530388,2,0,F,259.31916148485089479,5103
1603067,38505669,1,0,F,257.53874912103128736,1349
1603067,38505669,2,0,F,257.53874912103128736,1349
1603068,38573077,1,0,F,93.28193315500324445,1895
1603068,38573077,2,0,F,93.28193315500324445,1895
1603069,38508464,1,0,F,193.38358107229763050,4892
1603069,38508464,2,0,F,193.38358107229763050,4892
1603070,38589749,1,0,F,294.16772033519737306,7925
1603070,38589749,2,0,F,294.16772033519737306,7925
1603070,38589750,1,0,F,260.46307426367889093,8024
1603070,38589750,2,0,F,260.46307426367889093,8024
1603070,38589757,1,0,F,238.35239637328288609,12474
1603070,38589757,2,0,F,238.35239637328288609,12474
1603070,38590364,1,0,F,345.86126162624776725,2884
1603070,38590364,2,0,F,345.86126162624776725,2884
1603070,41006912,1,0,F,557.51105371314235981,11997
1603070,41006912,2,0,F,557.51105371314235981,11997
1603071,38589753,1,0,F,259.32842413382172708,7010
1603071,38589753,2,0,F,259.32842413382172708,7010
1603071,38589756,1,0,F,285.74507783749135115,7429
1603071,38589756,2,0,F,285.74507783749135115,7429
1603071,38589800,1,0,F,350.26512457186129268,9637
1603071,38589800,2,0,F,350.26512457186129268,9637
1603071,41006955,1,0,F,542.93866281281839292,10282
1603071,41006955,2,0,F,542.93866281281839292,10282
1603072,38589793,1,0,F,222.09887846199600858,7428
1603072,38589793,2,0,F,222.09887846199600858,7428
1603072,38589800,1,0,F,164.33729210485756767,6114
1603072,38589800,2,0,F,164.33729210485756767,6114
1603072,38589802,1,0,F,157.00000000000000000,14014
1603072,38589802,2,0,F,157.00000000000000000,14014
1603072,38589810,1,0,F,189.75766405095907885,12073
1603072,38589810,2,0,F,189.75766405095907885,12073
1603072,38589815,1,0,F,192.20108112917478138,8997
1603072,38589815,2,0,F,192.20108112917478138,8997
1603072,38589824,1,0,F,131.72008027585832224,2700
1603072,38589824,2,0,F,131.72008027585832224,2700
1603072,38589828,1,0,F,234.83097923373799176,5226
1603072,38589828,2,0,F,234.83097923373799176,5226
1603072,38589831,1,0,F,249.79510674002546011,7653
1603072,38589831,2,0,F,249.79510674002546011,7653
1603073,38508450,1,0,F,195.13610139980355029,8850
1603073,38508450,2,0,F,195.13610139980355029,8850
1603073,38573022,1,0,F,197.58195511583946313,43953
1603073,38573022,2,0,F,197.58195511583946313,43953
1603073,38573024,1,0,F,223.08318564697216857,22023
1603073,38573024,2,0,F,223.08318564697216857,22023
1603073,38573054,1,0,F,138.15882920982056703,8802
1603073,38573054,2,0,F,138.15882920982056703,8802
1603073,38577149,1,0,F,170.70393979354099656,10677
1603073,38577149,2,0,F,170.70393979354099656,10677
1603073,38581978,1,0,F,133.87377183034124073,9735
1603073,38581978,2,0,F,133.87377183034124073,9735
1603073,38589774,1,0,F,336.47226168781139677,4806
1603073,38589774,2,0,F,336.47226168781139677,4806
1603073,38589775,1,0,F,100.59321690753431255,7629
1603073,38589775,2,0,F,100.59321690753431255,7629
1603073,38589801,1,0,F,147.38989962120473365,10161
1603073,38589801,2,0,F,147.38989962120473365,10161
1603073,38589813,1,0,F,219.97509111911222135,5682
1603073,38589813,2,0,F,219.97509111911222135,5682
1603073,38589823,1,0,F,258.45945852772825901,6264
1603073,38589823,2,0,F,258.45945852772825901,6264
1603074,38577183,1,0,F,161.44683989679856495,9486
1603074,38577183,2,0,F,161.44683989679856495,9486
1603074,38589782,1,0,F,165.49765298611308140,12777
1603074,38589782,2,0,F,165.49765298611308140,12777
1603074,38589809,1,0,F,179.84131863836947218,11569
1603074,38589809,2,0,F,179.84131863836947218,11569
1603074,38589854,1,0,F,200.43924986442900149,8115
1603074,38589854,2,0,F,200.43924986442900149,8115
1603075,38577185,1,0,F,31.00000000000000000,100
1603075,38577185,2,0,F,31.00000000000000000,100
1603075,38589776,1,0,F,218.85834527071332900,6981
1603075,38589776,2,0,F,218.85834527071332900,6981
1603075,38589832,1,0,F,231.11121183662626777,12313
1603075,38589832,2,0,F,231.11121183662626777,12313
1603075,38589834,1,0,F,398.31013325993137641,6768
1603075,38589834,2,0,F,398.31013325993137641,6768
1603075,41007033,1,0,F,472.09453508298645374,6603
1603075,41007033,2,0,F,472.09453508298645374,6603
1603076,38577144,1,0,F,195.63644954888104621,3582
1603076,38577144,2,0,F,195.63644954888104621,3582
1603076,38589768,1,0,F,178.32468512646011050,7296
1603076,38589768,2,0,F,178.32468512646011050,7296
1603076,38589769,1,0,F,268.51841327815537852,5682
1603076,38589769,2,0,F,268.51841327815537852,5682
1603076,38589771,1,0,F,293.57413161495099985,9992
1603076,38589771,2,0,F,293.57413161495099985,9992
1603076,38589774,1,0,F,255.84069290323535029,18866
1603076,38589774,2,0,F,255.84069290323535029,18866
1603076,38589780,1,0,F,167.67180830876404229,2955
1603076,38589780,2,0,F,167.67180830876404229,2955
1603076,38589787,1,0,F,191.40013198382570181,10338
1603076,38589787,2,0,F,191.40013198382570181,10338
1603076,38589795,1,0,F,166.24275193561837227,5904
1603076,38589795,2,0,F,166.24275193561837227,5904
1603076,38589811,1,0,F,110.76624508032936944,4914
1603076,38589811,2,0,F,110.76624508032936944,4914
1603076,38589812,1,0,F,203.19448964872449892,8196
1603076,38589812,2,0,F,203.19448964872449892,8196
1603076,38589817,1,0,F,169.85472688890195059,5256
1603076,38589817,2,0,F,169.85472688890195059,5256
1603076,38589827,1,0,F,237.24137315902046907,5692
1603076,38589827,2,0,F,237.24137315902046907,5692
1603076,38589838,1,0,F,134.87877569987244897,5613
1603076,38589838,2,0,F,134.87877569987244897,5613
1603076,38589842,1,0,F,178.69058957559030887,6195
1603076,38589842,2,0,F,178.69058957559030887,6195
1603076,38589846,1,0,F,212.95175190184485814,12456
1603076,38589846,2,0,F,212.95175190184485814,12456
1603076,38589847,1,0,F,452.26067076409862011,5632
1603076,38589847,2,0,F,452.26067076409862011,5632
1603076,41006982,1,0,F,351.61849118801546865,15108
1603076,41006982,2,0,F,351.61849118801546865,15108
1603077,38502095,1,0,F,294.65987164279340504,1047
1603077,38502095,2,0,F,294.65987164279340504,1047
1603078,38572669,1,0,F,233.61632888058889534,2699
1603078,38572669,2,0,F,233.61632888058889534,2699
1603078,38572670,1,0,F,376.95137461722362104,2866
1603078,38572670,2,0,F,376.95137461722362104,2866
1603078,38582759,1,0,F,1657.15952284749641876,1
1603078,38582759,2,0,F,1657.15952284749641876,1
1603078,38582760,1,0,F,254.56847985658538391,3528
1603078,38582760,2,0,F,254.56847985658538391,3528
1603079,38577302,1,0,F,364.15571501176492575,1835
1603079,38577302,2,0,F,364.15571501176492575,1835
1603079,38577304,1,0,F,94.35240614882808075,1932
1603079,38577304,2,0,F,94.35240614882808075,1932
1603080,38577302,1,0,F,206.02687308736994964,897
1603080,38577302,2,0,F,206.02687308736994964,897
1603082,38508708,1,0,F,319.81797484843906432,3087
1603082,38508708,2,0,F,319.81797484843906432,3087
1603084,38582753,1,0,F,284.97563802765483842,5121
1603084,38582753,2,0,F,284.97563802765483842,5121
1603085,38572984,1,0,F,416.09758740746502781,2046
1603085,38572984,2,0,F,416.09758740746502781,2046
1603086,38577298,1,0,F,197.41143941509497495,762
1603086,38577298,2,0,F,197.41143941509497495,762
1603087,38577299,1,0,F,265.42984742775939822,3126
1603087,38577299,2,0,F,265.42984742775939822,3126
1603088,38502998,1,0,F,278.45781033808037819,6344
1603088,38502998,2,0,F,278.45781033808037819,6344
1603089,38577326,1,0,F,256.63236112022951829,8115
1603089,38577326,2,0,F,256.63236112022951829,8115
1603089,41006724,1,0,F,357.16125830280890341,2761
1603089,41006724,2,0,F,357.16125830280890341,2761
1603092,38508899,1,0,F,328.66774817911095852,9757
1603092,38508899,2,0,F,328.66774817911095852,9757
1603092,38577295,1,0,F,286.07650886960573189,3621
1603092,38577295,2,0,F,286.07650886960573189,3621
1603093,41006709,1,0,F,82.15034275528651619,965
1603093,41006709,2,0,F,82.15034275528651619,965
1603094,38502086,1,0,F,209.22008826973117834,2873
1603094,38502086,2,0,F,209.22008826973117834,2873
1603095,38582565,1,0,F,200.58980305024519453,2924
1603095,38582565,2,0,F,200.58980305024519453,2924
1603096,38502998,1,0,F,181.26136423068530235,7275
1603096,38502998,2,0,F,181.26136423068530235,7275
1603096,38581445,1,0,F,301.68022716016218965,7525
1603096,38581445,2,0,F,301.68022716016218965,7525
1603096,38581469,1,0,F,300.61693071401259658,12409
1603096,38581469,2,0,F,300.61693071401259658,12409
1603096,38582560,1,0,F,241.59733404063354101,5305
1603096,38582560,2,0,F,241.59733404063354101,5305
1603096,38583054,1,0,F,362.84627985056079069,5997
1603096,38583054,2,0,F,362.84627985056079069,5997
1603096,38583242,1,0,F,239.80426358687216748,13344
1603096,38583242,2,0,F,239.80426358687216748,13344
1603096,38583379,1,0,F,141.53512867033617795,6897
1603096,38583379,2,0,F,141.53512867033617795,6897
1603097,38502092,1,0,F,335.23323077605863318,4516
1603097,38502092,2,0,F,335.23323077605863318,4516
1603097,38572675,1,0,F,384.46258279577864414,4208
1603097,38572675,2,0,F,384.46258279577864414,4208
1603098,38573000,1,0,F,203.02976150678551903,1952
1603098,38573000,2,0,F,203.02976150678551903,1952
1603099,38572964,1,0,F,395.28259319426183538,3774
1603099,38572964,2,0,F,395.28259319426183538,3774
1603099,38581086,1,0,F,222.02921986047445557,4685
1603099,38581086,2,0,F,222.02921986047445557,4685
1603100,38577331,1,0,F,262.19429110148462314,7540
1603100,38577331,2,0,F,262.19429110148462314,7540
1603100,38594846,1,0,F,406.71886139008302052,1208
1603100,38594846,2,0,F,406.71886139008302052,1208
1603100,41006741,1,0,F,551.89926286685658852,9798
1603100,41006741,2,0,F,551.89926286685658852,9798
1603101,38579848,1,0,F,267.99956109838501561,5045
1603101,38579848,2,0,F,267.99956109838501561,5045
1603102,41006793,1,0,F,581.88063759653005036,740
1603102,41006793,2,0,F,581.88063759653005036,740
1603103,38502959,1,0,F,309.94634932741678313,4499
1603103,38502959,2,0,F,309.94634932741678313,4499
1603106,38502038,1,0,F,264.72694093827442430,4719
1603106,38502038,2,0,F,264.72694093827442430,4719
1603106,38572975,1,0,F,264.28255614273706442,3724
1603106,38572975,2,0,F,264.28255614273706442,3724
1603106,38577255,1,0,F,324.50523649652404856,3916
1603106,38577255,2,0,F,324.50523649652404856,3916
1603106,38580823,1,0,F,17.70073938148900439,251
1603106,38580823,2,0,F,17.70073938148900439,251
1603107,38577250,1,0,F,243.18319631386103197,3758
1603107,38577250,2,0,F,243.18319631386103197,3758
1603108,38502756,1,0,F,301.25998772843018969,7445
1603108,38502756,2,0,F,301.25998772843018969,7445
1603108,38573005,1,0,F,331.82762788279683264,4703
1603108,38573005,2,0,F,331.82762788279683264,4703
1603110,38573039,1,0,F,315.45979725635618252,11014
1603110,38573039,2,0,F,315.45979725635618252,11014
1603110,38577288,1,0,F,247.03536421093778586,2278
1603110,38577288,2,0,F,247.03536421093778586,2278
1603112,38583512,1,0,F,343.01150177141812492,8302
1603112,38583512,2,0,F,343.01150177141812492,8302
1603114,38502749,1,0,F,358.81802256886584246,6150
1603114,38502749,2,0,F,358.81802256886584246,6150
1603115,38572713,1,0,F,367.73230740498496516,6341
1603115,38572713,2,0,F,367.73230740498496516,6341
1603116,38508882,1,0,F,313.80053565961748063,4129
1603116,38508882,2,0,F,313.80053565961748063,4129
1603118,38508883,1,0,F,434.81887956761391933,1731
1603118,38508883,2,0,F,434.81887956761391933,1731
1603119,38572776,1,0,F,442.33041338325358538,4059
1603119,38572776,2,0,F,442.33041338325358538,4059
1603120,38572752,1,0,F,273.06781089023127151,866
1603120,38572752,2,0,F,273.06781089023127151,866
1603121,38572774,1,0,F,116.12380752642457082,3507
1603121,38572774,2,0,F,116.12380752642457082,3507
1603122,38572770,1,0,F,185.48291387308481148,1247
1603122,38572770,2,0,F,185.48291387308481148,1247
1603123,38508869,1,0,F,131.76012700214099027,1865
1603123,38508869,2,0,F,131.76012700214099027,1865
1603124,38572768,1,0,F,298.15534602361651650,7948
1603124,38572768,2,0,F,298.15534602361651650,7948
1603125,38502389,1,0,F,286.72959083183093298,1481
1603125,38502389,2,0,F,286.72959083183093298,1481
1603126,38502395,1,0,F,136.82229370753344710,4927
1603126,38502395,2,0,F,136.82229370753344710,4927
1603127,38572729,1,0,F,247.27260974042724229,6430
1603127,38572729,2,0,F,247.27260974042724229,6430
1603127,41006534,1,0,F,263.61822178300650421,6381
1603127,41006534,2,0,F,263.61822178300650421,6381
1603128,38572729,1,0,F,217.85810991387299396,1337
1603128,38572729,2,0,F,217.85810991387299396,1337
1603128,38589208,1,0,F,365.64603921213154081,4630
1603128,38589208,2,0,F,365.64603921213154081,4630
1603129,38572767,1,0,F,298.54346121078907572,523
1603129,38572767,2,0,F,298.54346121078907572,523
1603129,38572811,1,0,F,262.36815832708953167,4428
1603129,38572811,2,0,F,262.36815832708953167,4428
1603130,38572797,1,0,F,400.54764277323249644,2247
1603130,38572797,2,0,F,400.54764277323249644,2247
1603130,38572798,1,0,F,329.98581723344096872,2198
1603130,38572798,2,0,F,329.98581723344096872,2198
1603132,38502398,1,0,F,458.23642645813396257,5003
1603132,38502398,2,0,F,458.23642645813396257,5003
1603133,41006538,1,0,F,372.28479133746083107,1499
1603133,41006538,2,0,F,372.28479133746083107,1499
1603134,38572788,1,0,F,346.60758806049773284,6858
1603134,38572788,2,0,F,346.60758806049773284,6858
1603134,38572790,1,0,F,281.60910608203283800,14088
1603134,38572790,2,0,F,281.60910608203283800,14088
1603134,38583233,1,0,F,2117.37325789616852489,1
1603134,38583233,2,0,F,2117.37325789616852489,1
1603134,41006574,1,0,F,377.89063328682931342,12689
1603134,41006574,2,0,F,377.89063328682931342,12689
1603135,38572763,1,0,F,340.51687789176651222,7509
1603135,38572763,2,0,F,340.51687789176651222,7509
1603135,38572764,1,0,F,2022.30317206234258265,1
1603135,38572764,2,0,F,2022.30317206234258265,1
1603136,38572760,1,0,F,339.81905309364623236,4105
1603136,38572760,2,0,F,339.81905309364623236,4105
1603136,41006541,1,0,F,297.67244264686445376,4227
1603136,41006541,2,0,F,297.67244264686445376,4227
1603137,41006544,1,0,F,485.55803149185834400,5032
1603137,41006544,2,0,F,485.55803149185834400,5032
1603138,38572991,1,0,F,271.99250826533801728,733
1603138,38572991,2,0,F,271.99250826533801728,733
1603139,38572988,1,0,F,387.20406948129277680,576
1603139,38572988,2,0,F,387.20406948129277680,576
1603140,38508651,1,0,F,137.45492233111440328,1563
1603140,38508651,2,0,F,137.45492233111440328,1563
1603141,41006599,1,0,F,679.67475369844260058,843
1603141,41006599,2,0,F,679.67475369844260058,843
1603142,38508650,1,0,F,256.81635738030439597,2279
1603142,38508650,2,0,F,256.81635738030439597,2279
1603142,38572806,1,0,F,303.83510579543286667,2374
1603142,38572806,2,0,F,303.83510579543286667,2374
1603143,38577321,1,0,F,336.11111734757514569,1150
1603143,38577321,2,0,F,336.11111734757514569,1150
1603144,38572816,1,0,F,381.20499998987327217,3083
1603144,38572816,2,0,F,381.20499998987327217,3083
1603145,38572816,1,0,F,148.70031799831966168,2306
1603145,38572816,2,0,F,148.70031799831966168,2306
1603146,41006599,1,0,F,431.73762697979992708,2797
1603146,41006599,2,0,F,431.73762697979992708,2797
1604001,41007462,1,0,F,153.46052461301871972,179
1604001,41007462,2,0,F,153.46052461301871972,179
1604002,38573106,1,0,F,225.78946254175076547,1098
1604002,38573106,2,0,F,225.78946254175076547,1098
1604003,38505780,1,0,F,220.05826877460538071,1076
1604003,38505780,2,0,F,220.05826877460538071,1076
1604004,38577396,1,0,F,330.70498380780060188,1108
1604004,38577396,2,0,F,330.70498380780060188,1108
1604005,38577394,1,0,F,340.51948360474102628,5195
1604005,38577394,2,0,F,340.51948360474102628,5195
1604006,41007998,1,0,F,336.00108155994587378,209
1604006,41007998,2,0,F,336.00108155994587378,209
1604007,38508736,1,0,F,270.37806992025389263,2610
1604007,38508736,2,0,F,270.37806992025389263,2610
1604009,38508474,1,0,F,121.41264915535296609,199
1604009,38508474,2,0,F,121.41264915535296609,199
1604009,38588124,1,0,F,258.70590911847438065,6259
1604009,38588124,2,0,F,258.70590911847438065,6259
1604010,38577385,1,0,F,141.76491861303219366,4214
1604010,38577385,2,0,F,141.76491861303219366,4214
1604010,38577386,1,0,F,245.21955254766376697,6037
1604010,38577386,2,0,F,245.21955254766376697,6037
1604011,38587428,1,0,F,456.96375991439981590,680
1604011,38587428,2,0,F,456.96375991439981590,680
1604012,38573140,1,0,F,321.79735921782406649,6023
1604012,38573140,2,0,F,321.79735921782406649,6023
1604013,38508476,1,0,F,211.42096813587409088,4145
1604013,38508476,2,0,F,211.42096813587409088,4145
1604013,38577370,1,0,F,247.75863261691188200,4206
1604013,38577370,2,0,F,247.75863261691188200,4206
1604015,38505890,1,0,F,293.24768981390786848,8805
1604015,38505890,2,0,F,293.24768981390786848,8805
1604015,38588569,1,0,F,197.85276173036584169,4595
1604015,38588569,2,0,F,197.85276173036584169,4595
1604016,38505892,1,0,F,184.05700791702506081,10842
1604016,38505892,2,0,F,184.05700791702506081,10842
1604016,38530418,1,0,F,211.66278249113258880,2811
1604016,38530418,2,0,F,211.66278249113258880,2811
1604016,38573087,1,0,F,317.38736429310301901,4392
1604016,38573087,2,0,F,317.38736429310301901,4392
1604016,38573116,1,0,F,301.66526044764464132,5499
1604016,38573116,2,0,F,301.66526044764464132,5499
1604016,38577377,1,0,F,278.96845540332878954,5060
1604016,38577377,2,0,F,278.96845540332878954,5060
1604016,38587775,1,0,F,394.80838536552079177,4666
1604016,38587775,2,0,F,394.80838536552079177,4666
1604016,38588567,1,0,F,241.86110787333853978,6198
1604016,38588567,2,0,F,241.86110787333853978,6198
1604016,38588652,1,0,F,251.99280153049880937,7238
1604016,38588652,2,0,F,251.99280153049880937,7238
1604017,38508472,1,0,F,150.85809842798798286,1258
1604017,38508472,2,0,F,150.85809842798798286,1258
1604020,38505664,1,0,F,182.64298540301416551,2450
1604020,38505664,2,0,F,182.64298540301416551,2450
1604021,38505667,1,0,F,244.17222556902140695,1535
1604021,38505667,2,0,F,244.17222556902140695,1535
1604022,38505893,1,0,F,220.97838729381248868,5586
1604022,38505893,2,0,F,220.97838729381248868,5586
1604022,38577379,1,0,F,233.30586214948965562,2521
1604022,38577379,2,0,F,233.30586214948965562,2521
1604022,38577381,1,0,F,278.77975759010365664,5723
1604022,38577381,2,0,F,278.77975759010365664,5723
1604022,38587927,1,0,F,254.48828626419083321,6902
1604022,38587927,2,0,F,254.48828626419083321,6902
1604023,38505774,1,0,F,149.43107483161713844,1320
1604023,38505774,2,0,F,149.43107483161713844,1320
1604024,38573120,1,0,F,248.36445603560039785,621
1604024,38573120,2,0,F,248.36445603560039785,621
1605001,38573766,1,0,F,310.77850819265648852,6037
1605001,38573766,2,0,F,310.77850819265648852,6037
1605002,38573757,1,0,F,206.07458707063969428,7075
1605002,38573757,2,0,F,206.07458707063969428,7075
1605003,38573771,1,0,F,194.25608176926166948,11440
1605003,38573771,2,0,F,194.25608176926166948,11440
1605003,41008301,1,0,F,440.94885075505823124,34920
1605003,41008301,2,0,F,440.94885075505823124,34920
1605004,38503738,1,0,F,136.24708472585314212,4648
1605004,38503738,2,0,F,136.24708472585314212,4648
1605005,38573790,1,0,F,168.06431288547906888,5272
1605005,38573790,2,0,F,168.06431288547906888,5272
1605006,38503737,1,0,F,478.65589319910685617,3540
1605006,38503737,2,0,F,478.65589319910685617,3540
1605008,38503775,1,0,F,210.83127713912782042,3104
1605008,38503775,2,0,F,210.83127713912782042,3104
1605009,38505671,1,0,F,186.64081417713504152,3383
1605009,38505671,2,0,F,186.64081417713504152,3383
1605009,38577225,1,0,F,289.28433546325146608,4421
1605009,38577225,2,0,F,289.28433546325146608,4421
1605010,38577518,1,0,F,328.16189093522797293,5098
1605010,38577518,2,0,F,328.16189093522797293,5098
1605010,38577522,1,0,F,207.92730093423767812,8728
1605010,38577522,2,0,F,207.92730093423767812,8728
1605010,38577524,1,0,F,194.91496430001527074,9039
1605010,38577524,2,0,F,194.91496430001527074,9039
1605010,41008249,1,0,F,413.71152482513292625,14200
1605010,41008249,2,0,F,413.71152482513292625,14200
1605010,41008276,1,0,F,293.91826917249278495,8864
1605010,41008276,2,0,F,293.91826917249278495,8864
1605011,38573816,1,0,F,474.32994886502700638,5002
1605011,38573816,2,0,F,474.32994886502700638,5002
1605011,41008246,1,0,F,529.63203161391743379,12162
1605011,41008246,2,0,F,529.63203161391743379,12162
1605014,38503761,1,0,F,287.43553419103210445,6188
1605014,38503761,2,0,F,287.43553419103210445,6188
1605015,38581269,1,0,F,139.40153426243554691,8516
1605015,38581269,2,0,F,139.40153426243554691,8516
1605015,38581275,1,0,F,225.26265575697851773,6434
1605015,38581275,2,0,F,225.26265575697851773,6434
1605015,38581278,1,0,F,281.17771659746063051,5584
1605015,38581278,2,0,F,281.17771659746063051,5584
1605015,38581279,1,0,F,312.75771767734431705,9596
1605015,38581279,2,0,F,312.75771767734431705,9596
1605015,38592292,1,0,F,155.38145121567197293,4252
1605015,38592292,2,0,F,155.38145121567197293,4252
1605015,41008327,1,0,F,350.84746921756646998,10158
1605015,41008327,2,0,F,350.84746921756646998,10158
1605016,38503634,1,0,F,210.28958909389473320,6486
1605016,38503634,2,0,F,210.28958909389473320,6486
1605016,38573800,1,0,F,170.28915620791923402,8269
1605016,38573800,2,0,F,170.28915620791923402,8269
1605016,38573801,1,0,F,218.07768515929984687,11784
1605016,38573801,2,0,F,218.07768515929984687,11784
1605016,38573824,1,0,F,248.00000000000000000,100
1605016,38573824,2,0,F,248.00000000000000000,100
1605016,38581056,1,0,F,147.16896107158038376,7485
1605016,38581056,2,0,F,147.16896107158038376,7485
1605016,38592296,1,0,F,187.92638433676540899,5046
1605016,38592296,2,0,F,187.92638433676540899,5046
1605016,38592297,1,0,F,243.64129565725400539,4899
1605016,38592297,2,0,F,243.64129565725400539,4899
1605016,38592300,1,0,F,213.52648937482041447,5171
1605016,38592300,2,0,F,213.52648937482041447,5171
1605017,41007157,1,0,F,315.82970065401502779,1113
1605017,41007157,2,0,F,315.82970065401502779,1113
1605019,38577205,1,0,F,478.36362756663379514,2932
1605019,38577205,2,0,F,478.36362756663379514,2932
1605019,38587519,1,0,F,306.38423191754435493,5415
1605019,38587519,2,0,F,306.38423191754435493,5415
1605020,38505665,1,0,F,161.93647435714157723,5217
1605020,38505665,2,0,F,161.93647435714157723,5217
1605020,38577205,1,0,F,222.02410576721536017,3192
1605020,38577205,2,0,F,222.02410576721536017,3192
1605020,38577206,1,0,F,230.76740432761965849,3923
1605020,38577206,2,0,F,230.76740432761965849,3923
1605020,38577208,1,0,F,241.70967759187936963,5760
1605020,38577208,2,0,F,241.70967759187936963,5760
1605020,38587557,1,0,F,236.57387024731073666,5020
1605020,38587557,2,0,F,236.57387024731073666,5020
1605020,38587582,1,0,F,234.15598025003791349,16468
1605020,38587582,2,0,F,234.15598025003791349,16468
1605020,38587769,1,0,F,346.84543435049363325,4341
1605020,38587769,2,0,F,346.84543435049363325,4341
1605021,38587771,1,0,F,191.47356364221928970,5204
1605021,38587771,2,0,F,191.47356364221928970,5204
1605022,38573826,1,0,F,468.19413639020797291,2802
1605022,38573826,2,0,F,468.19413639020797291,2802
1605022,38573828,1,0,F,195.04510314209045418,6360
1605022,38573828,2,0,F,195.04510314209045418,6360
1605022,38582391,1,0,F,322.62466459096236804,3774
1605022,38582391,2,0,F,322.62466459096236804,3774
1605022,41008414,1,0,F,350.14350070248576685,10803
1605022,41008414,2,0,F,350.14350070248576685,10803
1605023,41008463,1,0,F,671.13559599773725495,1516
1605023,41008463,2,0,F,671.13559599773725495,1516
1605024,38573829,1,0,F,195.06446177712587087,13524
1605024,38573829,2,0,F,195.06446177712587087,13524
1605024,38573832,1,0,F,229.36979151207583527,6539
1605024,38573832,2,0,F,229.36979151207583527,6539
1605024,38581710,1,0,F,258.48391009084434700,2684
1605024,38581710,2,0,F,258.48391009084434700,2684
1605024,38581711,1,0,F,300.82766968089083548,3347
1605024,38581711,2,0,F,300.82766968089083548,3347
1605024,38581712,1,0,F,197.78485722186795215,11228
1605024,38581712,2,0,F,197.78485722186795215,11228
1605024,41008463,1,0,F,493.38001249020868499,14586
1605024,41008463,2,0,F,493.38001249020868499,14586
1605025,38503638,1,0,F,321.80138164551118507,2927
1605025,38503638,2,0,F,321.80138164551118507,2927
1605025,38503639,1,0,F,186.13302769613176224,3606
1605025,38503639,2,0,F,186.13302769613176224,3606
1605025,38503749,1,0,F,262.30739715462544837,3666
1605025,38503749,2,0,F,262.30739715462544837,3666
1605026,38503717,1,0,F,42.23737908938967678,466
1605026,38503717,2,0,F,42.23737908938967678,466
1605027,38503715,1,0,F,362.04783684106513419,2982
1605027,38503715,2,0,F,362.04783684106513419,2982
1605027,38573794,1,0,F,210.38937132666890761,3652
1605027,38573794,2,0,F,210.38937132666890761,3652
1605027,38574432,1,0,F,382.05706002253373299,4990
1605027,38574432,2,0,F,382.05706002253373299,4990
1605028,38503623,1,0,F,495.49769283563932731,3017
1605028,38503623,2,0,F,495.49769283563932731,3017
1605029,38503755,1,0,F,36.30628733207999659,153
1605029,38503755,2,0,F,36.30628733207999659,153
1605030,38503394,1,0,F,213.15846030597580807,8809
1605030,38503394,2,0,F,213.15846030597580807,8809
1605030,38503640,1,0,F,359.44926067425927840,3267
1605030,38503640,2,0,F,359.44926067425927840,3267
1605030,38503642,1,0,F,225.89523197960363632,5733
1605030,38503642,2,0,F,225.89523197960363632,5733
1605030,38573836,1,0,F,289.51289500573807345,2463
1605030,38573836,2,0,F,289.51289500573807345,2463
1605031,38503641,1,0,F,217.59890471577159587,5463
1605031,38503641,2,0,F,217.59890471577159587,5463
1605031,38503643,1,0,F,271.26394883123140289,7273
1605031,38503643,2,0,F,271.26394883123140289,7273
1605032,38503748,1,0,F,200.72302629906690186,4240
1605032,38503748,2,0,F,200.72302629906690186,4240
1605032,38506489,1,0,F,306.01394239761827976,3661
1605032,38506489,2,0,F,306.01394239761827976,3661
1605032,38573822,1,0,F,398.80977667749442617,3491
1605032,38573822,2,0,F,398.80977667749442617,3491
1605033,38574481,1,0,F,361.41663922850108293,2772
1605033,38574481,2,0,F,361.41663922850108293,2772
1605033,38574483,1,0,F,333.00023632559532416,4808
1605033,38574483,2,0,F,333.00023632559532416,4808
1605033,41008631,1,0,F,407.13500172541665734,8704
1605033,41008631,2,0,F,407.13500172541665734,8704
1605034,38577408,1,0,F,186.58861107805421398,2846
1605034,38577408,2,0,F,186.58861107805421398,2846
1605034,38589874,1,0,F,300.48211387257879323,8292
1605034,38589874,2,0,F,300.48211387257879323,8292
1605035,38577398,1,0,F,288.73662602008158728,4664
1605035,38577398,2,0,F,288.73662602008158728,4664
1605035,38577399,1,0,F,117.02362558440260898,4842
1605035,38577399,2,0,F,117.02362558440260898,4842
1605035,38577400,1,0,F,377.32904367057733452,3931
1605035,38577400,2,0,F,377.32904367057733452,3931
1605035,38577402,1,0,F,215.98875208208838217,2786
1605035,38577402,2,0,F,215.98875208208838217,2786
1605035,38577404,1,0,F,276.99135273283167180,3569
1605035,38577404,2,0,F,276.99135273283167180,3569
1605035,38577410,1,0,F,342.00414031736727338,1971
1605035,38577410,2,0,F,342.00414031736727338,1971
1605035,38588906,1,0,F,289.17747074638464255,5016
1605035,38588906,2,0,F,289.17747074638464255,5016
1605035,41007839,1,0,F,133.00000000000000000,100
1605035,41007839,2,0,F,133.00000000000000000,100
1605036,38591762,1,0,F,259.81606110455811631,4121
1605036,38591762,2,0,F,259.81606110455811631,4121
1605037,38577428,1,0,F,361.42965307948122700,2530
1605037,38577428,2,0,F,361.42965307948122700,2530
1605038,38505097,1,0,F,308.58579131118415262,6429
1605038,38505097,2,0,F,308.58579131118415262,6429
1605038,38505098,1,0,F,296.12970601889384170,2734
1605038,38505098,2,0,F,296.12970601889384170,2734
1605038,38505099,1,0,F,228.05798187612901984,3915
1605038,38505099,2,0,F,228.05798187612901984,3915
1605038,38577436,1,0,F,234.97894427715780807,4331
1605038,38577436,2,0,F,234.97894427715780807,4331
1605038,38577438,1,0,F,187.93395496699992009,9909
1605038,38577438,2,0,F,187.93395496699992009,9909
1605038,38577443,1,0,F,282.35648215697506203,1895
1605038,38577443,2,0,F,282.35648215697506203,1895
1605039,41008076,1,0,F,432.05128699248581370,14577
1605039,41008076,2,0,F,432.05128699248581370,14577
1605041,38505085,1,0,F,65.71156700189561661,5015
1605041,38505085,2,0,F,65.71156700189561661,5015
1605042,41008121,1,0,F,493.90869852243082505,6383
1605042,41008121,2,0,F,493.90869852243082505,6383
1605044,38505084,1,0,F,214.75652724980471930,9174
1605044,38505084,2,0,F,214.75652724980471930,9174
1605044,38505096,1,0,F,246.37688319876448872,6210
1605044,38505096,2,0,F,246.37688319876448872,6210
1605044,38588238,1,0,F,165.21993685056895629,6837
1605044,38588238,2,0,F,165.21993685056895629,6837
1605044,38594730,1,0,F,116.74258126910254418,4569
1605044,38594730,2,0,F,116.74258126910254418,4569
1605045,38505092,1,0,F,124.76012748073225112,3615
1605045,38505092,2,0,F,124.76012748073225112,3615
1605045,38505095,1,0,F,97.90313603713318003,3603
1605045,38505095,2,0,F,97.90313603713318003,3603
1605045,38577422,1,0,F,162.15991594720929925,3634
1605045,38577422,2,0,F,162.15991594720929925,3634
1605045,38577423,1,0,F,256.58634117731452307,5648
1605045,38577423,2,0,F,256.58634117731452307,5648
1605045,38577430,1,0,F,60.00000000000000000,100
1605045,38577430,2,0,F,60.00000000000000000,100
1605045,38577432,1,0,F,179.82243409305746695,10998
1605045,38577432,2,0,F,179.82243409305746695,10998
1605045,38577473,1,0,F,171.77636811814190310,1978
1605045,38577473,2,0,F,171.77636811814190310,1978
1605045,38588733,1,0,F,193.40173816267321172,3232
1605045,38588733,2,0,F,193.40173816267321172,3232
1605045,38592408,1,0,F,77.40652823878500044,4983
1605045,38592408,2,0,F,77.40652823878500044,4983
1605045,38592419,1,0,F,153.04303598598241365,7368
1605045,38592419,2,0,F,153.04303598598241365,7368
1605045,38594996,1,0,F,204.52028229378703372,3732
1605045,38594996,2,0,F,204.52028229378703372,3732
1605046,38587535,1,0,F,257.83420877844014285,5819
1605046,38587535,2,0,F,257.83420877844014285,5819
1605046,41008198,1,0,F,415.98864913115039599,5980
1605046,41008198,2,0,F,415.98864913115039599,5980
1605047,38573137,1,0,F,97.79130692679078152,167
1605047,38573137,2,0,F,97.79130692679078152,167
1605048,38577462,1,0,F,49.87546718063982354,3558
1605048,38577462,2,0,F,49.87546718063982354,3558
1605049,38577463,1,0,F,274.16177247059880528,4685
1605049,38577463,2,0,F,274.16177247059880528,4685
1605049,38587533,1,0,F,359.70196756725425757,2232
1605049,38587533,2,0,F,359.70196756725425757,2232
1605051,38503861,1,0,F,114.24046915564770188,1474
1605051,38503861,2,0,F,114.24046915564770188,1474
1605052,38530401,1,0,F,265.53046915470866907,786
1605052,38530401,2,0,F,265.53046915470866907,786
1605053,38503757,1,0,F,236.90896614586597480,1175
1605053,38503757,2,0,F,236.90896614586597480,1175
1605054,38503759,1,0,F,191.33973722853230015,4242
1605054,38503759,2,0,F,191.33973722853230015,4242
1605055,38503742,1,0,F,364.28626512139493343,3379
1605055,38503742,2,0,F,364.28626512139493343,3379
1606001,38572892,1,0,F,164.56372677253929737,2023
1606001,38572892,2,0,F,164.56372677253929737,2023
1606001,38580014,1,0,F,316.82834363745132578,1488
1606001,38580014,2,0,F,316.82834363745132578,1488
1606002,38572917,1,0,F,69.80079606439673512,1189
1606002,38572917,2,0,F,69.80079606439673512,1189
1606003,38572893,1,0,F,324.25161034833269014,2770
1606003,38572893,2,0,F,324.25161034833269014,2770
1606004,38508978,1,0,F,453.93920607210731077,1502
1606004,38508978,2,0,F,453.93920607210731077,1502
1606006,38508790,1,0,F,161.56976149088947636,1564
1606006,38508790,2,0,F,161.56976149088947636,1564
1606006,38508851,1,0,F,146.27920664950158880,2630
1606006,38508851,2,0,F,146.27920664950158880,2630
1606006,38508974,1,0,F,189.51738505643584176,2331
1606006,38508974,2,0,F,189.51738505643584176,2331
1606006,38572897,1,0,F,313.91680837659077952,11784
1606006,38572897,2,0,F,313.91680837659077952,11784
1606006,38580012,1,0,F,382.38237498032827943,3923
1606006,38580012,2,0,F,382.38237498032827943,3923
1606006,38581528,1,0,F,287.84731693310857281,7875
1606006,38581528,2,0,F,287.84731693310857281,7875
1606006,41006903,1,0,F,327.64162472118999858,11437
1606006,41006903,2,0,F,327.64162472118999858,11437
1606007,38508669,1,0,F,305.12678908170840941,1400
1606007,38508669,2,0,F,305.12678908170840941,1400
1606010,38587662,1,0,F,229.09115027488337546,3732
1606010,38587662,2,0,F,229.09115027488337546,3732
1606010,41006790,1,0,F,738.88924935683155582,226
1606010,41006790,2,0,F,738.88924935683155582,226
1606011,38572908,1,0,F,293.89775001625162076,6740
1606011,38572908,2,0,F,293.89775001625162076,6740
1606011,38572909,1,0,F,292.94298607836742576,2998
1606011,38572909,2,0,F,292.94298607836742576,2998
1606011,38581160,1,0,F,209.32370167444662457,1141
1606011,38581160,2,0,F,209.32370167444662457,1141
1606011,38581164,1,0,F,325.23409898510595895,9083
1606011,38581164,2,0,F,325.23409898510595895,9083
1606011,41006951,1,0,F,318.91442867155211616,677
1606011,41006951,2,0,F,318.91442867155211616,677
1606013,38508743,1,0,F,198.87574432400415958,5004
1606013,38508743,2,0,F,198.87574432400415958,5004
1606013,38508744,1,0,F,319.13573640404115395,5690
1606013,38508744,2,0,F,319.13573640404115395,5690
1606013,38508747,1,0,F,413.68352168748623399,2987
1606013,38508747,2,0,F,413.68352168748623399,2987
1606013,38572916,1,0,F,433.63559227087671388,998
1606013,38572916,2,0,F,433.63559227087671388,998
1606013,41006858,1,0,F,462.89388686558811514,2890
1606013,41006858,2,0,F,462.89388686558811514,2890
1606015,38508769,1,0,F,331.82482831231840237,5839
1606015,38508769,2,0,F,331.82482831231840237,5839
1606015,38508855,1,0,F,321.39598633066594857,4031
1606015,38508855,2,0,F,321.39598633066594857,4031
1606016,38508771,1,0,F,132.35772195249995775,1652
1606016,38508771,2,0,F,132.35772195249995775,1652
1606018,38508670,1,0,F,125.86960961234660772,1229
1606018,38508670,2,0,F,125.86960961234660772,1229
1606019,38508399,1,0,F,275.89654377219704884,8341
1606019,38508399,2,0,F,275.89654377219704884,8341
1606019,38595400,1,0,F,338.85013439963927340,3333
1606019,38595400,2,0,F,338.85013439963927340,3333
1606019,38595402,1,0,F,639.55899238021982001,1
1606019,38595402,2,0,F,639.55899238021982001,1
1606019,41007155,1,0,F,771.00729762304240467,1522
1606019,41007155,2,0,F,771.00729762304240467,1522
1607001,38591817,1,0,F,471.18192481484169321,2344
1607001,38591817,2,0,F,471.18192481484169321,2344
1607001,38595492,1,0,F,315.09108564702682997,3959
1607001,38595492,2,0,F,315.09108564702682997,3959
1607002,38591817,1,0,F,120.83515245274004712,4170
1607002,38591817,2,0,F,120.83515245274004712,4170
1607002,38595490,1,0,F,217.24980491981571618,5568
1607002,38595490,2,0,F,217.24980491981571618,5568
1607002,38595491,1,0,F,265.16624254062429600,12703
1607002,38595491,2,0,F,265.16624254062429600,12703
1607003,38508733,1,0,F,36.87883689372843321,1494
1607003,38508733,2,0,F,36.87883689372843321,1494
1607004,38508730,1,0,F,161.06883237633138606,2573
1607004,38508730,2,0,F,161.06883237633138606,2573
1607005,38572926,1,0,F,173.13327488737940030,4954
1607005,38572926,2,0,F,173.13327488737940030,4954
1607006,38572929,1,0,F,218.31257179814721781,5261
1607006,38572929,2,0,F,218.31257179814721781,5261
1607006,41007034,1,0,F,311.42864057266024247,10004
1607006,41007034,2,0,F,311.42864057266024247,10004
1607007,38508709,1,0,F,201.13607332080272272,1583
1607007,38508709,2,0,F,201.13607332080272272,1583
1607011,38583492,1,0,F,337.87046831283549864,4608
1607011,38583492,2,0,F,337.87046831283549864,4608
1607012,38508896,1,0,F,188.40315304054360013,7273
1607012,38508896,2,0,F,188.40315304054360013,7273
1607012,38508975,1,0,F,105.08644023433758719,5028
1607012,38508975,2,0,F,105.08644023433758719,5028
1607012,38572923,1,0,F,185.18158891588959136,5519
1607012,38572923,2,0,F,185.18158891588959136,5519
1607012,38572939,1,0,F,196.73248250974666007,2405
1607012,38572939,2,0,F,196.73248250974666007,2405
1607012,38580943,1,0,F,283.83828909235103310,4960
1607012,38580943,2,0,F,283.83828909235103310,4960
1607012,38581333,1,0,F,142.80731337763569400,6040
1607012,38581333,2,0,F,142.80731337763569400,6040
1607012,38583494,1,0,F,183.80413131514688985,3345
1607012,38583494,2,0,F,183.80413131514688985,3345
1607012,41007080,1,0,F,435.00079172344209155,12035
1607012,41007080,2,0,F,435.00079172344209155,12035
1607013,38508552,1,0,F,430.33479137771513479,1151
1607013,38508552,2,0,F,430.33479137771513479,1151
1607014,38508392,1,0,F,193.93471345614210577,3232
1607014,38508392,2,0,F,193.93471345614210577,3232
1607015,38581584,1,0,F,392.62968247650769626,5588
1607015,38581584,2,0,F,392.62968247650769626,5588
1607016,38581505,1,0,F,168.14906791105971706,4343
1607016,38581505,2,0,F,168.14906791105971706,4343
1607017,38508394,1,0,F,377.96010389647977945,5263
1607017,38508394,2,0,F,377.96010389647977945,5263
1607017,41007144,1,0,F,781.43611998374024097,1125
1607017,41007144,2,0,F,781.43611998374024097,1125
1607018,38572943,1,0,F,260.44107652343836889,4766
1607018,38572943,2,0,F,260.44107652343836889,4766
1607019,38508798,1,0,F,332.58865951242432857,5552
1607019,38508798,2,0,F,332.58865951242432857,5552
1607019,38572943,1,0,F,260.74590780484174957,4232
1607019,38572943,2,0,F,260.74590780484174957,4232
1607020,38508712,1,0,F,335.02311232322722390,4130
1607020,38508712,2,0,F,335.02311232322722390,4130
1607020,38508799,1,0,F,279.62066770251470871,8108
1607020,38508799,2,0,F,279.62066770251470871,8108
1607021,38508728,1,0,F,326.70330919034910266,5387
1607021,38508728,2,0,F,326.70330919034910266,5387
1607021,38508887,1,0,F,254.44047448591533112,2645
1607021,38508887,2,0,F,254.44047448591533112,2645
1607021,38572947,1,0,F,207.11136877463962946,1354
1607021,38572947,2,0,F,207.11136877463962946,1354
1607022,38508755,1,0,F,380.63372175262628616,3926
1607022,38508755,2,0,F,380.63372175262628616,3926
1609001,38502794,1,0,F,199.29105040580409991,3585
1609001,38502794,2,0,F,199.29105040580409991,3585
1609001,38587260,1,0,F,259.37957834007994506,6018
1609001,38587260,2,0,F,259.37957834007994506,6018
1609001,38593426,1,0,F,270.31750993453704268,5805
1609001,38593426,2,0,F,270.31750993453704268,5805
1609001,38595432,1,0,F,428.99465078663155282,982
1609001,38595432,2,0,F,428.99465078663155282,982
1609002,38588247,1,0,F,238.68483581181976660,11427
1609002,38588247,2,0,F,238.68483581181976660,11427
1609003,38502862,1,0,F,171.31844215207220827,4832
1609003,38502862,2,0,F,171.31844215207220827,4832
1609003,38588710,1,0,F,240.34296054150357236,3316
1609003,38588710,2,0,F,240.34296054150357236,3316
1609003,38593423,1,0,F,229.95855018907434442,4410
1609003,38593423,2,0,F,229.95855018907434442,4410
1609004,38573080,1,0,F,215.22867242007879440,6911
1609004,38573080,2,0,F,215.22867242007879440,6911
1609004,38587435,1,0,F,161.89266016969313000,5199
1609004,38587435,2,0,F,161.89266016969313000,5199
1609004,38588626,1,0,F,249.82746643644577489,8289
1609004,38588626,2,0,F,249.82746643644577489,8289
1609004,38589203,1,0,F,271.79521209945676219,10697
1609004,38589203,2,0,F,271.79521209945676219,10697
1609004,38593429,1,0,F,191.86220778329735026,10401
1609004,38593429,2,0,F,191.86220778329735026,10401
1609004,38593430,1,0,F,205.31731019433522079,9195
1609004,38593430,2,0,F,205.31731019433522079,9195
1609004,38593431,1,0,F,302.32285626891331276,5664
1609004,38593431,2,0,F,302.32285626891331276,5664
1609004,38593433,1,0,F,198.92084562524036073,7662
1609004,38593433,2,0,F,198.92084562524036073,7662
1609005,38587259,1,0,F,181.79492216362751833,1546
1609005,38587259,2,0,F,181.79492216362751833,1546
1609006,38587587,1,0,F,241.84375165352039971,2601
1609006,38587587,2,0,F,241.84375165352039971,2601
1609007,38577586,1,0,F,203.98949292540757483,3567
1609007,38577586,2,0,F,203.98949292540757483,3567
1609007,38587283,1,0,F,192.79537063438712607,2388
1609007,38587283,2,0,F,192.79537063438712607,2388
1609007,38587375,1,0,F,182.38459344639386472,5352
1609007,38587375,2,0,F,182.38459344639386472,5352
1609008,38587284,1,0,F,144.49329478874255983,3808
1609008,38587284,2,0,F,144.49329478874255983,3808
1609009,38502795,1,0,F,230.91195128617937371,12122
1609009,38502795,2,0,F,230.91195128617937371,12122
1609009,38502850,1,0,F,229.03057737369249480,9356
1609009,38502850,2,0,F,229.03057737369249480,9356
1609009,38577580,1,0,F,176.76177554392239699,4417
1609009,38577580,2,0,F,176.76177554392239699,4417
1609009,38577582,1,0,F,226.15687888590122157,6696
1609009,38577582,2,0,F,226.15687888590122157,6696
1609009,38577584,1,0,F,191.44701687261726875,4185
1609009,38577584,2,0,F,191.44701687261726875,4185
1609009,38593411,1,0,F,160.60138723444319453,5556
1609009,38593411,2,0,F,160.60138723444319453,5556
1609009,38593415,1,0,F,219.85612421979365649,13020
1609009,38593415,2,0,F,219.85612421979365649,13020
1609009,38593416,1,0,F,172.25182078187074808,22368
1609009,38593416,2,0,F,172.25182078187074808,22368
1609009,38593420,1,0,F,202.47674909581505176,5496
1609009,38593420,2,0,F,202.47674909581505176,5496
1609010,38593421,1,0,F,238.94123395614059291,11660
1609010,38593421,2,0,F,238.94123395614059291,11660
1609010,38595393,1,0,F,142.93143012160058447,8700
1609010,38595393,2,0,F,142.93143012160058447,8700
1609011,38587378,1,0,F,313.89554103462614876,16683
1609011,38587378,2,0,F,313.89554103462614876,16683
1609011,38587515,1,0,F,0.00000000000000000,100
1609011,38587515,2,0,F,0.00000000000000000,100
1609011,38593436,1,0,F,260.07813322622479291,6720
1609011,38593436,2,0,F,260.07813322622479291,6720
1609011,38595087,1,0,F,286.93701015872420612,4140
1609011,38595087,2,0,F,286.93701015872420612,4140
1609011,41007260,1,0,F,357.19459194990827200,15376
1609011,41007260,2,0,F,357.19459194990827200,15376
1609013,38502299,1,0,F,174.17279600514586946,6372
1609013,38502299,2,0,F,174.17279600514586946,6372
1609013,38502851,1,0,F,153.00997223542236725,4794
1609013,38502851,2,0,F,153.00997223542236725,4794
1609013,38587724,1,0,F,182.46861284772884915,11740
1609013,38587724,2,0,F,182.46861284772884915,11740
1609013,38588694,1,0,F,181.73878158940684102,6380
1609013,38588694,2,0,F,181.73878158940684102,6380
1609013,38593458,1,0,F,170.98013758999991296,8196
1609013,38593458,2,0,F,170.98013758999991296,8196
1609013,41007294,1,0,F,273.75642210150886058,5708
1609013,41007294,2,0,F,273.75642210150886058,5708
1609013,41007408,1,0,F,423.38664055015806298,7980
1609013,41007408,2,0,F,423.38664055015806298,7980
1609014,38502280,1,0,F,154.50514268625562408,11084
1609014,38502280,2,0,F,154.50514268625562408,11084
1609014,38502281,1,0,F,99.17307129732722615,11580
1609014,38502281,2,0,F,99.17307129732722615,11580
1609014,38502780,1,0,F,114.69605290471874071,15988
1609014,38502780,2,0,F,114.69605290471874071,15988
1609014,38577529,1,0,F,204.93368606729100634,27840
1609014,38577529,2,0,F,204.93368606729100634,27840
1609014,38577530,1,0,F,170.55618370318262578,6020
1609014,38577530,2,0,F,170.55618370318262578,6020
1609014,38577559,1,0,F,108.19186168865823561,15012
1609014,38577559,2,0,F,108.19186168865823561,15012
1609014,38577560,1,0,F,141.29001305155409796,20164
1609014,38577560,2,0,F,141.29001305155409796,20164
1609014,38577575,1,0,F,153.82783848631501655,5644
1609014,38577575,2,0,F,153.82783848631501655,5644
1609014,38587279,1,0,F,290.15391551805316794,7560
1609014,38587279,2,0,F,290.15391551805316794,7560
1609014,38587514,1,0,F,196.49870512616851670,15316
1609014,38587514,2,0,F,196.49870512616851670,15316
1609014,38588622,1,0,F,126.58927485708210270,13076
1609014,38588622,2,0,F,126.58927485708210270,13076
1609014,38588701,1,0,F,209.49967834753209672,9860
1609014,38588701,2,0,F,209.49967834753209672,9860
1609014,38589870,1,0,F,135.12751241600921048,13708
1609014,38589870,2,0,F,135.12751241600921048,13708
1609014,38591898,1,0,F,179.58209944763115118,12292
1609014,38591898,2,0,F,179.58209944763115118,12292
1609016,38587278,1,0,F,227.51336839465022877,7336
1609016,38587278,2,0,F,227.51336839465022877,7336
1609016,38588701,1,0,F,275.25528658293256967,3375
1609016,38588701,2,0,F,275.25528658293256967,3375
1609016,38593438,1,0,F,106.71796937368081615,8022
1609016,38593438,2,0,F,106.71796937368081615,8022
1609016,38593446,1,0,F,194.97431626758415746,7544
1609016,38593446,2,0,F,194.97431626758415746,7544
1609016,38593463,1,0,F,247.66875868662231142,4636
1609016,38593463,2,0,F,247.66875868662231142,4636
1609016,41007439,1,0,F,368.58490998109880366,11321
1609016,41007439,2,0,F,368.58490998109880366,11321
1609016,41007474,1,0,F,371.92077960311337392,14272
1609016,41007474,2,0,F,371.92077960311337392,14272
1609017,38502788,1,0,F,181.16827583871270235,19624
1609017,38502788,2,0,F,181.16827583871270235,19624
1609017,38502970,1,0,F,216.32230127397642150,3780
1609017,38502970,2,0,F,216.32230127397642150,3780
1609017,38573188,1,0,F,209.50280151366442283,5275
1609017,38573188,2,0,F,209.50280151366442283,5275
1609017,38573190,1,0,F,148.86182299115074557,7773
1609017,38573190,2,0,F,148.86182299115074557,7773
1609017,38593396,1,0,F,291.05993275025616640,9896
1609017,38593396,2,0,F,291.05993275025616640,9896
1609017,38593403,1,0,F,214.75849152719018775,18532
1609017,38593403,2,0,F,214.75849152719018775,18532
1609017,41007504,1,0,F,542.52683965143114619,11316
1609017,41007504,2,0,F,542.52683965143114619,11316
1609018,38587280,1,0,F,180.26608793363797645,11662
1609018,38587280,2,0,F,180.26608793363797645,11662
1609019,38502787,1,0,F,246.57686193347876724,3771
1609019,38502787,2,0,F,246.57686193347876724,3771
1609019,38502798,1,0,F,98.34018784750409736,8627
1609019,38502798,2,0,F,98.34018784750409736,8627
1609019,38502799,1,0,F,262.54411818059753614,13899
1609019,38502799,2,0,F,262.54411818059753614,13899
1609019,38581534,1,0,F,242.83551993720550399,5964
1609019,38581534,2,0,F,242.83551993720550399,5964
1609019,38593399,1,0,F,191.44040107141890417,7169
1609019,38593399,2,0,F,191.44040107141890417,7169
1609019,38593400,1,0,F,301.01406089473101702,9907
1609019,38593400,2,0,F,301.01406089473101702,9907
1609020,38587280,1,0,F,259.07461165317016594,5271
1609020,38587280,2,0,F,259.07461165317016594,5271
1609020,38593410,1,0,F,165.75330097270509100,6456
1609020,38593410,2,0,F,165.75330097270509100,6456
1609021,38577534,1,0,F,292.63944451914034062,3678
1609021,38577534,2,0,F,292.63944451914034062,3678
1609022,38577564,1,0,F,233.90886029150317427,6968
1609022,38577564,2,0,F,233.90886029150317427,6968
1609023,38595342,1,0,F,219.73170584637122715,3618
1609023,38595342,2,0,F,219.73170584637122715,3618
1609023,41007403,1,0,F,414.91881258728227522,3564
1609023,41007403,2,0,F,414.91881258728227522,3564
1609023,41007511,1,0,F,299.42139776933339590,10096
1609023,41007511,2,0,F,299.42139776933339590,10096
1609024,38502286,1,0,F,264.62520416141961732,5179
1609024,38502286,2,0,F,264.62520416141961732,5179
1609024,38502853,1,0,F,268.09660200481289394,2951
1609024,38502853,2,0,F,268.09660200481289394,2951
1609024,38577537,1,0,F,353.02761814950895314,5815
1609024,38577537,2,0,F,353.02761814950895314,5815
1609024,38577538,1,0,F,144.95808936871893025,3631
1609024,38577538,2,0,F,144.95808936871893025,3631
1609025,38502286,1,0,F,466.29247028398316388,2374
1609025,38502286,2,0,F,466.29247028398316388,2374
1609026,38502995,1,0,F,299.01429656415825775,7300
1609026,38502995,2,0,F,299.01429656415825775,7300
1609027,38502288,1,0,F,446.69190847771409381,1758
1609027,38502288,2,0,F,446.69190847771409381,1758
1609027,38502761,1,0,F,262.48605952683777787,4256
1609027,38502761,2,0,F,262.48605952683777787,4256
1609027,38577543,1,0,F,244.27926934554290028,6002
1609027,38577543,2,0,F,244.27926934554290028,6002
1609030,38502287,1,0,F,306.18880406481059708,8059
1609030,38502287,2,0,F,306.18880406481059708,8059
1609030,38502692,1,0,F,146.12930683255981990,1878
1609030,38502692,2,0,F,146.12930683255981990,1878
1609030,38502865,1,0,F,181.88094607744483255,2254
1609030,38502865,2,0,F,181.88094607744483255,2254
1609030,38577539,1,0,F,370.61165519263033730,2486
1609030,38577539,2,0,F,370.61165519263033730,2486
1721001,38575168,1,0,F,325.81690571549290780,1805
1721001,38575168,2,0,F,325.81690571549290780,1805
1721002,38575195,1,0,F,199.06888817027922300,2248
1721002,38575195,2,0,F,199.06888817027922300,2248
1721002,38575196,1,0,F,364.75588716293606240,270
1721002,38575196,2,0,F,364.75588716293606240,270
1721003,38505948,1,0,F,220.51510893746507236,3602
1721003,38505948,2,0,F,220.51510893746507236,3602
1721003,38575157,1,0,F,172.03087512294828798,3882
1721003,38575157,2,0,F,172.03087512294828798,3882
1721003,38575159,1,0,F,241.73940520778205610,4321
1721003,38575159,2,0,F,241.73940520778205610,4321
1721003,38575160,1,0,F,276.47311894936757426,8523
1721003,38575160,2,0,F,276.47311894936757426,8523
1721003,38575181,1,0,F,290.98300835133039755,4774
1721003,38575181,2,0,F,290.98300835133039755,4774
1721003,38575186,1,0,F,247.22544344731832666,2661
1721003,38575186,2,0,F,247.22544344731832666,2661
1721004,38575126,1,0,F,245.13421954993805230,8088
1721004,38575126,2,0,F,245.13421954993805230,8088
1721004,38580778,1,0,F,271.13498333626398562,4125
1721004,38580778,2,0,F,271.13498333626398562,4125
1721004,38582988,1,0,F,179.22088195756307982,6427
1721004,38582988,2,0,F,179.22088195756307982,6427
1721004,38582990,1,0,F,390.66160936027284833,4587
1721004,38582990,2,0,F,390.66160936027284833,4587
1721004,38583676,1,0,F,280.39039741993190091,4727
1721004,38583676,2,0,F,280.39039741993190091,4727
1721005,38575190,1,0,F,206.40883167213232241,1312
1721005,38575190,2,0,F,206.40883167213232241,1312
1721006,38575152,1,0,F,234.93387188399705678,20757
1721006,38575152,2,0,F,234.93387188399705678,20757
1721006,38575154,1,0,F,182.47515997797586351,9972
1721006,38575154,2,0,F,182.47515997797586351,9972
1721006,38575155,1,0,F,226.33464096693896295,4356
1721006,38575155,2,0,F,226.33464096693896295,4356
1721006,38575222,1,0,F,216.34029118861280949,6342
1721006,38575222,2,0,F,216.34029118861280949,6342
1721006,38575223,1,0,F,230.94039461144726033,8778
1721006,38575223,2,0,F,230.94039461144726033,8778
1721006,38579936,1,0,F,131.85328962370456907,8388
1721006,38579936,2,0,F,131.85328962370456907,8388
1721006,38581259,1,0,F,251.96298653155551506,8100
1721006,38581259,2,0,F,251.96298653155551506,8100
1721006,38581574,1,0,F,188.16938408886221623,6708
1721006,38581574,2,0,F,188.16938408886221623,6708
1721006,38582995,1,0,F,241.57846053806343889,3945
1721006,38582995,2,0,F,241.57846053806343889,3945
1721006,38583000,1,0,F,329.01576153330711350,5691
1721006,38583000,2,0,F,329.01576153330711350,5691
1721006,38583005,1,0,F,233.38868947966611245,4041
1721006,38583005,2,0,F,233.38868947966611245,4041
1721006,38583015,1,0,F,196.95597219582421644,5265
1721006,38583015,2,0,F,196.95597219582421644,5265
1721007,38570418,1,0,F,328.91255264715363182,5058
1721007,38570418,2,0,F,328.91255264715363182,5058
1721007,38575123,1,0,F,298.41225197934761582,4424
1721007,38575123,2,0,F,298.41225197934761582,4424
1721007,38575130,1,0,F,197.66698861898939299,1998
1721007,38575130,2,0,F,197.66698861898939299,1998
1721007,38581245,1,0,F,287.17807859956286620,4968
1721007,38581245,2,0,F,287.17807859956286620,4968
1721007,38582991,1,0,F,210.18874339713289601,5106
1721007,38582991,2,0,F,210.18874339713289601,5106
1721007,38583025,1,0,F,172.53459684803456753,5175
1721007,38583025,2,0,F,172.53459684803456753,5175
1721007,38583028,1,0,F,176.91585272308290655,10011
1721007,38583028,2,0,F,176.91585272308290655,10011
1721008,38505224,1,0,F,267.51720872661883277,2613
1721008,38505224,2,0,F,267.51720872661883277,2613
1721008,38587468,1,0,F,417.14014496560793077,2041
1721008,38587468,2,0,F,417.14014496560793077,2041
1721009,38575145,1,0,F,351.18336223894323211,786
1721009,38575145,2,0,F,351.18336223894323211,786
1721010,38573329,1,0,F,254.33407404610596814,1640
1721010,38573329,2,0,F,254.33407404610596814,1640
1721010,38580723,1,0,F,144.57057141516085608,344
1721010,38580723,2,0,F,144.57057141516085608,344
1721010,38580789,1,0,F,591.32717127093644649,2789
1721010,38580789,2,0,F,591.32717127093644649,2789
1721010,38583475,1,0,F,264.46314123629366577,5308
1721010,38583475,2,0,F,264.46314123629366577,5308
1721011,38581588,1,0,F,313.00000000000000000,100
1721011,38581588,2,0,F,313.00000000000000000,100
1721011,38581595,1,0,F,332.84426985367952057,6691
1721011,38581595,2,0,F,332.84426985367952057,6691
1721012,38581105,1,0,F,415.73750620529341404,2415
1721012,38581105,2,0,F,415.73750620529341404,2415
1721013,38505799,1,0,F,162.87693033360085337,1335
1721013,38505799,2,0,F,162.87693033360085337,1335
1721014,38575224,1,0,F,309.36598021263745295,6322
1721014,38575224,2,0,F,309.36598021263745295,6322
1721015,38581252,1,0,F,224.73018739464396276,5415
1721015,38581252,2,0,F,224.73018739464396276,5415
1721015,38583691,1,0,F,250.78716859836302433,6081
1721015,38583691,2,0,F,250.78716859836302433,6081
1721017,38505953,1,0,F,210.55151790471495588,2358
1721017,38505953,2,0,F,210.55151790471495588,2358
1721018,38578836,1,0,F,335.56084411273121759,2061
1721018,38578836,2,0,F,335.56084411273121759,2061
1721019,38505268,1,0,F,183.08778316959336507,1010
1721019,38505268,2,0,F,183.08778316959336507,1010
1721019,38505272,1,0,F,256.16804382657267070,126
1721019,38505272,2,0,F,256.16804382657267070,126
1721019,38578851,1,0,F,104.70267768542143472,36
1721019,38578851,2,0,F,104.70267768542143472,36
1721021,38505277,1,0,F,278.81780633433004368,774
1721021,38505277,2,0,F,278.81780633433004368,774
1721022,38505270,1,0,F,236.48021307657776902,488
1721022,38505270,2,0,F,236.48021307657776902,488
1721022,38578833,1,0,F,890.33876062514059413,1
1721022,38578833,2,0,F,890.33876062514059413,1
1721023,38578860,1,0,F,199.39044706019171826,1138
1721023,38578860,2,0,F,199.39044706019171826,1138
1721023,38588133,1,0,F,390.64141678985140516,2370
1721023,38588133,2,0,F,390.64141678985140516,2370
1721024,38505255,1,0,F,281.79582465176309825,1028
1721024,38505255,2,0,F,281.79582465176309825,1028
1721024,38505274,1,0,F,437.72305729078317427,104
1721024,38505274,2,0,F,437.72305729078317427,104
1721024,38578861,1,0,F,276.06893330320070845,534
1721024,38578861,2,0,F,276.06893330320070845,534
1721024,38578865,1,0,F,213.12856153748037968,234
1721024,38578865,2,0,F,213.12856153748037968,234
1721024,38578866,1,0,F,342.46122018762173411,55
1721024,38578866,2,0,F,342.46122018762173411,55
1721025,38505275,1,0,F,152.50096489400627320,518
1721025,38505275,2,0,F,152.50096489400627320,518
1721026,38578828,1,0,F,345.96751492065152433,2289
1721026,38578828,2,0,F,345.96751492065152433,2289
1721026,38578853,1,0,F,298.89657605441539090,756
1721026,38578853,2,0,F,298.89657605441539090,756
1721027,38505867,1,0,F,113.67165278630608327,84
1721027,38505867,2,0,F,113.67165278630608327,84
1721028,38575689,1,0,F,82.30505342032476790,3197
1721028,38575689,2,0,F,82.30505342032476790,3197
1721029,38575703,1,0,F,367.63285660852722003,2267
1721029,38575703,2,0,F,367.63285660852722003,2267
1721031,38579527,1,0,F,197.22432249633510537,975
1721031,38579527,2,0,F,197.22432249633510537,975
1721033,38580135,1,0,F,366.42644229970773040,380
1721033,38580135,2,0,F,366.42644229970773040,380
1721034,38505767,1,0,F,193.77425988533369150,110
1721034,38505767,2,0,F,193.77425988533369150,110
1721035,38505974,1,0,F,37.93571652579753817,359
1721035,38505974,2,0,F,37.93571652579753817,359
1721036,38575716,1,0,F,211.81272084588684379,735
1721036,38575716,2,0,F,211.81272084588684379,735
1721036,38575733,1,0,F,76.88515075820036770,439
1721036,38575733,2,0,F,76.88515075820036770,439
1721036,38580132,1,0,F,157.33984181039329542,5406
1721036,38580132,2,0,F,157.33984181039329542,5406
1721037,38575724,1,0,F,364.38421134711870764,141
1721037,38575724,2,0,F,364.38421134711870764,141
1721037,38575726,1,0,F,46.16797906242149452,117
1721037,38575726,2,0,F,46.16797906242149452,117
1721037,38575730,1,0,F,145.43314048622431756,169
1721037,38575730,2,0,F,145.43314048622431756,169
1721038,38575738,1,0,F,154.97144587452015685,64
1721038,38575738,2,0,F,154.97144587452015685,64
1721038,38575739,1,0,F,120.76310573896476797,99
1721038,38575739,2,0,F,120.76310573896476797,99
1721039,38575740,1,0,F,26.94983464675964058,74
1721039,38575740,2,0,F,26.94983464675964058,74
1721039,38575741,1,0,F,331.83087750585514186,115
1721039,38575741,2,0,F,331.83087750585514186,115
1721040,38505222,1,0,F,145.26827786534244069,1560
1721040,38505222,2,0,F,145.26827786534244069,1560
1721041,38582964,1,0,F,248.28460875540892516,742
1721041,38582964,2,0,F,248.28460875540892516,742
1721042,38587472,1,0,F,345.11480512398526344,1475
1721042,38587472,2,0,F,345.11480512398526344,1475
1721043,38580589,1,0,F,54.03563210120346127,1316
1721043,38580589,2,0,F,54.03563210120346127,1316
1721044,38575488,1,0,F,65.61041050805333441,384
1721044,38575488,2,0,F,65.61041050805333441,384
1721044,38575499,1,0,F,301.67648640260972570,84
1721044,38575499,2,0,F,301.67648640260972570,84
1721044,38575501,1,0,F,305.74142484302001321,118
1721044,38575501,2,0,F,305.74142484302001321,118
1721045,38505914,1,0,F,201.94629198986976348,398
1721045,38505914,2,0,F,201.94629198986976348,398
1721045,38573614,1,0,F,168.61986641582439006,140
1721045,38573614,2,0,F,168.61986641582439006,140
1721045,38575481,1,0,F,135.83421363275053295,142
1721045,38575481,2,0,F,135.83421363275053295,142
1721045,38575483,1,0,F,250.08550378719542095,128
1721045,38575483,2,0,F,250.08550378719542095,128
1721046,38576372,1,0,F,208.60835256535460758,3201
1721046,38576372,2,0,F,208.60835256535460758,3201
1721046,41008128,1,0,F,198.21072027942616955,117
1721046,41008128,2,0,F,198.21072027942616955,117
1721046,41008151,1,0,F,936.72269961796712323,1
1721046,41008151,2,0,F,936.72269961796712323,1
1721047,38591533,1,0,F,247.95786240890410568,5199
1721047,38591533,2,0,F,247.95786240890410568,5199
1721047,38591539,1,0,F,200.78785746156407299,3190
1721047,38591539,2,0,F,200.78785746156407299,3190
1721048,41008298,1,0,F,214.26442033263521125,1311
1721048,41008298,2,0,F,214.26442033263521125,1311
1721049,41008317,1,0,F,239.43208881895628792,1374
1721049,41008317,2,0,F,239.43208881895628792,1374
1721050,41008341,1,0,F,212.88144142463045227,1196
1721050,41008341,2,0,F,212.88144142463045227,1196
1721051,38505855,1,0,F,31.90556218806841926,2094
1721051,38505855,2,0,F,31.90556218806841926,2094
1721053,38576465,1,0,F,274.29483721680190911,1690
1721053,38576465,2,0,F,274.29483721680190911,1690
1721054,38505453,1,0,F,286.28334497929648705,4823
1721054,38505453,2,0,F,286.28334497929648705,4823
1721054,38576461,1,0,F,240.28329234787577207,5879
1721054,38576461,2,0,F,240.28329234787577207,5879
1721054,38591549,1,0,F,300.69308751951984959,13852
1721054,38591549,2,0,F,300.69308751951984959,13852
1721055,38505771,1,0,F,171.49008034275234991,195
1721055,38505771,2,0,F,171.49008034275234991,195
1721056,38505635,1,0,F,115.35639256109205064,384
1721056,38505635,2,0,F,115.35639256109205064,384
1721057,38578953,1,0,F,298.52380013853195351,4968
1721057,38578953,2,0,F,298.52380013853195351,4968
1721058,38505640,1,0,F,75.91752511259733183,280
1721058,38505640,2,0,F,75.91752511259733183,280
1721059,41008521,1,0,F,493.85855950272019754,8338
1721059,41008521,2,0,F,493.85855950272019754,8338
1721060,38505627,1,0,F,130.77114082739868195,596
1721060,38505627,2,0,F,130.77114082739868195,596
1721060,38575511,1,0,F,307.81787023808124104,10
1721060,38575511,2,0,F,307.81787023808124104,10
1721061,38505850,1,0,F,316.00080853322197072,2095
1721061,38505850,2,0,F,316.00080853322197072,2095
1721061,38591512,1,0,F,281.41505359252721519,6180
1721061,38591512,2,0,F,281.41505359252721519,6180
1721061,38591518,1,0,F,190.81917087331501648,4435
1721061,38591518,2,0,F,190.81917087331501648,4435
1721061,38591521,1,0,F,307.18321215320719375,6948
1721061,38591521,2,0,F,307.18321215320719375,6948
1721061,38591522,1,0,F,309.31620031716499852,3643
1721061,38591522,2,0,F,309.31620031716499852,3643
1721062,41008401,1,0,F,580.34487728251610861,7060
1721062,41008401,2,0,F,580.34487728251610861,7060
1721063,38575474,1,0,F,212.68099371485811844,10345
1721063,38575474,2,0,F,212.68099371485811844,10345
1721063,38580991,1,0,F,189.15038981523576922,23182
1721063,38580991,2,0,F,189.15038981523576922,23182
1721063,38580993,1,0,F,198.45524010597713982,11871
1721063,38580993,2,0,F,198.45524010597713982,11871
1721063,38587502,1,0,F,213.81130948350886456,8880
1721063,38587502,2,0,F,213.81130948350886456,8880
1721063,41008401,1,0,F,303.53120793046218751,32796
1721063,41008401,2,0,F,303.53120793046218751,32796
1721064,41008521,1,0,F,618.71252072331367344,3290
1721064,41008521,2,0,F,618.71252072331367344,3290
1721065,38578953,1,0,F,225.72534228481148944,1796
1721065,38578953,2,0,F,225.72534228481148944,1796
1721066,38575555,1,0,F,224.64397656572856476,1136
1721066,38575555,2,0,F,224.64397656572856476,1136
1721066,38575563,1,0,F,220.70187536712955989,330
1721066,38575563,2,0,F,220.70187536712955989,330
1721066,41008390,1,0,F,553.82475376431341374,424
1721066,41008390,2,0,F,553.82475376431341374,424
1721067,41008428,1,0,F,461.23400914061909361,3280
1721067,41008428,2,0,F,461.23400914061909361,3280
1721068,38505909,1,0,F,193.28698002066170147,1118
1721068,38505909,2,0,F,193.28698002066170147,1118
1721069,38505871,1,0,F,137.96073574640155357,47
1721069,38505871,2,0,F,137.96073574640155357,47
1721070,38505616,1,0,F,120.43511547156469987,3281
1721070,38505616,2,0,F,120.43511547156469987,3281
1721071,38505613,1,0,F,189.39789471286738376,5874
1721071,38505613,2,0,F,189.39789471286738376,5874
1721072,38505613,1,0,F,393.53064472349706193,2413
1721072,38505613,2,0,F,393.53064472349706193,2413
1721074,38580787,1,0,F,162.51999432626044495,1270
1721074,38580787,2,0,F,162.51999432626044495,1270
1721075,38505859,1,0,F,171.24301180629197461,3618
1721075,38505859,2,0,F,171.24301180629197461,3618
1721076,38578957,1,0,F,172.09224359916561298,5118
1721076,38578957,2,0,F,172.09224359916561298,5118
1721077,38578961,1,0,F,226.69416142404904235,1236
1721077,38578961,2,0,F,226.69416142404904235,1236
1721078,38505604,1,0,F,178.53209259081671689,5052
1721078,38505604,2,0,F,178.53209259081671689,5052
1721078,38505610,1,0,F,197.27586572609260429,5499
1721078,38505610,2,0,F,197.27586572609260429,5499
1721078,38578881,1,0,F,109.75523118964095204,7380
1721078,38578881,2,0,F,109.75523118964095204,7380
1721078,38578941,1,0,F,207.34064635340152449,5115
1721078,38578941,2,0,F,207.34064635340152449,5115
1721078,38578959,1,0,F,216.60523213215716964,4341
1721078,38578959,2,0,F,216.60523213215716964,4341
1721078,38578961,1,0,F,265.99996057102612212,4212
1721078,38578961,2,0,F,265.99996057102612212,4212
1721078,38580987,1,0,F,133.42023550170247859,3285
1721078,38580987,2,0,F,133.42023550170247859,3285
1721079,38578971,1,0,F,286.59050746355859474,661
1721079,38578971,2,0,F,286.59050746355859474,661
1721080,38505648,1,0,F,226.67022290428948850,9726
1721080,38505648,2,0,F,226.67022290428948850,9726
1721080,38575177,1,0,F,306.90876428317091040,3697
1721080,38575177,2,0,F,306.90876428317091040,3697
1721081,38505649,1,0,F,176.80224920480389983,5627
1721081,38505649,2,0,F,176.80224920480389983,5627
1721081,38578948,1,0,F,324.59079947253479759,10261
1721081,38578948,2,0,F,324.59079947253479759,10261
1721081,38580981,1,0,F,309.45526594739646953,5994
1721081,38580981,2,0,F,309.45526594739646953,5994
1721083,38575171,1,0,F,210.67424861670610881,2919
1721083,38575171,2,0,F,210.67424861670610881,2919
1721084,38505793,1,0,F,149.14796501342814850,4512
1721084,38505793,2,0,F,149.14796501342814850,4512
1721085,38575671,1,0,F,123.59520613469470618,2023
1721085,38575671,2,0,F,123.59520613469470618,2023
1721086,38505791,1,0,F,332.65489816476542728,4818
1721086,38505791,2,0,F,332.65489816476542728,4818
1721087,38575657,1,0,F,207.35799418980070641,4228
1721087,38575657,2,0,F,207.35799418980070641,4228
1721088,38505751,1,0,F,162.54355304502280433,300
1721088,38505751,2,0,F,162.54355304502280433,300
1721089,38505785,1,0,F,284.99544312274571212,1807
1721089,38505785,2,0,F,284.99544312274571212,1807
1721090,38505765,1,0,F,190.72128779099924145,2570
1721090,38505765,2,0,F,190.72128779099924145,2570
1721091,38505792,1,0,F,52.73065273284639431,385
1721091,38505792,2,0,F,52.73065273284639431,385
1721092,38505789,1,0,F,203.97101157938391225,2065
1721092,38505789,2,0,F,203.97101157938391225,2065
1721093,38505787,1,0,F,215.33274604364353877,975
1721093,38505787,2,0,F,215.33274604364353877,975
1721094,38575368,1,0,F,324.80044187898039354,597
1721094,38575368,2,0,F,324.80044187898039354,597
1721094,38575371,1,0,F,44.87685855384145839,172
1721094,38575371,2,0,F,44.87685855384145839,172
1721095,38575363,1,0,F,217.37304070753262408,1770
1721095,38575363,2,0,F,217.37304070753262408,1770
1721095,38575366,1,0,F,209.42247333590557901,654
1721095,38575366,2,0,F,209.42247333590557901,654
1721096,41008514,1,0,F,554.21017997966646362,3377
1721096,41008514,2,0,F,554.21017997966646362,3377
1721097,38505886,1,0,F,7.22094084239746170,1129
1721097,38505886,2,0,F,7.22094084239746170,1129
1721098,38505764,1,0,F,221.81558476955694914,1538
1721098,38505764,2,0,F,221.81558476955694914,1538
1721099,38575399,1,0,F,244.48712772852451280,2016
1721099,38575399,2,0,F,244.48712772852451280,2016
1721100,41008514,1,0,F,419.98450769828258444,7324
1721100,41008514,2,0,F,419.98450769828258444,7324
1721101,38505788,1,0,F,187.10867301470258894,422
1721101,38505788,2,0,F,187.10867301470258894,422
1721101,38505790,1,0,F,123.96870179868346895,91
1721101,38505790,2,0,F,123.96870179868346895,91
1721102,38505887,1,0,F,219.21247750094661910,1587
1721102,38505887,2,0,F,219.21247750094661910,1587
1721102,38575382,1,0,F,202.05016041686056383,3524
1721102,38575382,2,0,F,202.05016041686056383,3524
1721102,38580702,1,0,F,186.84969151137721610,3656
1721102,38580702,2,0,F,186.84969151137721610,3656
1721102,38580976,1,0,F,206.40168410600435323,7771
1721102,38580976,2,0,F,206.40168410600435323,7771
1721102,41008553,1,0,F,201.71505181875784274,3978
1721102,41008553,2,0,F,201.71505181875784274,3978
1721103,38575387,1,0,F,257.53185432225467366,2790
1721103,38575387,2,0,F,257.53185432225467366,2790
1721104,41008532,1,0,F,289.24770531870967716,3536
1721104,41008532,2,0,F,289.24770531870967716,3536
1721105,38575762,1,0,F,302.52720324794728413,1634
1721105,38575762,2,0,F,302.52720324794728413,1634
1721106,38583461,1,0,F,265.28799110842186337,3375
1721106,38583461,2,0,F,265.28799110842186337,3375
1721107,41008579,1,0,F,396.89132125988277267,9857
1721107,41008579,2,0,F,396.89132125988277267,9857
1721108,38575748,1,0,F,201.68894316082375440,3423
1721108,38575748,2,0,F,201.68894316082375440,3423
1721109,38575755,1,0,F,276.13378478812273897,2754
1721109,38575755,2,0,F,276.13378478812273897,2754
1721110,38575752,1,0,F,213.84809883218454729,855
1721110,38575752,2,0,F,213.84809883218454729,855
1721111,38582117,1,0,F,102.84359683835894828,1787
1721111,38582117,2,0,F,102.84359683835894828,1787
1721112,41008585,1,0,F,414.66248589331127050,6632
1721112,41008585,2,0,F,414.66248589331127050,6632
1721113,38575394,1,0,F,265.75013780166182187,9785
1721113,38575394,2,0,F,265.75013780166182187,9785
1721113,38575395,1,0,F,328.30534115516456950,3067
1721113,38575395,2,0,F,328.30534115516456950,3067
1721113,41008547,1,0,F,255.79033102422366142,2247
1721113,41008547,2,0,F,255.79033102422366142,2247
1721115,38575267,1,0,F,273.06666222526422416,5630
1721115,38575267,2,0,F,273.06666222526422416,5630
1721115,38577046,1,0,F,172.12364187349453459,4653
1721115,38577046,2,0,F,172.12364187349453459,4653
1721116,38505757,1,0,F,48.88526793934250492,1522
1721116,38505757,2,0,F,48.88526793934250492,1522
1721117,38575306,1,0,F,256.65163457976365180,1186
1721117,38575306,2,0,F,256.65163457976365180,1186
1721118,38575286,1,0,F,171.84692066969643065,7526
1721118,38575286,2,0,F,171.84692066969643065,7526
1721118,38581597,1,0,F,176.20831556702020748,10800
1721118,38581597,2,0,F,176.20831556702020748,10800
1721118,38591589,1,0,F,256.37289853635445525,6635
1721118,38591589,2,0,F,256.37289853635445525,6635
1721118,38591613,1,0,F,144.74158085700040033,3882
1721118,38591613,2,0,F,144.74158085700040033,3882
1721118,38591618,1,0,F,158.57614047014689618,4763
1721118,38591618,2,0,F,158.57614047014689618,4763
1721118,38594212,1,0,F,190.06945401901941750,3115
1721118,38594212,2,0,F,190.06945401901941750,3115
1721118,38594214,1,0,F,259.87568992453725514,4908
1721118,38594214,2,0,F,259.87568992453725514,4908
1721118,38594215,1,0,F,180.76929719651064943,6642
1721118,38594215,2,0,F,180.76929719651064943,6642
1721118,38594222,1,0,F,116.70639328929274825,10165
1721118,38594222,2,0,F,116.70639328929274825,10165
1721118,41008623,1,0,F,599.46415657264401489,11334
1721118,41008623,2,0,F,599.46415657264401489,11334
1721119,38591637,1,0,F,300.58624550369091821,7851
1721119,38591637,2,0,F,300.58624550369091821,7851
1721119,41008623,1,0,F,602.18229839591037944,6969
1721119,41008623,2,0,F,602.18229839591037944,6969
1721120,38505380,1,0,F,179.08708179266173488,6825
1721120,38505380,2,0,F,179.08708179266173488,6825
1721120,38505913,1,0,F,105.88342630401569977,7143
1721120,38505913,2,0,F,105.88342630401569977,7143
1721120,38575245,1,0,F,149.05274328525493388,8223
1721120,38575245,2,0,F,149.05274328525493388,8223
1721120,38578999,1,0,F,153.91451638611465569,7002
1721120,38578999,2,0,F,153.91451638611465569,7002
1721120,38579000,1,0,F,183.50884363911117703,9423
1721120,38579000,2,0,F,183.50884363911117703,9423
1721120,38579001,1,0,F,116.63396650099603846,8235
1721120,38579001,2,0,F,116.63396650099603846,8235
1721120,38579006,1,0,F,173.16412417819779535,6834
1721120,38579006,2,0,F,173.16412417819779535,6834
1721120,38587432,1,0,F,158.57310380837998309,18684
1721120,38587432,2,0,F,158.57310380837998309,18684
1721120,38588107,1,0,F,235.33355895840145422,7971
1721120,38588107,2,0,F,235.33355895840145422,7971
1721120,38588108,1,0,F,156.82284803412528618,7506
1721120,38588108,2,0,F,156.82284803412528618,7506
1721120,38588973,1,0,F,105.70284639238610680,8124
1721120,38588973,2,0,F,105.70284639238610680,8124
1721120,38591609,1,0,F,194.82070125306529462,5721
1721120,38591609,2,0,F,194.82070125306529462,5721
1721120,38591624,1,0,F,153.95474493056235588,6300
1721120,38591624,2,0,F,153.95474493056235588,6300
1721120,38591797,1,0,F,218.91668830714391447,8778
1721120,38591797,2,0,F,218.91668830714391447,8778
1721120,38591799,1,0,F,143.02149327521917144,6627
1721120,38591799,2,0,F,143.02149327521917144,6627
1721120,38594225,1,0,F,141.72499947701794554,9615
1721120,38594225,2,0,F,141.72499947701794554,9615
1721120,38595133,1,0,F,178.00000000000000000,7929
1721120,38595133,2,0,F,178.00000000000000000,7929
1721121,38575377,1,0,F,124.60352210512918703,7980
1721121,38575377,2,0,F,124.60352210512918703,7980
1721121,38579013,1,0,F,202.80220795252643029,5940
1721121,38579013,2,0,F,202.80220795252643029,5940
1721121,38588972,1,0,F,144.71490340761999960,6441
1721121,38588972,2,0,F,144.71490340761999960,6441
1721121,38591590,1,0,F,260.50096851553644228,6543
1721121,38591590,2,0,F,260.50096851553644228,6543
1721121,38591591,1,0,F,159.92228936687038754,4464
1721121,38591591,2,0,F,159.92228936687038754,4464
1721121,38591622,1,0,F,232.51657136665775738,4971
1721121,38591622,2,0,F,232.51657136665775738,4971
1721121,38591652,1,0,F,180.60732504197522985,3375
1721121,38591652,2,0,F,180.60732504197522985,3375
1721121,38591654,1,0,F,146.97781817176587538,10974
1721121,38591654,2,0,F,146.97781817176587538,10974
1721121,38591656,1,0,F,170.86949942844012185,3861
1721121,38591656,2,0,F,170.86949942844012185,3861
1721122,38591583,1,0,F,103.15188100349824651,1951
1721122,38591583,2,0,F,103.15188100349824651,1951
1721123,38505563,1,0,F,261.39184947209702159,4308
1721123,38505563,2,0,F,261.39184947209702159,4308
1721123,38505567,1,0,F,206.18959180336293002,2837
1721123,38505567,2,0,F,206.18959180336293002,2837
1721123,38505568,1,0,F,220.71957595697443821,5930
1721123,38505568,2,0,F,220.71957595697443821,5930
1721123,38579010,1,0,F,147.40558135794407235,1726
1721123,38579010,2,0,F,147.40558135794407235,1726
1721123,38579012,1,0,F,254.90324101550550040,4028
1721123,38579012,2,0,F,254.90324101550550040,4028
1721123,38591598,1,0,F,138.94056897938486372,410
1721123,38591598,2,0,F,138.94056897938486372,410
1721123,38591643,1,0,F,205.09606968199298649,15132
1721123,38591643,2,0,F,205.09606968199298649,15132
1721123,38591645,1,0,F,174.30331418795088894,10995
1721123,38591645,2,0,F,174.30331418795088894,10995
1721123,38591717,1,0,F,193.65679580687293537,3733
1721123,38591717,2,0,F,193.65679580687293537,3733
1721123,40570454,1,0,F,291.89207603350496356,5299
1721123,40570454,2,0,F,291.89207603350496356,5299
1721124,38575379,1,0,F,396.89837152343085336,290
1721124,38575379,2,0,F,396.89837152343085336,290
1721126,38575463,1,0,F,91.78562436287388948,161
1721126,38575463,2,0,F,91.78562436287388948,161
1721127,38575442,1,0,F,451.63171002793984599,2361
1721127,38575442,2,0,F,451.63171002793984599,2361
1721127,38575460,1,0,F,335.39588795555221168,167
1721127,38575460,2,0,F,335.39588795555221168,167
1721128,38575459,1,0,F,342.81803491250786919,489
1721128,38575459,2,0,F,342.81803491250786919,489
1721129,38505863,1,0,F,288.81790170176600441,1900
1721129,38505863,2,0,F,288.81790170176600441,1900
1721130,38575328,1,0,F,288.99827673937244299,7827
1721130,38575328,2,0,F,288.99827673937244299,7827
1721130,38575330,1,0,F,319.33578114085787547,7503
1721130,38575330,2,0,F,319.33578114085787547,7503
1721131,38575293,1,0,F,376.15165215364038431,4108
1721131,38575293,2,0,F,376.15165215364038431,4108
1721133,38505750,1,0,F,143.10111171387100626,1798
1721133,38505750,2,0,F,143.10111171387100626,1798
1721133,38575277,1,0,F,209.41745304235988101,6734
1721133,38575277,2,0,F,209.41745304235988101,6734
1721133,38575280,1,0,F,302.82775795664338148,5023
1721133,38575280,2,0,F,302.82775795664338148,5023
1721133,38575281,1,0,F,316.70081034846629109,3208
1721133,38575281,2,0,F,316.70081034846629109,3208
1721133,38575297,1,0,F,105.35244216534873374,239
1721133,38575297,2,0,F,105.35244216534873374,239
1721133,38580039,1,0,F,402.11484919204360722,3575
1721133,38580039,2,0,F,402.11484919204360722,3575
1721134,38575323,1,0,F,240.57679247834587954,3120
1721134,38575323,2,0,F,240.57679247834587954,3120
1721134,38575324,1,0,F,279.72770771245558308,5682
1721134,38575324,2,0,F,279.72770771245558308,5682
1721135,38575322,1,0,F,324.70880178797114013,8222
1721135,38575322,2,0,F,324.70880178797114013,8222
1721136,38575336,1,0,F,231.84795615947055580,3870
1721136,38575336,2,0,F,231.84795615947055580,3870
1721136,38580699,1,0,F,158.60900418274624712,3195
1721136,38580699,2,0,F,158.60900418274624712,3195
1721136,38580712,1,0,F,284.90941208286301389,14719
1721136,38580712,2,0,F,284.90941208286301389,14719
1721137,38580115,1,0,F,184.20968765438720993,1503
1721137,38580115,2,0,F,184.20968765438720993,1503
1721138,38575266,1,0,F,224.49546066392494481,2739
1721138,38575266,2,0,F,224.49546066392494481,2739
1721138,38580039,1,0,F,165.00000000000000000,100
1721138,38580039,2,0,F,165.00000000000000000,100
1721139,38575320,1,0,F,199.60846729336802241,7347
1721139,38575320,2,0,F,199.60846729336802241,7347
1721139,41008595,1,0,F,376.82344896136294210,6348
1721139,41008595,2,0,F,376.82344896136294210,6348
1721140,38575317,1,0,F,301.46692379625784497,11147
1721140,38575317,2,0,F,301.46692379625784497,11147
1721141,38575315,1,0,F,272.55654533835297570,7672
1721141,38575315,2,0,F,272.55654533835297570,7672
1721142,38575275,1,0,F,221.83316349742935358,6590
1721142,38575275,2,0,F,221.83316349742935358,6590
1721142,41008607,1,0,F,361.23836715910209705,6960
1721142,41008607,2,0,F,361.23836715910209705,6960
1721143,38578879,1,0,F,420.85622814196585750,1064
1721143,38578879,2,0,F,420.85622814196585750,1064
1721144,38575311,1,0,F,167.44133053797759203,4563
1721144,38575311,2,0,F,167.44133053797759203,4563
1721144,38575312,1,0,F,312.35017167698475760,4860
1721144,38575312,2,0,F,312.35017167698475760,4860
1721144,38579000,1,0,F,143.49801173946957533,2865
1721144,38579000,2,0,F,143.49801173946957533,2865
1721144,38581597,1,0,F,166.80086094572226330,6027
1721144,38581597,2,0,F,166.80086094572226330,6027
1721144,38591626,1,0,F,186.42485458204680526,7296
1721144,38591626,2,0,F,186.42485458204680526,7296
1721145,38594285,1,0,F,240.97985731946275223,4908
1721145,38594285,2,0,F,240.97985731946275223,4908
1721146,38575355,1,0,F,302.60450042858269626,4173
1721146,38575355,2,0,F,302.60450042858269626,4173
1721147,38575313,1,0,F,187.41739270503251191,6246
1721147,38575313,2,0,F,187.41739270503251191,6246
1721147,38575339,1,0,F,198.76807011618492993,2781
1721147,38575339,2,0,F,198.76807011618492993,2781
1721148,38580696,1,0,F,215.06292514801168636,6129
1721148,38580696,2,0,F,215.06292514801168636,6129
1721149,38578996,1,0,F,334.07443340244583396,3567
1721149,38578996,2,0,F,334.07443340244583396,3567
1721149,38578998,1,0,F,368.50323940364455666,3317
1721149,38578998,2,0,F,368.50323940364455666,3317
1721150,38591633,1,0,F,77.92831534622602874,6104
1721150,38591633,2,0,F,77.92831534622602874,6104
1721150,41008623,1,0,F,285.44692662752191836,24548
1721150,41008623,2,0,F,285.44692662752191836,24548
1721151,38505797,1,0,F,250.27462587135894978,2672
1721151,38505797,2,0,F,250.27462587135894978,2672
1721151,38580038,1,0,F,305.84214572878050831,5508
1721151,38580038,2,0,F,305.84214572878050831,5508
1721152,38575358,1,0,F,355.82196390514610584,1961
1721152,38575358,2,0,F,355.82196390514610584,1961
1721152,38575426,1,0,F,198.05783455975026186,378
1721152,38575426,2,0,F,198.05783455975026186,378
1721154,38575356,1,0,F,357.82746155698396251,1831
1721154,38575356,2,0,F,357.82746155698396251,1831
1721154,38575422,1,0,F,216.14781061172865861,7341
1721154,38575422,2,0,F,216.14781061172865861,7341
1721154,38575424,1,0,F,85.61620984227877784,2139
1721154,38575424,2,0,F,85.61620984227877784,2139
1721154,38575449,1,0,F,139.65756127285308708,2265
1721154,38575449,2,0,F,139.65756127285308708,2265
1721155,38575430,1,0,F,183.52077972632790193,1251
1721155,38575430,2,0,F,183.52077972632790193,1251
1721155,38575435,1,0,F,154.92254955152378670,247
1721155,38575435,2,0,F,154.92254955152378670,247
1721155,38578994,1,0,F,457.91874428837752475,1892
1721155,38578994,2,0,F,457.91874428837752475,1892
1721156,38505386,1,0,F,323.91445611041018537,4167
1721156,38505386,2,0,F,323.91445611041018537,4167
1721156,38578995,1,0,F,264.51857726423713757,5259
1721156,38578995,2,0,F,264.51857726423713757,5259
1721157,38579029,1,0,F,260.24688852009228412,1134
1721157,38579029,2,0,F,260.24688852009228412,1134
1721158,41008665,1,0,F,351.12759210253943820,1821
1721158,41008665,2,0,F,351.12759210253943820,1821
1721159,38578874,1,0,F,205.64272406061132870,5508
1721159,38578874,2,0,F,205.64272406061132870,5508
1721160,38505618,1,0,F,439.27261523027834755,2266
1721160,38505618,2,0,F,439.27261523027834755,2266
1721161,38505967,1,0,F,127.11138916869624893,2294
1721161,38505967,2,0,F,127.11138916869624893,2294
1721162,38579977,1,0,F,296.17617021549642686,5968
1721162,38579977,2,0,F,296.17617021549642686,5968
1721164,38505969,1,0,F,162.52790396840157428,5365
1721164,38505969,2,0,F,162.52790396840157428,5365
1721164,38575612,1,0,F,272.95390928765687022,4920
1721164,38575612,2,0,F,272.95390928765687022,4920
1721164,38575614,1,0,F,338.20305653936287626,4430
1721164,38575614,2,0,F,338.20305653936287626,4430
1721164,38575615,1,0,F,224.65026987394904268,5484
1721164,38575615,2,0,F,224.65026987394904268,5484
1721164,38575618,1,0,F,314.03738364815131945,3318
1721164,38575618,2,0,F,314.03738364815131945,3318
1721164,41008627,1,0,F,315.72285528065788185,9456
1721164,41008627,2,0,F,315.72285528065788185,9456
1721165,38575636,1,0,F,221.42960111335239048,3342
1721165,38575636,2,0,F,221.42960111335239048,3342
1721166,38575645,1,0,F,325.47862614745179144,658
1721166,38575645,2,0,F,325.47862614745179144,658
1721167,38575634,1,0,F,239.93886875145699378,2160
1721167,38575634,2,0,F,239.93886875145699378,2160
1721168,38505994,1,0,F,295.01366421031951859,2156
1721168,38505994,2,0,F,295.01366421031951859,2156
1721168,38575609,1,0,F,284.67208838234404311,3784
1721168,38575609,2,0,F,284.67208838234404311,3784
1721169,38575608,1,0,F,303.06885960111009126,5162
1721169,38575608,2,0,F,303.06885960111009126,5162
1721170,38575643,1,0,F,222.39152536291146589,568
1721170,38575643,2,0,F,222.39152536291146589,568
1721171,38575631,1,0,F,256.82457050822904421,4671
1721171,38575631,2,0,F,256.82457050822904421,4671
1721171,41008688,1,0,F,482.56074069357879353,5547
1721171,41008688,2,0,F,482.56074069357879353,5547
1721172,38578875,1,0,F,157.48989825961422184,3342
1721172,38578875,2,0,F,157.48989825961422184,3342
1721173,38575573,1,0,F,303.83270768449926891,7719
1721173,38575573,2,0,F,303.83270768449926891,7719
1721173,38575574,1,0,F,216.17022603564097949,5752
1721173,38575574,2,0,F,216.17022603564097949,5752
1721173,38575575,1,0,F,170.01767618043399466,12823
1721173,38575575,2,0,F,170.01767618043399466,12823
1721173,38575625,1,0,F,332.25756813364625941,1907
1721173,38575625,2,0,F,332.25756813364625941,1907
1721173,38580107,1,0,F,298.47201608191255673,5999
1721173,38580107,2,0,F,298.47201608191255673,5999
1721173,41008682,1,0,F,431.42893129182533585,14037
1721173,41008682,2,0,F,431.42893129182533585,14037
1721173,41008688,1,0,F,411.73891536050905415,19808
1721173,41008688,2,0,F,411.73891536050905415,19808
1721174,38578876,1,0,F,231.57056169988669581,7243
1721174,38578876,2,0,F,231.57056169988669581,7243
1721174,38591504,1,0,F,289.64284201819521058,3432
1721174,38591504,2,0,F,289.64284201819521058,3432
1721175,38575598,1,0,F,352.71426991268009488,7527
1721175,38575598,2,0,F,352.71426991268009488,7527
1721175,38575602,1,0,F,223.47407452204541300,2323
1721175,38575602,2,0,F,223.47407452204541300,2323
1721176,38580074,1,0,F,261.28904947822638860,5789
1721176,38580074,2,0,F,261.28904947822638860,5789
1721176,38580076,1,0,F,302.66534007994926014,2503
1721176,38580076,2,0,F,302.66534007994926014,2503
1721177,38580072,1,0,F,397.91256746208659933,4900
1721177,38580072,2,0,F,397.91256746208659933,4900
1721178,38575580,1,0,F,41.87581995495536802,4236
1721178,38575580,2,0,F,41.87581995495536802,4236
1721178,38575585,1,0,F,46.68612517363511927,220
1721178,38575585,2,0,F,46.68612517363511927,220
1721178,38577345,1,0,F,219.68025737761144001,210
1721178,38577345,2,0,F,219.68025737761144001,210
1721180,38575768,1,0,F,174.24510266540343650,3708
1721180,38575768,2,0,F,174.24510266540343650,3708
1721180,38575770,1,0,F,75.82222133092879801,4524
1721180,38575770,2,0,F,75.82222133092879801,4524
1721180,38575809,1,0,F,103.78461764429358993,4575
1721180,38575809,2,0,F,103.78461764429358993,4575
1721180,38575825,1,0,F,378.35628154364752618,4935
1721180,38575825,2,0,F,378.35628154364752618,4935
1721180,38580021,1,0,F,88.87490619782320778,4173
1721180,38580021,2,0,F,88.87490619782320778,4173
1721180,38580022,1,0,F,113.98959680625151236,6345
1721180,38580022,2,0,F,113.98959680625151236,6345
1721180,38587124,1,0,F,120.78202620912560405,10731
1721180,38587124,2,0,F,120.78202620912560405,10731
1721180,38587125,1,0,F,148.62470303098396585,3288
1721180,38587125,2,0,F,148.62470303098396585,3288
1721180,38589496,1,0,F,186.42240517151114432,4689
1721180,38589496,2,0,F,186.42240517151114432,4689
1721180,38594180,1,0,F,188.21899822200637686,6558
1721180,38594180,2,0,F,188.21899822200637686,6558
1721181,38580070,1,0,F,239.83474756188047650,5172
1721181,38580070,2,0,F,239.83474756188047650,5172
1721181,38580071,1,0,F,204.07538147516385152,6404
1721181,38580071,2,0,F,204.07538147516385152,6404
1721181,38587265,1,0,F,258.76833435701894359,5772
1721181,38587265,2,0,F,258.76833435701894359,5772
1721182,38589493,1,0,F,345.83873824176959033,10353
1721182,38589493,2,0,F,345.83873824176959033,10353
1721183,38575771,1,0,F,360.45984942227596548,4647
1721183,38575771,2,0,F,360.45984942227596548,4647
1721183,38575776,1,0,F,242.86065709214719277,7075
1721183,38575776,2,0,F,242.86065709214719277,7075
1721183,38575779,1,0,F,181.88294588078684910,5854
1721183,38575779,2,0,F,181.88294588078684910,5854
1721183,38580068,1,0,F,108.00000000000001421,100
1721183,38580068,2,0,F,108.00000000000001421,100
1721184,38575817,1,0,F,235.63252030562264849,4362
1721184,38575817,2,0,F,235.63252030562264849,4362
1721184,38575822,1,0,F,255.86059343698840962,2706
1721184,38575822,2,0,F,255.86059343698840962,2706
1721184,38589506,1,0,F,194.20006261979179385,3792
1721184,38589506,2,0,F,194.20006261979179385,3792
1721185,38575786,1,0,F,192.71016127229324866,2271
1721185,38575786,2,0,F,192.71016127229324866,2271
1721186,38575651,1,0,F,193.60709456166287623,679
1721186,38575651,2,0,F,193.60709456166287623,679
1721187,38575797,1,0,F,313.08316299740170052,508
1721187,38575797,2,0,F,313.08316299740170052,508
1721187,38575799,1,0,F,48.11242900703266656,618
1721187,38575799,2,0,F,48.11242900703266656,618
1721188,38575792,1,0,F,228.50960149982293501,1176
1721188,38575792,2,0,F,228.50960149982293501,1176
1721189,38575795,1,0,F,147.11473119890632688,412
1721189,38575795,2,0,F,147.11473119890632688,412
1721190,38575211,1,0,F,188.31174179376674260,1289
1721190,38575211,2,0,F,188.31174179376674260,1289
1721191,38575202,1,0,F,159.72942012163733239,6171
1721191,38575202,2,0,F,159.72942012163733239,6171
1721193,38575205,1,0,F,884.64482551490186779,1
1721193,38575205,2,0,F,884.64482551490186779,1
1721194,38587466,1,0,F,373.05654611429190481,1259
1721194,38587466,2,0,F,373.05654611429190481,1259
1721195,38575218,1,0,F,295.51379412083622356,5187
1721195,38575218,2,0,F,295.51379412083622356,5187
1721195,38575220,1,0,F,360.51427508614062845,4434
1721195,38575220,2,0,F,360.51427508614062845,4434
1721195,38581714,1,0,F,263.57300090386229385,5575
1721195,38581714,2,0,F,263.57300090386229385,5575
1721195,38582679,1,0,F,284.35345886452290642,5666
1721195,38582679,2,0,F,284.35345886452290642,5666
1721195,38587464,1,0,F,256.13531430195854455,1725
1721195,38587464,2,0,F,256.13531430195854455,1725
1721196,38505783,1,0,F,134.51936553908100791,86
1721196,38505783,2,0,F,134.51936553908100791,86
1721197,38575900,1,0,F,360.80667113161553061,91
1721197,38575900,2,0,F,360.80667113161553061,91
1721198,38505856,1,0,F,129.12883912341220594,1210
1721198,38505856,2,0,F,129.12883912341220594,1210
1721199,38587592,1,0,F,374.73191506709400755,1737
1721199,38587592,2,0,F,374.73191506709400755,1737
1721200,38575895,1,0,F,275.93600301285613341,145
1721200,38575895,2,0,F,275.93600301285613341,145
1721201,38575889,1,0,F,179.99162343890367310,102
1721201,38575889,2,0,F,179.99162343890367310,102
1721202,38505482,1,0,F,179.26640154331968802,365
1721202,38505482,2,0,F,179.26640154331968802,365
1721203,38505479,1,0,F,406.02199423499769182,154
1721203,38505479,2,0,F,406.02199423499769182,154
1721204,38505481,1,0,F,143.06313395390517940,186
1721204,38505481,2,0,F,143.06313395390517940,186
1721204,38505857,1,0,F,221.20487411483088636,327
1721204,38505857,2,0,F,221.20487411483088636,327
1721205,38505477,1,0,F,532.09587175029753325,1
1721205,38505477,2,0,F,532.09587175029753325,1
1721205,38505478,1,0,F,96.32553800346272510,1197
1721205,38505478,2,0,F,96.32553800346272510,1197
1721205,38505487,1,0,F,215.82107028221537348,215
1721205,38505487,2,0,F,215.82107028221537348,215
1721207,38505784,1,0,F,99.01866805815528494,56
1721207,38505784,2,0,F,99.01866805815528494,56
1721207,38575652,1,0,F,223.22620454637242915,273
1721207,38575652,2,0,F,223.22620454637242915,273
1721207,38575863,1,0,F,188.07363524850450176,195
1721207,38575863,2,0,F,188.07363524850450176,195
1721207,38575866,1,0,F,388.11887203093812104,196
1721207,38575866,2,0,F,388.11887203093812104,196
1721207,38575869,1,0,F,135.49747704327086240,154
1721207,38575869,2,0,F,135.49747704327086240,154
1721207,38575870,1,0,F,291.10009548434567250,256
1721207,38575870,2,0,F,291.10009548434567250,256
1721208,38578888,1,0,F,345.04282228343373617,931
1721208,38578888,2,0,F,345.04282228343373617,931
1721209,38505475,1,0,F,223.71602330077473653,1151
1721209,38505475,2,0,F,223.71602330077473653,1151
710101001,38573743,1,0,F,820.00000000000022737,1
710101001,38573743,2,0,F,820.00000000000022737,1
813100000,8101073,1,0,F,38711.00000000000000000,100
813100000,8101073,2,0,F,38711.00000000000000000,100
813200000,8101114,1,0,F,61463.00000000000000000,100
813200000,8101114,2,0,F,61463.00000000000000000,100
813301001,8101212,1,0,F,25797.00000000000363798,100
813301001,8101212,2,0,F,25797.00000000000363798,100
813301002,8101204,1,0,F,33329.00000000000000000,100
813301002,8101204,2,0,F,33329.00000000000000000,100
813302000,8101187,1,0,F,10581.00000000000000000,100
813302000,8101187,2,0,F,10581.00000000000000000,100
813303000,8101187,1,0,F,122017.99999999998544808,100
813303000,8101187,2,0,F,122017.99999999998544808,100
813304001,38580177,1,0,F,7440.00000000000000000,100
813304001,38580177,2,0,F,7440.00000000000000000,100
813304002,8101212,1,0,F,35301.00000000000000000,100
813304002,8101212,2,0,F,35301.00000000000000000,100
813304003,8101204,1,0,F,32625.99999999999636202,100
813304003,8101204,2,0,F,32625.99999999999636202,100
813304004,8101212,1,0,F,17831.00000000000000000,100
813304004,8101212,2,0,F,17831.00000000000000000,100
813304005,8101222,1,0,F,4005.00000000000000000,100
813304005,8101222,2,0,F,4005.00000000000000000,100
813304006,8101204,1,0,F,11287.00000000000000000,100
813304006,8101204,2,0,F,11287.00000000000000000,100
813305000,8101187,1,0,F,63791.00000000001455192,100
813305000,8101187,2,0,F,63791.00000000001455192,100
813401001,8101230,1,0,F,26036.00000000000363798,100
813401001,8101230,2,0,F,26036.00000000000363798,100
813401002,8101230,1,0,F,11579.00000000000000000,100
813401002,8101230,2,0,F,11579.00000000000000000,100
813401003,8101222,1,0,F,13534.00000000000000000,1
813401003,8101222,2,0,F,13534.00000000000000000,1
813401004,8101230,1,0,F,10867.00000000000000000,100
813401004,8101230,2,0,F,10867.00000000000000000,100
813401005,8101230,1,0,F,33262.00000000000000000,100
813401005,8101230,2,0,F,33262.00000000000000000,100
813401006,8102336,1,0,F,25596.00000000000000000,100
813401006,8102336,2,0,F,25596.00000000000000000,100
813402001,8101236,1,0,F,5297.00000000000000000,1
813402001,8101236,2,0,F,5297.00000000000000000,1
813402002,8101236,1,0,F,11496.00000000000181899,100
813402002,8101236,2,0,F,11496.00000000000181899,100
813402003,8101236,1,0,F,7329.00000000000000000,100
813402003,8101236,2,0,F,7329.00000000000000000,100
813402004,8101236,1,0,F,2686.00000000000045475,100
813402004,8101236,2,0,F,2686.00000000000045475,100
813402005,8101236,1,0,F,3087.00000000000045475,100
813402005,8101236,2,0,F,3087.00000000000045475,100
813402006,8101236,1,0,F,16453.00000000000000000,100
813402006,8101236,2,0,F,16453.00000000000000000,100
813402007,8101236,1,0,F,5642.00000000000000000,100
813402007,8101236,2,0,F,5642.00000000000000000,100
813402008,8101236,1,0,F,12284.00000000000000000,100
813402008,8101236,2,0,F,12284.00000000000000000,100
813402009,38587489,1,0,F,2493.00000000000000000,100
813402009,38587489,2,0,F,2493.00000000000000000,100
813402010,8101236,1,0,F,12856.00000000000000000,100
813402010,8101236,2,0,F,12856.00000000000000000,100
813402011,38588226,1,0,F,2638.00000000000000000,100
813402011,38588226,2,0,F,2638.00000000000000000,100
813402012,31201084,1,0,F,3376.00000000000000000,1
813402012,31201084,2,0,F,3376.00000000000000000,1
813402013,31201132,1,0,F,1308.00000000000000000,1
813402013,31201132,2,0,F,1308.00000000000000000,1
813402014,8102336,1,0,F,18732.00000000000000000,100
813402014,8102336,2,0,F,18732.00000000000000000,100
813402015,8102352,1,0,F,3607.00000000000045475,100
813402015,8102352,2,0,F,3607.00000000000045475,100
813402016,8102336,1,0,F,2870.00000000000000000,100
813402016,8102336,2,0,F,2870.00000000000000000,100
821100001,8029034,1,0,F,18391.00000000000000000,100
821100001,8029034,2,0,F,18391.00000000000000000,100
821100002,8029034,1,0,F,79756.00000000000000000,100
821100002,8029034,2,0,F,79756.00000000000000000,100
821200000,8014228,1,0,F,26736.00000000000000000,100
821200000,8014228,2,0,F,26736.00000000000000000,100
821301001,8014350,1,0,F,6603.00000000000000000,100
821301001,8014350,2,0,F,6603.00000000000000000,100
821301002,8014350,1,0,F,4788.00000000000000000,100
821301002,8014350,2,0,F,4788.00000000000000000,100
821301003,8014406,1,0,F,6691.00000000000000000,100
821301003,8014406,2,0,F,6691.00000000000000000,100
821301004,8014350,1,0,F,2369.00000000000000000,100
821301004,8014350,2,0,F,2369.00000000000000000,100
821301005,8014350,1,0,F,5225.00000000000181899,100
821301005,8014350,2,0,F,5225.00000000000181899,100
821301006,8014350,1,0,F,18082.00000000000000000,100
821301006,8014350,2,0,F,18082.00000000000000000,100
821302001,8014413,1,0,F,5837.99999999999909051,100
821302001,8014413,2,0,F,5837.99999999999909051,100
821302002,8014350,1,0,F,37337.00000000000000000,100
821302002,8014350,2,0,F,37337.00000000000000000,100
821302003,8014408,1,0,F,4090.00000000000000000,100
821302003,8014408,2,0,F,4090.00000000000000000,100
821302004,8014350,1,0,F,12142.00000000000181899,100
821302004,8014350,2,0,F,12142.00000000000181899,100
821303000,8014350,1,0,F,22417.00000000000000000,100
821303000,8014350,2,0,F,22417.00000000000000000,100
821304000,8014309,1,0,F,8032.99999999999909051,1
821304000,8014309,2,0,F,8032.99999999999909051,1
821305000,8029406,1,0,F,7333.00000000000090949,100
821305000,8029406,2,0,F,7333.00000000000090949,100
821306001,38503951,1,0,F,8501.00000000000000000,100
821306001,38503951,2,0,F,8501.00000000000000000,100
821306002,8014529,1,0,F,1232.00000000000000000,100
821306002,8014529,2,0,F,1232.00000000000000000,100
821306003,8014513,1,0,F,9880.00000000000000000,100
821306003,8014513,2,0,F,9880.00000000000000000,100
821306004,8014521,1,0,F,5920.00000000000000000,100
821306004,8014521,2,0,F,5920.00000000000000000,100
821307001,8029429,1,0,F,5476.00000000000000000,100
821307001,8029429,2,0,F,5476.00000000000000000,100
821307002,8029429,1,0,F,14003.99999999999818101,100
821307002,8029429,2,0,F,14003.99999999999818101,100
821307003,8029429,1,0,F,15907.00000000000000000,100
821307003,8029429,2,0,F,15907.00000000000000000,100
821308001,2054,1,0,F,1520.00000000000000000,100
821308001,2054,2,0,F,1520.00000000000000000,100
821308002,50720500,1,0,F,2769.00000000000000000,100
821308002,50720500,2,0,F,2769.00000000000000000,100
821308003,8099982,1,0,F,348.00000000000011369,100
821308003,8099982,2,0,F,348.00000000000011369,100
821308004,8014571,1,0,F,6561.00000000000000000,100
821308004,8014571,2,0,F,6561.00000000000000000,100
821308005,38592238,1,0,F,11501.00000000000000000,100
821308005,38592238,2,0,F,11501.00000000000000000,100
821308006,38573334,1,0,F,2053.00000000000000000,100
821308006,38573334,2,0,F,2053.00000000000000000,100
821308007,8014582,1,0,F,1928.00000000000000000,100
821308007,8014582,2,0,F,1928.00000000000000000,100
821308008,8014571,1,0,F,4590.00000000000000000,100
821308008,8014571,2,0,F,4590.00000000000000000,100
821308009,8014570,1,0,F,4216.00000000000000000,100
821308009,8014570,2,0,F,4216.00000000000000000,100
821308010,38503472,1,0,F,828.00000000000011369,100
821308010,38503472,2,0,F,828.00000000000011369,100
821308011,3871,1,0,F,1891.00000000000000000,100
821308011,3871,2,0,F,1891.00000000000000000,100
821308012,8014581,1,0,F,7985.00000000000000000,100
821308012,8014581,2,0,F,7985.00000000000000000,100
821308013,8014581,1,0,F,3770.00000000000000000,100
821308013,8014581,2,0,F,3770.00000000000000000,100
821308014,8014580,1,0,F,1370.00000000000000000,100
821308014,8014580,2,0,F,1370.00000000000000000,100
821308015,8014571,1,0,F,1277.00000000000045475,100
821308015,8014571,2,0,F,1277.00000000000045475,100
821308016,8014570,1,0,F,1572.00000000000000000,100
821308016,8014570,2,0,F,1572.00000000000000000,100
821308017,8014580,1,0,F,5275.00000000000000000,100
821308017,8014580,2,0,F,5275.00000000000000000,100
821308018,8045013,1,0,F,3272.00000000000045475,100
821308018,8045013,2,0,F,3272.00000000000045475,100
821308019,3871,1,0,F,6345.00000000000000000,100
821308019,3871,2,0,F,6345.00000000000000000,100
821308020,2770,1,0,F,3708.00000000000000000,100
821308020,2770,2,0,F,3708.00000000000000000,100
821308021,8045013,1,0,F,1258.00000000000000000,100
821308021,8045013,2,0,F,1258.00000000000000000,100
821308022,8045014,1,0,F,5394.00000000000000000,100
821308022,8045014,2,0,F,5394.00000000000000000,100
821308023,8014555,1,0,F,9727.00000000000000000,100
821308023,8014555,2,0,F,9727.00000000000000000,100
821308024,8014556,1,0,F,1748.00000000000022737,100
821308024,8014556,2,0,F,1748.00000000000022737,100
821308025,8045015,1,0,F,3033.00000000000000000,100
821308025,8045015,2,0,F,3033.00000000000000000,100
821308026,8014556,1,0,F,6807.00000000000000000,100
821308026,8014556,2,0,F,6807.00000000000000000,100
821308027,8045016,1,0,F,1277.00000000000045475,100
821308027,8045016,2,0,F,1277.00000000000045475,100
821308028,8014554,1,0,F,816.00000000000022737,100
821308028,8014554,2,0,F,816.00000000000022737,100
821308029,8045015,1,0,F,8330.00000000000000000,100
821308029,8045015,2,0,F,8330.00000000000000000,100
821308030,8045016,1,0,F,10638.00000000000000000,100
821308030,8045016,2,0,F,10638.00000000000000000,100
821308031,8045016,1,0,F,9551.00000000000000000,100
821308031,8045016,2,0,F,9551.00000000000000000,100
821309001,924,1,0,F,1004.00000000000000000,100
821309001,924,2,0,F,1004.00000000000000000,100
821309002,50833462,1,0,F,1037.00000000000000000,100
821309002,50833462,2,0,F,1037.00000000000000000,100
821309003,50833462,1,0,F,237.00000000000002842,100
821309003,50833462,2,0,F,237.00000000000002842,100
821309004,871,1,0,F,364.00000000000000000,100
821309004,871,2,0,F,364.00000000000000000,100
821309005,38595309,1,0,F,356.00000000000005684,100
821309005,38595309,2,0,F,356.00000000000005684,100
821309006,31104775,1,0,F,199.00000000000000000,1
821309006,31104775,2,0,F,199.00000000000000000,1
821309007,50833462,1,0,F,2387.00000000000000000,100
821309007,50833462,2,0,F,2387.00000000000000000,100
821309008,31104915,1,0,F,299.00000000000000000,1
821309008,31104915,2,0,F,299.00000000000000000,1
821309009,50833462,1,0,F,1331.00000000000000000,100
821309009,50833462,2,0,F,1331.00000000000000000,100
821309010,38595309,1,0,F,453.99999999999994316,100
821309010,38595309,2,0,F,453.99999999999994316,100
821309011,871,1,0,F,2595.00000000000000000,100
821309011,871,2,0,F,2595.00000000000000000,100
821309012,31104854,1,0,F,99.00000000000000000,1
821309012,31104854,2,0,F,99.00000000000000000,1
821309013,50791530,1,0,F,643.00000000000000000,100
821309013,50791530,2,0,F,643.00000000000000000,100
821309014,50715288,1,0,F,208.00000000000005684,100
821309014,50715288,2,0,F,208.00000000000005684,100
821309015,38594530,1,0,F,896.00000000000011369,100
821309015,38594530,2,0,F,896.00000000000011369,100
821309016,31104913,1,0,F,3021.00000000000000000,1
821309016,31104913,2,0,F,3021.00000000000000000,1
821309017,707,1,0,F,1217.00000000000000000,100
821309017,707,2,0,F,1217.00000000000000000,100
821309018,707,1,0,F,820.00000000000022737,100
821309018,707,2,0,F,820.00000000000022737,100
821309019,708,1,0,F,480.00000000000000000,100
821309019,708,2,0,F,480.00000000000000000,100
821309020,31104748,1,0,F,351.00000000000011369,1
821309020,31104748,2,0,F,351.00000000000011369,1
821309021,31104920,1,0,F,634.00000000000000000,1
821309021,31104920,2,0,F,634.00000000000000000,1
821309022,38589465,1,0,F,2851.00000000000045475,100
821309022,38589465,2,0,F,2851.00000000000045475,100
821309023,31104920,1,0,F,186.00000000000000000,1
821309023,31104920,2,0,F,186.00000000000000000,1
821309024,707,1,0,F,317.00000000000000000,100
821309024,707,2,0,F,317.00000000000000000,100
821309025,708,1,0,F,420.00000000000000000,100
821309025,708,2,0,F,420.00000000000000000,100
821309026,38595518,1,0,F,204.00000000000005684,100
821309026,38595518,2,0,F,204.00000000000005684,100
821309027,912,1,0,F,387.00000000000000000,100
821309027,912,2,0,F,387.00000000000000000,100
821309028,708,1,0,F,484.00000000000000000,100
821309028,708,2,0,F,484.00000000000000000,100
821309029,31104920,1,0,F,300.00000000000000000,1
821309029,31104920,2,0,F,300.00000000000000000,1
821309030,922,1,0,F,482.00000000000000000,100
821309030,922,2,0,F,482.00000000000000000,100
821309031,707,1,0,F,909.00000000000000000,100
821309031,707,2,0,F,909.00000000000000000,100
821309032,3176,1,0,F,328.00000000000005684,100
821309032,3176,2,0,F,328.00000000000005684,100
821309033,708,1,0,F,968.99999999999988631,100
821309033,708,2,0,F,968.99999999999988631,100
821309034,3176,1,0,F,705.00000000000000000,100
821309034,3176,2,0,F,705.00000000000000000,100
821309035,38595518,1,0,F,970.00000000000000000,100
821309035,38595518,2,0,F,970.00000000000000000,100
821309036,2,1,0,F,274.00000000000000000,100
821309036,2,2,0,F,274.00000000000000000,100
821309037,922,1,0,F,996.00000000000000000,100
821309037,922,2,0,F,996.00000000000000000,100
821309038,2,1,0,F,493.00000000000000000,100
821309038,2,2,0,F,493.00000000000000000,100
821309039,38589476,1,0,F,1321.00000000000000000,100
821309039,38589476,2,0,F,1321.00000000000000000,100
821309040,3176,1,0,F,711.00000000000000000,100
821309040,3176,2,0,F,711.00000000000000000,100
821309041,2,1,0,F,450.00000000000000000,100
821309041,2,2,0,F,450.00000000000000000,100
821309042,3176,1,0,F,1232.00000000000000000,100
821309042,3176,2,0,F,1232.00000000000000000,100
821309043,922,1,0,F,1765.00000000000045475,100
821309043,922,2,0,F,1765.00000000000045475,100
821309044,38594530,1,0,F,4006.00000000000000000,1
821309044,38594530,2,0,F,4006.00000000000000000,1
821309045,885,1,0,F,478.00000000000011369,100
821309045,885,2,0,F,478.00000000000011369,100
821309046,3176,1,0,F,1989.00000000000000000,100
821309046,3176,2,0,F,1989.00000000000000000,100
821309047,882,1,0,F,2747.00000000000000000,100
821309047,882,2,0,F,2747.00000000000000000,100
821309048,885,1,0,F,519.00000000000000000,100
821309048,885,2,0,F,519.00000000000000000,100
821309049,8014424,1,0,F,1329.00000000000000000,100
821309049,8014424,2,0,F,1329.00000000000000000,100
821309050,95100007,1,0,F,2848.00000000000045475,100
821309050,95100007,2,0,F,2848.00000000000045475,100
821309051,3,1,0,F,386.00000000000000000,100
821309051,3,2,0,F,386.00000000000000000,100
821309052,8014424,1,0,F,755.00000000000000000,100
821309052,8014424,2,0,F,755.00000000000000000,100
821309053,8014424,1,0,F,1364.00000000000000000,100
821309053,8014424,2,0,F,1364.00000000000000000,100
821309054,882,1,0,F,1280.00000000000000000,100
821309054,882,2,0,F,1280.00000000000000000,100
821309055,8014424,1,0,F,953.00000000000011369,100
821309055,8014424,2,0,F,953.00000000000011369,100
821309056,3,1,0,F,397.00000000000000000,100
821309056,3,2,0,F,397.00000000000000000,100
821309057,3,1,0,F,1659.00000000000000000,100
821309057,3,2,0,F,1659.00000000000000000,100
821309058,8014424,1,0,F,441.00000000000000000,100
821309058,8014424,2,0,F,441.00000000000000000,100
821309059,912,1,0,F,3340.00000000000000000,100
821309059,912,2,0,F,3340.00000000000000000,100
821309060,8014424,1,0,F,156.00000000000000000,100
821309060,8014424,2,0,F,156.00000000000000000,100
821309061,882,1,0,F,202.00000000000002842,100
821309061,882,2,0,F,202.00000000000002842,100
821309062,882,1,0,F,797.00000000000000000,100
821309062,882,2,0,F,797.00000000000000000,100
821309063,8014424,1,0,F,771.00000000000011369,100
821309063,8014424,2,0,F,771.00000000000011369,100
821309064,8014424,1,0,F,875.00000000000000000,100
821309064,8014424,2,0,F,875.00000000000000000,100
821309065,882,1,0,F,839.00000000000000000,100
821309065,882,2,0,F,839.00000000000000000,100
821309066,8014424,1,0,F,1457.00000000000000000,100
821309066,8014424,2,0,F,1457.00000000000000000,100
821309067,845,1,0,F,2756.99999999999954525,100
821309067,845,2,0,F,2756.99999999999954525,100
821309068,8014423,1,0,F,1742.00000000000000000,100
821309068,8014423,2,0,F,1742.00000000000000000,100
821309069,1,1,0,F,814.00000000000000000,100
821309069,1,2,0,F,814.00000000000000000,100
821309070,8014424,1,0,F,2267.00000000000000000,100
821309070,8014424,2,0,F,2267.00000000000000000,100
821309071,8014424,1,0,F,1270.00000000000000000,100
821309071,8014424,2,0,F,1270.00000000000000000,100
821309072,1,1,0,F,484.00000000000000000,100
821309072,1,2,0,F,484.00000000000000000,100
821309073,1,1,0,F,728.99999999999988631,100
821309073,1,2,0,F,728.99999999999988631,100
821309074,1,1,0,F,1867.00000000000000000,100
821309074,1,2,0,F,1867.00000000000000000,100
821309075,8014423,1,0,F,597.00000000000000000,100
821309075,8014423,2,0,F,597.00000000000000000,100
821309076,845,1,0,F,705.00000000000000000,100
821309076,845,2,0,F,705.00000000000000000,100
821309077,8014423,1,0,F,2707.00000000000000000,100
821309077,8014423,2,0,F,2707.00000000000000000,100
821309078,863,1,0,F,1416.00000000000000000,100
821309078,863,2,0,F,1416.00000000000000000,100
821309079,863,1,0,F,3583.00000000000000000,100
821309079,863,2,0,F,3583.00000000000000000,100
821309080,8014422,1,0,F,1006.00000000000000000,100
821309080,8014422,2,0,F,1006.00000000000000000,100
821309081,8014423,1,0,F,3250.99999999999954525,100
821309081,8014423,2,0,F,3250.99999999999954525,100
821309082,845,1,0,F,2772.00000000000045475,100
821309082,845,2,0,F,2772.00000000000045475,100
821309083,8014423,1,0,F,5178.99999999999909051,100
821309083,8014423,2,0,F,5178.99999999999909051,100
821309084,863,1,0,F,4407.00000000000000000,100
821309084,863,2,0,F,4407.00000000000000000,100
821309085,8014421,1,0,F,1394.00000000000045475,100
821309085,8014421,2,0,F,1394.00000000000045475,100
821309086,913,1,0,F,4059.00000000000000000,100
821309086,913,2,0,F,4059.00000000000000000,100
821309087,8014422,1,0,F,4701.00000000000181899,100
821309087,8014422,2,0,F,4701.00000000000181899,100
821309088,906,1,0,F,5989.00000000000000000,100
821309088,906,2,0,F,5989.00000000000000000,100
821309089,8014420,1,0,F,2352.00000000000000000,100
821309089,8014420,2,0,F,2352.00000000000000000,100
821309090,8014418,1,0,F,10145.00000000000000000,100
821309090,8014418,2,0,F,10145.00000000000000000,100
821309091,8014418,1,0,F,1582.99999999999977263,100
821309091,8014418,2,0,F,1582.99999999999977263,100
821309092,926,1,0,F,5811.00000000000000000,100
821309092,926,2,0,F,5811.00000000000000000,100
821309093,926,1,0,F,8640.00000000000000000,100
821309093,926,2,0,F,8640.00000000000000000,100
821309094,8014417,1,0,F,14755.00000000000000000,100
821309094,8014417,2,0,F,14755.00000000000000000,100
821309095,8014417,1,0,F,5817.00000000000000000,100
821309095,8014417,2,0,F,5817.00000000000000000,100
821309096,926,1,0,F,19302.00000000000000000,100
821309096,926,2,0,F,19302.00000000000000000,100
821309097,926,1,0,F,16766.00000000000000000,100
821309097,926,2,0,F,16766.00000000000000000,100
821310001,901,1,0,F,1834.00000000000000000,100
821310001,901,2,0,F,1834.00000000000000000,100
821310002,892,1,0,F,4307.00000000000000000,100
821310002,892,2,0,F,4307.00000000000000000,100
821310003,854,1,0,F,10949.00000000000181899,100
821310003,854,2,0,F,10949.00000000000181899,100
821310004,879,1,0,F,2877.00000000000045475,100
821310004,879,2,0,F,2877.00000000000045475,100
821310005,3147,1,0,F,11149.00000000000000000,100
821310005,3147,2,0,F,11149.00000000000000000,100
821310006,846,1,0,F,351.00000000000011369,100
821310006,846,2,0,F,351.00000000000011369,100
821310007,844,1,0,F,7788.00000000000000000,100
821310007,844,2,0,F,7788.00000000000000000,100
821310008,3147,1,0,F,2973.00000000000045475,100
821310008,3147,2,0,F,2973.00000000000045475,100
821310009,41007894,1,0,F,1422.00000000000000000,100
821310009,41007894,2,0,F,1422.00000000000000000,100
821310010,833,1,0,F,4434.00000000000000000,100
821310010,833,2,0,F,4434.00000000000000000,100
821310011,844,1,0,F,6296.00000000000000000,100
821310011,844,2,0,F,6296.00000000000000000,100
821310012,3147,1,0,F,432.00000000000005684,100
821310012,3147,2,0,F,432.00000000000005684,100
821310013,878,1,0,F,1075.00000000000000000,100
821310013,878,2,0,F,1075.00000000000000000,100
821310014,854,1,0,F,4250.00000000000000000,100
821310014,854,2,0,F,4250.00000000000000000,100
821310015,854,1,0,F,7400.00000000000000000,100
821310015,854,2,0,F,7400.00000000000000000,100
821310016,915,1,0,F,468.00000000000000000,100
821310016,915,2,0,F,468.00000000000000000,100
821310017,915,1,0,F,2651.00000000000090949,100
821310017,915,2,0,F,2651.00000000000090949,100
821310018,3147,1,0,F,5541.00000000000000000,100
821310018,3147,2,0,F,5541.00000000000000000,100
821310019,41007928,1,0,F,404.00000000000005684,100
821310019,41007928,2,0,F,404.00000000000005684,100
821310020,878,1,0,F,5612.00000000000000000,100
821310020,878,2,0,F,5612.00000000000000000,100
821310021,833,1,0,F,12250.00000000000000000,100
821310021,833,2,0,F,12250.00000000000000000,100
821310022,915,1,0,F,4850.00000000000181899,100
821310022,915,2,0,F,4850.00000000000181899,100
821310023,3147,1,0,F,8659.00000000000000000,100
821310023,3147,2,0,F,8659.00000000000000000,100
821310024,926,1,0,F,14239.00000000000000000,100
821310024,926,2,0,F,14239.00000000000000000,100
821310025,41007169,1,0,F,6857.00000000000000000,100
821310025,41007169,2,0,F,6857.00000000000000000,100
821310026,846,1,0,F,17419.00000000000000000,100
821310026,846,2,0,F,17419.00000000000000000,100
821310027,915,1,0,F,15327.00000000000000000,100
821310027,915,2,0,F,15327.00000000000000000,100
821310028,833,1,0,F,24005.00000000000000000,100
821310028,833,2,0,F,24005.00000000000000000,100
821310029,38503488,1,0,F,5946.00000000000090949,100
821310029,38503488,2,0,F,5946.00000000000090949,100
821310030,926,1,0,F,21710.00000000000000000,100
821310030,926,2,0,F,21710.00000000000000000,100
821310031,8014529,1,0,F,23617.00000000000363798,100
821310031,8014529,2,0,F,23617.00000000000363798,100
821400000,8000112,1,0,F,113471.00000000000000000,100
821400000,8000112,2,0,F,113471.00000000000000000,100
821401000,8029429,1,0,F,82394.00000000001455192,100
821401000,8029429,2,0,F,82394.00000000001455192,100
821402000,8000177,1,0,F,29160.00000000000000000,100
821402000,8000177,2,0,F,29160.00000000000000000,100
821403000,8029429,1,0,F,43541.00000000001455192,100
821403000,8029429,2,0,F,43541.00000000001455192,100
821406000,8000112,1,0,F,71868.00000000000000000,100
821406000,8000112,2,0,F,71868.00000000000000000,100
821407001,8000112,1,0,F,12252.00000000000000000,100
821407001,8000112,2,0,F,12252.00000000000000000,100
821407002,8000112,1,0,F,3699.00000000000090949,100
821407002,8000112,2,0,F,3699.00000000000090949,100
821407003,8000112,1,0,F,12630.00000000000000000,100
821407003,8000112,2,0,F,12630.00000000000000000,100
821407004,8038379,1,0,F,15478.00000000000000000,100
821407004,8038379,2,0,F,15478.00000000000000000,100
821407005,8045013,1,0,F,7124.00000000000090949,100
821407005,8045013,2,0,F,7124.00000000000090949,100
821407006,8038379,1,0,F,8161.00000000000000000,100
821407006,8038379,2,0,F,8161.00000000000000000,100
821408000,8000112,1,0,F,38822.00000000000000000,100
821408000,8000112,2,0,F,38822.00000000000000000,100
821409000,8029429,1,0,F,43663.00000000001455192,100
821409000,8029429,2,0,F,43663.00000000001455192,100
822100001,8000261,1,0,F,54678.00000000001455192,100
822100001,8000261,2,0,F,54678.00000000001455192,100
822100002,8000261,1,0,F,94973.99999999998544808,100
822100002,8000261,2,0,F,94973.99999999998544808,100
822100003,8000261,1,0,F,47381.00000000000000000,100
822100003,8000261,2,0,F,47381.00000000000000000,100
822200000,8000261,1,0,F,143634.00000000000000000,100
822200000,8000261,2,0,F,143634.00000000000000000,100
822300000,38020347,1,0,F,189618.00000000000000000,100
822300000,38020347,2,0,F,189618.00000000000000000,100
822400000,38020347,1,0,F,276754.00000000000000000,100
822400000,38020347,2,0,F,276754.00000000000000000,100
822500000,8029034,1,0,F,172466.00000000000000000,100
822500000,8029034,2,0,F,172466.00000000000000000,100
822700001,8000105,1,0,F,120203.00000000001455192,100
822700001,8000105,2,0,F,120203.00000000001455192,100
822700002,38014655,1,0,F,43724.00000000000727596,1
822700002,38014655,2,0,F,43724.00000000000727596,1
822700003,8002181,1,0,F,38332.00000000000000000,100
822700003,8002181,2,0,F,38332.00000000000000000,100
822700004,8002253,1,0,F,19800.00000000000000000,100
822700004,8002253,2,0,F,19800.00000000000000000,100
822700005,8002253,1,0,F,51090.00000000000000000,100
822700005,8002253,2,0,F,51090.00000000000000000,100
822700006,8002181,1,0,F,52541.00000000001455192,100
822700006,8002181,2,0,F,52541.00000000001455192,100
822700007,8000105,1,0,F,11148.00000000000000000,100
822700007,8000105,2,0,F,11148.00000000000000000,100
822707000,8002253,1,0,F,94214.00000000000000000,100
822707000,8002253,2,0,F,94214.00000000000000000,100
822708000,38014655,1,0,F,14362.00000000000000000,1
822708000,38014655,2,0,F,14362.00000000000000000,1
822709000,8002181,1,0,F,111792.00000000000000000,100
822709000,8002181,2,0,F,111792.00000000000000000,100
829500000,8000105,1,0,F,109647.00000000000000000,100
829500000,8000105,2,0,F,109647.00000000000000000,100
829600000,8000105,1,0,F,186319.00000000005820766,100
829600000,8000105,2,0,F,186319.00000000005820766,100
829700000,8014002,1,0,F,49569.00000000000000000,100
829700000,8014002,2,0,F,49569.00000000000000000,100
829800000,8014002,1,0,F,143662.00000000000000000,100
829800000,8014002,2,0,F,143662.00000000000000000,100
831000000,8768600,1,0,F,23218.00000000000363798,100
831000000,8768600,2,0,F,23218.00000000000363798,100
832101000,8768600,1,0,F,241840.00000000000000000,100
832101000,8768600,2,0,F,241840.00000000000000000,100
832102000,8768600,1,0,F,188429.00000000000000000,100
832102000,8768600,2,0,F,188429.00000000000000000,100
832103000,8768600,1,0,F,178386.00000000000000000,100
832103000,8768600,2,0,F,178386.00000000000000000,100
832104000,8730082,1,0,F,179522.00000000002910383,100
832104000,8730082,2,0,F,179522.00000000002910383,100
832601000,8771304,1,0,F,29250.00000000000000000,100
832601000,8771304,2,0,F,29250.00000000000000000,100
832602000,8771304,1,0,F,152992.00000000000000000,100
832602000,8771304,2,0,F,152992.00000000000000000,100
832603000,8774300,1,0,F,92955.00000000000000000,100
832603000,8774300,2,0,F,92955.00000000000000000,100
832604000,8768600,1,0,F,184960.00000000000000000,100
832604000,8768600,2,0,F,184960.00000000000000000,100
834101000,8721202,1,0,F,153408.00000000005820766,100
834101000,8721202,2,0,F,153408.00000000005820766,100
834102000,8721202,1,0,F,232302.00000000002910383,100
834102000,8721202,2,0,F,232302.00000000002910383,100
834103000,8721202,1,0,F,121545.00000000000000000,100
834103000,8721202,2,0,F,121545.00000000000000000,100
834104000,8730082,1,0,F,101544.00000000000000000,100
834104000,8730082,2,0,F,101544.00000000000000000,100
834201000,8721202,1,0,F,21498.00000000000000000,100
834201000,8721202,2,0,F,21498.00000000000000000,100
834202001,38572020,1,0,F,4455.00000000000000000,100
834202001,38572020,2,0,F,4455.00000000000000000,100
834202002,31402035,1,0,F,828.00000000000022737,1
834202002,31402035,2,0,F,828.00000000000022737,1
834202003,38572098,1,0,F,3454.00000000000000000,100
834202003,38572098,2,0,F,3454.00000000000000000,100
834202004,38572101,1,0,F,4152.00000000000000000,100
834202004,38572101,2,0,F,4152.00000000000000000,100
834202005,38572167,1,0,F,3476.00000000000045475,100
834202005,38572167,2,0,F,3476.00000000000045475,100
834202006,1131,1,0,F,41153.00000000000000000,100
834202006,1131,2,0,F,41153.00000000000000000,100
834202007,38572020,1,0,F,6336.00000000000000000,100
834202007,38572020,2,0,F,6336.00000000000000000,100
834202008,1131,1,0,F,40117.00000000000000000,100
834202008,1131,2,0,F,40117.00000000000000000,100
834202009,1131,1,0,F,41916.00000000001455192,100
834202009,1131,2,0,F,41916.00000000001455192,100
834202010,1131,1,0,F,39212.00000000000000000,100
834202010,1131,2,0,F,39212.00000000000000000,100
834202011,38572167,1,0,F,2067.00000000000000000,100
834202011,38572167,2,0,F,2067.00000000000000000,100
834202012,1131,1,0,F,38367.00000000000000000,100
834202012,1131,2,0,F,38367.00000000000000000,100
834202013,1131,1,0,F,39883.00000000000000000,100
834202013,1131,2,0,F,39883.00000000000000000,100
834202014,1131,1,0,F,37831.00000000000000000,100
834202014,1131,2,0,F,37831.00000000000000000,100
834202015,38500070,1,0,F,5899.00000000000000000,100
834202015,38500070,2,0,F,5899.00000000000000000,100
834202016,1131,1,0,F,37768.00000000000000000,100
834202016,1131,2,0,F,37768.00000000000000000,100
834202017,1131,1,0,F,36017.00000000000000000,100
834202017,1131,2,0,F,36017.00000000000000000,100
834202018,38500069,1,0,F,1079.00000000000000000,100
834202018,38500069,2,0,F,1079.00000000000000000,100
834202019,38500070,1,0,F,3008.00000000000000000,100
834202019,38500070,2,0,F,3008.00000000000000000,100
834202020,1131,1,0,F,34463.00000000000000000,100
834202020,1131,2,0,F,34463.00000000000000000,100
834202021,1131,1,0,F,33913.00000000001455192,100
834202021,1131,2,0,F,33913.00000000001455192,100
834202022,1131,1,0,F,34945.00000000000000000,100
834202022,1131,2,0,F,34945.00000000000000000,100
834202023,41004653,1,0,F,7743.00000000000000000,100
834202023,41004653,2,0,F,7743.00000000000000000,100
834202024,38500070,1,0,F,5695.00000000000000000,100
834202024,38500070,2,0,F,5695.00000000000000000,100
834202025,1131,1,0,F,34060.00000000000000000,100
834202025,1131,2,0,F,34060.00000000000000000,100
834202026,38500070,1,0,F,8869.00000000000000000,100
834202026,38500070,2,0,F,8869.00000000000000000,100
834202027,38500070,1,0,F,7126.99999999999909051,100
834202027,38500070,2,0,F,7126.99999999999909051,100
834202028,38500069,1,0,F,4798.00000000000000000,100
834202028,38500069,2,0,F,4798.00000000000000000,100
834202029,1131,1,0,F,32075.00000000000363798,100
834202029,1131,2,0,F,32075.00000000000363798,100
834202030,38578167,1,0,F,2189.00000000000000000,100
834202030,38578167,2,0,F,2189.00000000000000000,100
834202031,1131,1,0,F,31166.00000000000000000,100
834202031,1131,2,0,F,31166.00000000000000000,100
834202032,38572075,1,0,F,6414.00000000000000000,100
834202032,38572075,2,0,F,6414.00000000000000000,100
834202033,38578167,1,0,F,2170.00000000000000000,100
834202033,38578167,2,0,F,2170.00000000000000000,100
834202034,1131,1,0,F,29610.00000000000000000,100
834202034,1131,2,0,F,29610.00000000000000000,100
834202035,1137,1,0,F,13402.00000000000363798,100
834202035,1137,2,0,F,13402.00000000000363798,100
834202036,1137,1,0,F,15967.00000000000000000,100
834202036,1137,2,0,F,15967.00000000000000000,100
834202037,1137,1,0,F,10117.00000000000000000,100
834202037,1137,2,0,F,10117.00000000000000000,100
834202038,1131,1,0,F,27980.00000000000000000,100
834202038,1131,2,0,F,27980.00000000000000000,100
834202039,38578163,1,0,F,852.00000000000000000,100
834202039,38578163,2,0,F,852.00000000000000000,100
834202040,38578164,1,0,F,2538.00000000000090949,100
834202040,38578164,2,0,F,2538.00000000000090949,100
834202041,1137,1,0,F,12107.99999999999818101,100
834202041,1137,2,0,F,12107.99999999999818101,100
834202042,1137,1,0,F,15492.00000000000000000,100
834202042,1137,2,0,F,15492.00000000000000000,100
834202043,38578172,1,0,F,1167.00000000000000000,100
834202043,38578172,2,0,F,1167.00000000000000000,100
834202044,1137,1,0,F,9094.00000000000000000,100
834202044,1137,2,0,F,9094.00000000000000000,100
834202045,38589284,1,0,F,2413.00000000000090949,100
834202045,38589284,2,0,F,2413.00000000000090949,100
834202046,1131,1,0,F,27507.99999999999636202,100
834202046,1131,2,0,F,27507.99999999999636202,100
834202047,38589294,1,0,F,1278.00000000000000000,100
834202047,38589294,2,0,F,1278.00000000000000000,100
834202048,1137,1,0,F,5372.00000000000090949,100
834202048,1137,2,0,F,5372.00000000000090949,100
834202049,38578146,1,0,F,1221.00000000000000000,100
834202049,38578146,2,0,F,1221.00000000000000000,100
834202050,38578146,1,0,F,666.00000000000000000,100
834202050,38578146,2,0,F,666.00000000000000000,100
834202051,1138,1,0,F,11687.99999999999818101,100
834202051,1138,2,0,F,11687.99999999999818101,100
834202052,38500138,1,0,F,777.00000000000000000,100
834202052,38500138,2,0,F,777.00000000000000000,100
834202053,38500138,1,0,F,978.00000000000000000,100
834202053,38500138,2,0,F,978.00000000000000000,100
834202054,38578146,1,0,F,1390.00000000000045475,100
834202054,38578146,2,0,F,1390.00000000000045475,100
834202055,38594925,1,0,F,1281.99999999999977263,100
834202055,38594925,2,0,F,1281.99999999999977263,100
834202056,38500138,1,0,F,1483.00000000000000000,100
834202056,38500138,2,0,F,1483.00000000000000000,100
834202057,1137,1,0,F,3744.00000000000000000,100
834202057,1137,2,0,F,3744.00000000000000000,100
834202058,38594925,1,0,F,1188.00000000000000000,100
834202058,38594925,2,0,F,1188.00000000000000000,100
834202059,38500138,1,0,F,1641.00000000000000000,100
834202059,38500138,2,0,F,1641.00000000000000000,100
834202060,38589334,1,0,F,1312.99999999999977263,100
834202060,38589334,2,0,F,1312.99999999999977263,100
834202061,1138,1,0,F,8966.00000000000000000,100
834202061,1138,2,0,F,8966.00000000000000000,100
834202062,1137,1,0,F,372.00000000000005684,100
834202062,1137,2,0,F,372.00000000000005684,100
834202063,1137,1,0,F,745.00000000000000000,100
834202063,1137,2,0,F,745.00000000000000000,100
834202064,38594925,1,0,F,493.00000000000000000,100
834202064,38594925,2,0,F,493.00000000000000000,100
834202065,1137,1,0,F,1710.00000000000000000,100
834202065,1137,2,0,F,1710.00000000000000000,100
834202066,1137,1,0,F,528.00000000000000000,100
834202066,1137,2,0,F,528.00000000000000000,100
834202067,38578148,1,0,F,610.00000000000000000,100
834202067,38578148,2,0,F,610.00000000000000000,100
834202068,1138,1,0,F,6834.00000000000090949,100
834202068,1138,2,0,F,6834.00000000000090949,100
834202069,38595518,1,0,F,892.00000000000000000,100
834202069,38595518,2,0,F,892.00000000000000000,100
834202070,38595518,1,0,F,1594.00000000000000000,100
834202070,38595518,2,0,F,1594.00000000000000000,100
834202071,1137,1,0,F,1166.00000000000000000,100
834202071,1137,2,0,F,1166.00000000000000000,100
834202072,38500682,1,0,F,122.00000000000000000,100
834202072,38500682,2,0,F,122.00000000000000000,100
834202073,1137,1,0,F,2118.00000000000000000,100
834202073,1137,2,0,F,2118.00000000000000000,100
834202074,38500682,1,0,F,260.00000000000000000,100
834202074,38500682,2,0,F,260.00000000000000000,100
834202075,1138,1,0,F,1420.00000000000000000,100
834202075,1138,2,0,F,1420.00000000000000000,100
834202076,38594925,1,0,F,1520.00000000000000000,100
834202076,38594925,2,0,F,1520.00000000000000000,100
834202077,38595518,1,0,F,1924.00000000000022737,100
834202077,38595518,2,0,F,1924.00000000000022737,100
834202078,1138,1,0,F,3636.00000000000000000,100
834202078,1138,2,0,F,3636.00000000000000000,100
834202079,1138,1,0,F,1240.00000000000000000,100
834202079,1138,2,0,F,1240.00000000000000000,100
834202080,38595518,1,0,F,2907.00000000000000000,100
834202080,38595518,2,0,F,2907.00000000000000000,100
834202081,1138,1,0,F,290.00000000000000000,100
834202081,1138,2,0,F,290.00000000000000000,100
834202082,1138,1,0,F,3268.00000000000090949,100
834202082,1138,2,0,F,3268.00000000000090949,100
834202083,1138,1,0,F,1680.00000000000000000,100
834202083,1138,2,0,F,1680.00000000000000000,100
834202084,1131,1,0,F,17220.00000000000000000,100
834202084,1131,2,0,F,17220.00000000000000000,100
834202085,8014421,1,0,F,3247.00000000000000000,100
834202085,8014421,2,0,F,3247.00000000000000000,100
834202086,8730082,1,0,F,21564.00000000000000000,100
834202086,8730082,2,0,F,21564.00000000000000000,100
834202087,1136,1,0,F,3285.00000000000000000,100
834202087,1136,2,0,F,3285.00000000000000000,100
834202088,1131,1,0,F,7188.00000000000000000,100
834202088,1131,2,0,F,7188.00000000000000000,100
834202089,1127,1,0,F,1210.00000000000000000,100
834202089,1127,2,0,F,1210.00000000000000000,100
834202090,1131,1,0,F,2102.00000000000000000,100
834202090,1131,2,0,F,2102.00000000000000000,100
834202091,1131,1,0,F,8495.00000000000363798,100
834202091,1131,2,0,F,8495.00000000000363798,100
834202092,1135,1,0,F,7402.00000000000000000,100
834202092,1135,2,0,F,7402.00000000000000000,100
834202093,1131,1,0,F,30928.00000000000000000,100
834202093,1131,2,0,F,30928.00000000000000000,100
834202094,1131,1,0,F,22367.00000000000363798,100
834202094,1131,2,0,F,22367.00000000000363798,100
834202095,1131,1,0,F,24272.00000000000727596,100
834202095,1131,2,0,F,24272.00000000000727596,100
834202096,1131,1,0,F,33476.00000000000000000,100
834202096,1131,2,0,F,33476.00000000000000000,100
834202097,8718201,1,0,F,16448.00000000000000000,100
834202097,8718201,2,0,F,16448.00000000000000000,100
834202098,8718201,1,0,F,4304.00000000000000000,100
834202098,8718201,2,0,F,4304.00000000000000000,100
834202099,8718201,1,0,F,19085.00000000000000000,100
834202099,8718201,2,0,F,19085.00000000000000000,100
834301001,8771513,1,0,F,20430.00000000000000000,100
834301001,8771513,2,0,F,20430.00000000000000000,100
834301002,38587504,1,0,F,1707.99999999999977263,100
834301002,38587504,2,0,F,1707.99999999999977263,100
834301003,8771513,1,0,F,6655.00000000000000000,100
834301003,8771513,2,0,F,6655.00000000000000000,100
834301004,2478,1,0,F,3841.00000000000000000,100
834301004,2478,2,0,F,3841.00000000000000000,100
834301005,8771861,1,0,F,29985.00000000000000000,100
834301005,8771861,2,0,F,29985.00000000000000000,100
834301006,2478,1,0,F,16652.00000000000000000,100
834301006,2478,2,0,F,16652.00000000000000000,100
834301007,8771861,1,0,F,6435.00000000000181899,100
834301007,8771861,2,0,F,6435.00000000000181899,100
834301008,8771861,1,0,F,2586.00000000000000000,100
834301008,8771861,2,0,F,2586.00000000000000000,100
834301009,8771861,1,0,F,14955.00000000000000000,100
834301009,8771861,2,0,F,14955.00000000000000000,100
834301010,38582534,1,0,F,2434.00000000000000000,100
834301010,38582534,2,0,F,2434.00000000000000000,100
834301011,8771861,1,0,F,8675.00000000000000000,100
834301011,8771861,2,0,F,8675.00000000000000000,100
834301012,38504395,1,0,F,11663.99999999999818101,100
834301012,38504395,2,0,F,11663.99999999999818101,100
834301013,8771861,1,0,F,24649.00000000000000000,100
834301013,8771861,2,0,F,24649.00000000000000000,100
834301014,8771861,1,0,F,54458.00000000000000000,50
834301014,8771861,2,0,F,54458.00000000000000000,50
834301015,41004178,1,0,F,12562.99999999999818101,100
834301015,41004178,2,0,F,12562.99999999999818101,100
834301016,8730082,1,0,F,28710.00000000000000000,100
834301016,8730082,2,0,F,28710.00000000000000000,100
834302001,8774500,1,0,F,28534.00000000000363798,100
834302001,8774500,2,0,F,28534.00000000000363798,100
834302002,8774500,1,0,F,41902.00000000000000000,100
834302002,8774500,2,0,F,41902.00000000000000000,100
834302003,8774500,1,0,F,49083.00000000000000000,100
834302003,8774500,2,0,F,49083.00000000000000000,100
834302004,41003171,1,0,F,7721.00000000000000000,100
834302004,41003171,2,0,F,7721.00000000000000000,100
834302005,41003171,1,0,F,22698.00000000000000000,100
834302005,41003171,2,0,F,22698.00000000000000000,100
834302006,8771513,1,0,F,52648.99999999999272404,100
834302006,8771513,2,0,F,52648.99999999999272404,100
834302007,8771341,1,0,F,7626.99999999999909051,100
834302007,8771341,2,0,F,7626.99999999999909051,100
834303001,8730082,1,0,F,99193.00000000000000000,100
834303001,8730082,2,0,F,99193.00000000000000000,100
834303002,8730082,1,0,F,48032.00000000000727596,100
834303002,8730082,2,0,F,48032.00000000000727596,100
834304001,38572050,1,0,F,5069.00000000000000000,1
834304001,38572050,2,0,F,5069.00000000000000000,1
834304002,3639,1,0,F,4809.00000000000000000,100
834304002,3639,2,0,F,4809.00000000000000000,100
834304003,3639,1,0,F,8313.00000000000000000,100
834304003,3639,2,0,F,8313.00000000000000000,100
834304004,8730082,1,0,F,4514.00000000000000000,100
834304004,8730082,2,0,F,4514.00000000000000000,100
834304005,8730082,1,0,F,17921.00000000000000000,100
834304005,8730082,2,0,F,17921.00000000000000000,100
837101001,8774150,1,0,F,2249.00000000000000000,100
837101001,8774150,2,0,F,2249.00000000000000000,100
837101002,8774371,1,0,F,23077.99999999999636202,100
837101002,8774371,2,0,F,23077.99999999999636202,100
837101003,8774335,1,0,F,14041.00000000000181899,100
837101003,8774335,2,0,F,14041.00000000000181899,100
837101004,8774500,1,0,F,2330.00000000000000000,100
837101004,8774500,2,0,F,2330.00000000000000000,100
837101005,8774500,1,0,F,7085.00000000000000000,100
837101005,8774500,2,0,F,7085.00000000000000000,100
837101006,38587917,1,0,F,6083.00000000000090949,100
837101006,38587917,2,0,F,6083.00000000000090949,100
837101007,38587917,1,0,F,1049.00000000000000000,100
837101007,38587917,2,0,F,1049.00000000000000000,100
837101008,8774500,1,0,F,6305.00000000000000000,100
837101008,8774500,2,0,F,6305.00000000000000000,100
837101009,1134,1,0,F,6907.00000000000000000,100
837101009,1134,2,0,F,6907.00000000000000000,100
837101010,38594954,1,0,F,434.00000000000000000,100
837101010,38594954,2,0,F,434.00000000000000000,100
837101011,8774300,1,0,F,3310.00000000000000000,100
837101011,8774300,2,0,F,3310.00000000000000000,100
837101012,38594954,1,0,F,5153.00000000000181899,100
837101012,38594954,2,0,F,5153.00000000000181899,100
837101013,38593236,1,0,F,4335.00000000000000000,100
837101013,38593236,2,0,F,4335.00000000000000000,100
837101014,8774500,1,0,F,16166.00000000000000000,100
837101014,8774500,2,0,F,16166.00000000000000000,100
837101015,38593236,1,0,F,1294.00000000000000000,100
837101015,38593236,2,0,F,1294.00000000000000000,100
837101016,38587923,1,0,F,645.00000000000000000,100
837101016,38587923,2,0,F,645.00000000000000000,100
837101017,90546390,1,0,F,634.00000000000000000,100
837101017,90546390,2,0,F,634.00000000000000000,100
837101018,38587921,1,0,F,385.00000000000000000,100
837101018,38587921,2,0,F,385.00000000000000000,100
837101019,38594945,1,0,F,420.00000000000000000,100
837101019,38594945,2,0,F,420.00000000000000000,100
837101020,38587920,1,0,F,335.00000000000000000,100
837101020,38587920,2,0,F,335.00000000000000000,100
837101021,31401788,1,0,F,259.00000000000000000,100
837101021,31401788,2,0,F,259.00000000000000000,1
837101022,38593238,1,0,F,196.00000000000000000,100
837101022,38593238,2,0,F,196.00000000000000000,100
837101023,38593237,1,0,F,3197.00000000000000000,100
837101023,38593237,2,0,F,3197.00000000000000000,100
837101024,38587911,1,0,F,752.00000000000000000,1
837101024,38587911,2,0,F,752.00000000000000000,1
837101025,38594944,1,0,F,555.00000000000000000,100
837101025,38594944,2,0,F,555.00000000000000000,100
837101026,38594943,1,0,F,650.00000000000000000,100
837101026,38594943,2,0,F,650.00000000000000000,100
837101027,90620944,1,0,F,564.00000000000000000,100
837101027,90620944,2,0,F,564.00000000000000000,100
837101028,38593220,1,0,F,259.00000000000000000,1
837101028,38593220,2,0,F,259.00000000000000000,1
837101029,38594936,1,0,F,320.00000000000000000,100
837101029,38594936,2,0,F,320.00000000000000000,100
837101030,38593243,1,0,F,355.00000000000000000,100
837101030,38593243,2,0,F,355.00000000000000000,100
837101031,38594940,1,0,F,467.00000000000000000,100
837101031,38594940,2,0,F,467.00000000000000000,100
837101032,90433859,1,0,F,39.00000000000000000,100
837101032,90433859,2,0,F,39.00000000000000000,100
837101033,38594936,1,0,F,607.00000000000000000,100
837101033,38594936,2,0,F,607.00000000000000000,100
837101034,31401788,1,0,F,1996.00000000000000000,1
837101034,31401788,2,0,F,1996.00000000000000000,1
837101035,38594935,1,0,F,277.00000000000000000,100
837101035,38594935,2,0,F,277.00000000000000000,100
837101036,38587919,1,0,F,1876.00000000000022737,100
837101036,38587919,2,0,F,1876.00000000000022737,100
837101037,38594937,1,0,F,1219.00000000000000000,100
837101037,38594937,2,0,F,1219.00000000000000000,100
837101038,8774300,1,0,F,15200.00000000000363798,100
837101038,8774300,2,0,F,15200.00000000000363798,100
837101039,38593222,1,0,F,322.00000000000000000,100
837101039,38593222,2,0,F,322.00000000000000000,100
837101040,38587915,1,0,F,3207.00000000000000000,100
837101040,38587915,2,0,F,3207.00000000000000000,100
837101041,38593237,1,0,F,8064.99999999999909051,100
837101041,38593237,2,0,F,8064.99999999999909051,100
837101042,38587915,1,0,F,866.00000000000000000,100
837101042,38587915,2,0,F,866.00000000000000000,100
837101043,38587919,1,0,F,5580.00000000000000000,100
837101043,38587919,2,0,F,5580.00000000000000000,100
837101044,31401814,1,0,F,509.00000000000000000,1
837101044,31401814,2,0,F,509.00000000000000000,1
837101045,38588298,1,0,F,2278.00000000000000000,100
837101045,38588298,2,0,F,2278.00000000000000000,100
837101046,38593239,1,0,F,3792.00000000000045475,100
837101046,38593239,2,0,F,3792.00000000000045475,100
837101047,38587909,1,0,F,837.00000000000011369,100
837101047,38587909,2,0,F,837.00000000000011369,100
837101048,38588298,1,0,F,3114.00000000000000000,100
837101048,38588298,2,0,F,3114.00000000000000000,100
837101049,38579320,1,0,F,1018.00000000000000000,100
837101049,38579320,2,0,F,1018.00000000000000000,100
837101050,31400719,1,0,F,2952.00000000000000000,1
837101050,31400719,2,0,F,2952.00000000000000000,1
837101051,38595241,1,0,F,235.00000000000002842,100
837101051,38595241,2,0,F,235.00000000000002842,100
837101052,38579315,1,0,F,4043.99999999999954525,100
837101052,38579315,2,0,F,4043.99999999999954525,100
837104001,8774582,1,0,F,123041.00000000000000000,100
837104001,8774582,2,0,F,123041.00000000000000000,100
837104002,8772319,1,0,F,47446.00000000000000000,100
837104002,8772319,2,0,F,47446.00000000000000000,100
837104003,8772319,1,0,F,57619.00000000000000000,100
837104003,8772319,2,0,F,57619.00000000000000000,100
837106000,8772319,1,0,F,27365.00000000000727596,100
837106000,8772319,2,0,F,27365.00000000000727596,100
837107001,8774100,1,0,F,61795.00000000000000000,1
837107001,8774100,2,0,F,61795.00000000000000000,1
837107002,8774100,1,0,F,55904.00000000000000000,1
837107002,8774100,2,0,F,55904.00000000000000000,1
837107003,8774582,1,0,F,52503.00000000000000000,100
837107003,8774582,2,0,F,52503.00000000000000000,100
837108001,8774600,1,0,F,24627.00000000000000000,51
837108001,8774600,2,0,F,24627.00000000000000000,51
837108002,8774600,1,0,F,16064.00000000000000000,50
837108002,8774600,2,0,F,16064.00000000000000000,50
837108003,670,1,0,F,33695.00000000000000000,100
837108003,670,2,0,F,33695.00000000000000000,100
837108004,8774600,1,0,F,1784.00000000000000000,50
837108004,8774600,2,0,F,1784.00000000000000000,50
837108005,670,1,0,F,13930.00000000000000000,100
837108005,670,2,0,F,13930.00000000000000000,100
837108006,8774624,1,0,F,6973.00000000000000000,100
837108006,8774624,2,0,F,6973.00000000000000000,100
837108007,8774624,1,0,F,11681.00000000000363798,100
837108007,8774624,2,0,F,11681.00000000000363798,100
837108008,8774624,1,0,F,1052.00000000000000000,100
837108008,8774624,2,0,F,1052.00000000000000000,100
837108009,8774582,1,0,F,10777.00000000000363798,100
837108009,8774582,2,0,F,10777.00000000000363798,100
837108010,90585009,1,0,F,10270.00000000000000000,100
837108010,90585009,2,0,F,10270.00000000000000000,100
837108011,8774634,1,0,F,7597.00000000000000000,51
837108011,8774634,2,0,F,7597.00000000000000000,51
837108012,8774630,1,0,F,4567.00000000000000000,67
837108012,8774630,2,0,F,4567.00000000000000000,67
837108013,8774624,1,0,F,6447.00000000000000000,50
837108013,8774624,2,0,F,6447.00000000000000000,50
837108014,90585009,1,0,F,7587.99999999999909051,100
837108014,90585009,2,0,F,7587.99999999999909051,100
837108015,90585009,1,0,F,9541.00000000000000000,1
837108015,90585009,2,0,F,9541.00000000000000000,1
837108016,90586206,1,0,F,7224.00000000000000000,100
837108016,90586206,2,0,F,7224.00000000000000000,100
837108017,8774630,1,0,F,2856.00000000000000000,50
837108017,8774630,2,0,F,2856.00000000000000000,50
837108018,8774630,1,0,F,5042.00000000000000000,1
837108018,8774630,2,0,F,5042.00000000000000000,1
837108019,8774637,1,0,F,18777.00000000000000000,50
837108019,8774637,2,0,F,18777.00000000000000000,50
837108020,8774631,1,0,F,3571.00000000000000000,50
837108020,8774631,2,0,F,3571.00000000000000000,50
837108021,90585009,1,0,F,3748.00000000000000000,100
837108021,90585009,2,0,F,3748.00000000000000000,100
837108022,38594962,1,0,F,4359.00000000000000000,100
837108022,38594962,2,0,F,4359.00000000000000000,100
837108023,8774651,1,0,F,6351.00000000000000000,1
837108023,8774651,2,0,F,6351.00000000000000000,1
837108024,38593244,1,0,F,3875.00000000000000000,100
837108024,38593244,2,0,F,3875.00000000000000000,100
837108025,8774651,1,0,F,5730.00000000000000000,51
837108025,8774651,2,0,F,5730.00000000000000000,51
837108026,90585009,1,0,F,5976.00000000000000000,100
837108026,90585009,2,0,F,5976.00000000000000000,100
837108027,90585009,1,0,F,1742.00000000000000000,100
837108027,90585009,2,0,F,1742.00000000000000000,100
837108028,8774651,1,0,F,2693.00000000000000000,1
837108028,8774651,2,0,F,2693.00000000000000000,1
837108029,38594964,1,0,F,1222.00000000000000000,100
837108029,38594964,2,0,F,1222.00000000000000000,100
837108030,38587392,1,0,F,2131.00000000000000000,100
837108030,38587392,2,0,F,2131.00000000000000000,100
837108031,90586206,1,0,F,688.00000000000011369,100
837108031,90586206,2,0,F,688.00000000000011369,100
837108032,38594962,1,0,F,3240.00000000000000000,100
837108032,38594962,2,0,F,3240.00000000000000000,100
837108033,90586206,1,0,F,2175.00000000000090949,100
837108033,90586206,2,0,F,2175.00000000000090949,100
837108034,38594962,1,0,F,5767.00000000000000000,100
837108034,38594962,2,0,F,5767.00000000000000000,100
837108035,38595554,1,0,F,971.00000000000000000,100
837108035,38595554,2,0,F,971.00000000000000000,100
837108036,38594963,1,0,F,976.00000000000000000,100
837108036,38594963,2,0,F,976.00000000000000000,100
837108037,38587640,1,0,F,5760.00000000000000000,100
837108037,38587640,2,0,F,5760.00000000000000000,100
837108038,38587640,1,0,F,2554.00000000000090949,100
837108038,38587640,2,0,F,2554.00000000000090949,100
837108039,90595085,1,0,F,1131.00000000000000000,100
837108039,90595085,2,0,F,1131.00000000000000000,100
837108040,31400941,1,0,F,815.00000000000011369,100
837108040,31400941,2,0,F,815.00000000000011369,100
837108041,38587392,1,0,F,1495.00000000000000000,100
837108041,38587392,2,0,F,1495.00000000000000000,100
837108042,8774651,1,0,F,2503.00000000000000000,1
837108042,8774651,2,0,F,2503.00000000000000000,1
837108043,90550100,1,0,F,458.99999999999994316,100
837108043,90550100,2,0,F,458.99999999999994316,100
837108044,38592639,1,0,F,1702.00000000000000000,100
837108044,38592639,2,0,F,1702.00000000000000000,100
837108045,38595325,1,0,F,435.00000000000000000,100
837108045,38595325,2,0,F,435.00000000000000000,100
837108046,38587640,1,0,F,1699.00000000000000000,100
837108046,38587640,2,0,F,1699.00000000000000000,100
837108047,8774651,1,0,F,1196.00000000000000000,1
837108047,8774651,2,0,F,1196.00000000000000000,1
837108048,8774651,1,0,F,2287.00000000000000000,1
837108048,8774651,2,0,F,2287.00000000000000000,1
837108049,38595327,1,0,F,937.00000000000000000,100
837108049,38595327,2,0,F,937.00000000000000000,100
837108050,38593232,1,0,F,764.00000000000000000,100
837108050,38593232,2,0,F,764.00000000000000000,100
837108051,38595048,1,0,F,511.00000000000000000,51
837108051,38595048,2,0,F,511.00000000000000000,51
837108052,31401798,1,0,F,363.00000000000000000,100
837108052,31401798,2,0,F,363.00000000000000000,100
837108053,8774543,1,0,F,358.00000000000000000,1
837108053,8774543,2,0,F,358.00000000000000000,1
837108054,38595323,1,0,F,273.00000000000000000,100
837108054,38595323,2,0,F,273.00000000000000000,100
837108055,8774543,1,0,F,707.00000000000011369,100
837108055,8774543,2,0,F,707.00000000000011369,100
837108056,8774543,1,0,F,956.00000000000022737,150
837108056,8774543,2,0,F,956.00000000000022737,150
837108057,8774543,1,0,F,946.00000000000022737,100
837108057,8774543,2,0,F,946.00000000000022737,100
837108058,38593235,1,0,F,374.00000000000000000,100
837108058,38593235,2,0,F,374.00000000000000000,100
837108059,38593195,1,0,F,1960.00000000000000000,100
837108059,38593195,2,0,F,1960.00000000000000000,100
837108060,8774634,1,0,F,9457.00000000000000000,50
837108060,8774634,2,0,F,9457.00000000000000000,50
837108061,38587905,1,0,F,3310.00000000000000000,100
837108061,38587905,2,0,F,3310.00000000000000000,100
837108062,8774651,1,0,F,3915.00000000000000000,1
837108062,8774651,2,0,F,3915.00000000000000000,1
837108063,38593200,1,0,F,962.00000000000011369,100
837108063,38593200,2,0,F,962.00000000000011369,100
837108064,38595359,1,0,F,10685.00000000000000000,100
837108064,38595359,2,0,F,10685.00000000000000000,100
837108065,38595358,1,0,F,3004.00000000000000000,1
837108065,38595358,2,0,F,3004.00000000000000000,1
837108066,38587905,1,0,F,2005.00000000000000000,100
837108066,38587905,2,0,F,2005.00000000000000000,100
837108067,31400019,1,0,F,2021.99999999999977263,1
837108067,31400019,2,0,F,2021.99999999999977263,1
837108068,38593123,1,0,F,833.00000000000000000,100
837108068,38593123,2,0,F,833.00000000000000000,100
837108069,38593110,1,0,F,2074.00000000000000000,100
837108069,38593110,2,0,F,2074.00000000000000000,100
837108070,38595359,1,0,F,6339.00000000000090949,100
837108070,38595359,2,0,F,6339.00000000000090949,100
837108071,38595359,1,0,F,4650.00000000000000000,100
837108071,38595359,2,0,F,4650.00000000000000000,100
837108072,38595358,1,0,F,2062.00000000000000000,1
837108072,38595358,2,0,F,2062.00000000000000000,1
837108073,38593110,1,0,F,1370.00000000000000000,100
837108073,38593110,2,0,F,1370.00000000000000000,100
837108074,38595359,1,0,F,3893.00000000000090949,100
837108074,38595359,2,0,F,3893.00000000000090949,100
837108075,38595358,1,0,F,1422.00000000000000000,1
837108075,38595358,2,0,F,1422.00000000000000000,1
837108076,38593110,1,0,F,546.00000000000000000,100
837108076,38593110,2,0,F,546.00000000000000000,100
837108077,38595358,1,0,F,1336.00000000000000000,1
837108077,38595358,2,0,F,1336.00000000000000000,1
837108078,38595366,1,0,F,829.00000000000022737,101
837108078,38595366,2,0,F,829.00000000000022737,101
837108079,38593124,1,0,F,802.00000000000000000,101
837108079,38593124,2,0,F,802.00000000000000000,101
837108080,38595358,1,0,F,819.00000000000022737,1
837108080,38595358,2,0,F,819.00000000000022737,1
837108081,38595359,1,0,F,2058.00000000000000000,100
837108081,38595359,2,0,F,2058.00000000000000000,100
837108082,38595366,1,0,F,837.00000000000000000,101
837108082,38595366,2,0,F,837.00000000000000000,101
837108083,38595358,1,0,F,666.00000000000000000,1
837108083,38595358,2,0,F,666.00000000000000000,1
837108084,38595359,1,0,F,3480.00000000000000000,100
837108084,38595359,2,0,F,3480.00000000000000000,100
837108085,38595368,1,0,F,320.00000000000000000,102
837108085,38595368,2,0,F,320.00000000000000000,102
837108086,258,1,0,F,927.00000000000000000,101
837108086,258,2,0,F,927.00000000000000000,101
837108087,38595359,1,0,F,1511.99999999999977263,100
837108087,38595359,2,0,F,1511.99999999999977263,100
837108088,38595359,1,0,F,1247.00000000000000000,100
837108088,38595359,2,0,F,1247.00000000000000000,100
837108089,38595358,1,0,F,316.00000000000000000,1
837108089,38595358,2,0,F,316.00000000000000000,1
837108090,38595367,1,0,F,165.00000000000000000,102
837108090,38595367,2,0,F,165.00000000000000000,102
837108091,38595358,1,0,F,144.00000000000005684,1
837108091,38595358,2,0,F,144.00000000000005684,1
837108092,38595359,1,0,F,759.00000000000000000,101
837108092,38595359,2,0,F,759.00000000000000000,101
837108093,38595359,1,0,F,5024.00000000000000000,100
837108093,38595359,2,0,F,5024.00000000000000000,100
837108094,38592966,1,0,F,7271.00000000000000000,100
837108094,38592966,2,0,F,7271.00000000000000000,100
837108095,38595359,1,0,F,1119.00000000000000000,100
837108095,38595359,2,0,F,1119.00000000000000000,100
837108096,38595359,1,0,F,2631.00000000000000000,100
837108096,38595359,2,0,F,2631.00000000000000000,100
837108097,258,1,0,F,491.00000000000000000,101
837108097,258,2,0,F,491.00000000000000000,101
837108098,38595363,1,0,F,777.00000000000000000,101
837108098,38595363,2,0,F,777.00000000000000000,101
837108099,38595359,1,0,F,1399.00000000000000000,100
837108099,38595359,2,0,F,1399.00000000000000000,100
837108100,38595358,1,0,F,424.00000000000000000,1
837108100,38595358,2,0,F,424.00000000000000000,1
837108101,38595359,1,0,F,2371.00000000000000000,100
837108101,38595359,2,0,F,2371.00000000000000000,100
837108102,38595359,1,0,F,1832.00000000000000000,100
837108102,38595359,2,0,F,1832.00000000000000000,100
837108103,38595359,1,0,F,442.99999999999994316,100
837108103,38595359,2,0,F,442.99999999999994316,100
837108104,38595359,1,0,F,1232.00000000000000000,100
837108104,38595359,2,0,F,1232.00000000000000000,100
837108105,38595359,1,0,F,2991.00000000000000000,100
837108105,38595359,2,0,F,2991.00000000000000000,100
837108106,38595359,1,0,F,1843.00000000000022737,100
837108106,38595359,2,0,F,1843.00000000000022737,100
837108107,38593119,1,0,F,642.00000000000000000,100
837108107,38593119,2,0,F,642.00000000000000000,100
837108108,38595359,1,0,F,3063.99999999999954525,100
837108108,38595359,2,0,F,3063.99999999999954525,100
837108109,38595359,1,0,F,638.00000000000000000,101
837108109,38595359,2,0,F,638.00000000000000000,101
837108110,38595359,1,0,F,1643.00000000000000000,1
837108110,38595359,2,0,F,1643.00000000000000000,1
837108111,38592966,1,0,F,5309.00000000000000000,100
837108111,38592966,2,0,F,5309.00000000000000000,100
837108112,38595359,1,0,F,2702.00000000000000000,1
837108112,38595359,2,0,F,2702.00000000000000000,1
837108113,38592966,1,0,F,4037.00000000000000000,100
837108113,38592966,2,0,F,4037.00000000000000000,100
837108114,8774559,1,0,F,7024.00000000000000000,1
837108114,8774559,2,0,F,7024.00000000000000000,1
837108115,38592966,1,0,F,3645.00000000000000000,100
837108115,38592966,2,0,F,3645.00000000000000000,100
837108116,8774637,1,0,F,25554.00000000000727596,50
837108116,8774637,2,0,F,25554.00000000000727596,50
837108117,8774558,1,0,F,2340.00000000000000000,100
837108117,8774558,2,0,F,2340.00000000000000000,100
837108118,38592966,1,0,F,805.00000000000000000,100
837108118,38592966,2,0,F,805.00000000000000000,100
837108119,8774558,1,0,F,689.00000000000000000,50
837108119,8774558,2,0,F,689.00000000000000000,50
837108120,8774562,1,0,F,13824.00000000000181899,50
837108120,8774562,2,0,F,13824.00000000000181899,50
837108121,8774559,1,0,F,1158.00000000000000000,50
837108121,8774559,2,0,F,1158.00000000000000000,50
837108122,31401813,1,0,F,1516.00000000000000000,1
837108122,31401813,2,0,F,1516.00000000000000000,1
837108123,31401813,1,0,F,955.00000000000022737,1
837108123,31401813,2,0,F,955.00000000000022737,1
837108124,8774562,1,0,F,3801.00000000000000000,50
837108124,8774562,2,0,F,3801.00000000000000000,50
837108125,31400608,1,0,F,2861.00000000000000000,1
837108125,31400608,2,0,F,2861.00000000000000000,1
837108126,38580652,1,0,F,12177.00000000000000000,100
837108126,38580652,2,0,F,12177.00000000000000000,100
837108127,8774559,1,0,F,4030.99999999999954525,100
837108127,8774559,2,0,F,4030.99999999999954525,100
837108128,38501233,1,0,F,4958.00000000000000000,100
837108128,38501233,2,0,F,4958.00000000000000000,100
837108129,38501233,1,0,F,911.00000000000000000,100
837108129,38501233,2,0,F,911.00000000000000000,100
837108130,38501233,1,0,F,6952.00000000000090949,100
837108130,38501233,2,0,F,6952.00000000000090949,100
837108131,31401847,1,0,F,6325.00000000000000000,100
837108131,31401847,2,0,F,6325.00000000000000000,100
837108132,31401810,1,0,F,5550.00000000000000000,100
837108132,31401810,2,0,F,5550.00000000000000000,100
837108133,38501233,1,0,F,4754.00000000000000000,100
837108133,38501233,2,0,F,4754.00000000000000000,100
837108134,31401847,1,0,F,2504.00000000000000000,100
837108134,31401847,2,0,F,2504.00000000000000000,100
837108135,31401730,1,0,F,6819.00000000000000000,100
837108135,31401730,2,0,F,6819.00000000000000000,100
837108136,31401810,1,0,F,2738.00000000000000000,50
837108136,31401810,2,0,F,2738.00000000000000000,50
837108137,31401810,1,0,F,6482.00000000000000000,50
837108137,31401810,2,0,F,6482.00000000000000000,50
837108138,31401810,1,0,F,3700.00000000000000000,50
837108138,31401810,2,0,F,3700.00000000000000000,50
837108139,31401810,1,0,F,2531.00000000000000000,100
837108139,31401810,2,0,F,2531.00000000000000000,100
837108140,90437870,1,0,F,738.00000000000000000,1
837108140,90437870,2,0,F,738.00000000000000000,1
837108141,31401810,1,0,F,1533.00000000000045475,50
837108141,31401810,2,0,F,1533.00000000000045475,50
837108142,31401847,1,0,F,890.99999999999988631,50
837108142,31401847,2,0,F,890.99999999999988631,50
837108143,31401730,1,0,F,10678.00000000000181899,50
837108143,31401730,2,0,F,10678.00000000000181899,50
837108144,31401810,1,0,F,3264.00000000000090949,50
837108144,31401810,2,0,F,3264.00000000000090949,50
837108145,31401810,1,0,F,3913.00000000000090949,51
837108145,31401810,2,0,F,3913.00000000000090949,51
837108146,31401810,1,0,F,1880.00000000000022737,100
837108146,31401810,2,0,F,1880.00000000000022737,100
837108147,31401810,1,0,F,547.00000000000000000,100
837108147,31401810,2,0,F,547.00000000000000000,100
837108148,31401810,1,0,F,4655.00000000000000000,100
837108148,31401810,2,0,F,4655.00000000000000000,100
837108149,31401810,1,0,F,3335.00000000000000000,50
837108149,31401810,2,0,F,3335.00000000000000000,50
837108150,31401730,1,0,F,2237.00000000000000000,100
837108150,31401730,2,0,F,2237.00000000000000000,100
837108151,31401730,1,0,F,3487.00000000000000000,50
837108151,31401730,2,0,F,3487.00000000000000000,50
837108152,31401730,1,0,F,6666.00000000000000000,50
837108152,31401730,2,0,F,6666.00000000000000000,50
837108153,31401810,1,0,F,4898.00000000000000000,50
837108153,31401810,2,0,F,4898.00000000000000000,50
837108154,31401730,1,0,F,3862.00000000000045475,51
837108154,31401730,2,0,F,3862.00000000000045475,51
837108155,38501428,1,0,F,9188.00000000000000000,100
837108155,38501428,2,0,F,9188.00000000000000000,100
841101000,8301645,1,0,F,185007.00000000000000000,100
841101000,8301645,2,0,F,185007.00000000000000000,100
841103001,8301700,1,0,F,101288.00000000000000000,100
841103001,8301700,2,0,F,101288.00000000000000000,100
841103002,8301700,1,0,F,113636.00000000001455192,100
841103002,8301700,2,0,F,113636.00000000001455192,100
841104001,8301016,1,0,F,1838.00000000000000000,100
841104001,8301016,2,0,F,1838.00000000000000000,100
841104002,8301016,1,0,F,18156.00000000000000000,100
841104002,8301016,2,0,F,18156.00000000000000000,100
841104003,8301016,1,0,F,7085.00000000000000000,100
841104003,8301016,2,0,F,7085.00000000000000000,100
841104004,1618,1,0,F,31669.00000000000000000,100
841104004,1618,2,0,F,31669.00000000000000000,100
841104005,1618,1,0,F,27344.00000000000000000,100
841104005,1618,2,0,F,27344.00000000000000000,100
841104006,1618,1,0,F,16046.00000000000000000,100
841104006,1618,2,0,F,16046.00000000000000000,100
841104007,2197,1,0,F,8284.00000000000000000,100
841104007,2197,2,0,F,8284.00000000000000000,100
841104008,1618,1,0,F,19778.00000000000000000,100
841104008,1618,2,0,F,19778.00000000000000000,100
841104009,2550,1,0,F,7185.00000000000181899,100
841104009,2550,2,0,F,7185.00000000000181899,100
841104010,2827,1,0,F,2487.00000000000000000,100
841104010,2827,2,0,F,2487.00000000000000000,100
841104011,1618,1,0,F,7165.00000000000000000,1
841104011,1618,2,0,F,7165.00000000000000000,1
841104012,1618,1,0,F,31980.00000000000000000,100
841104012,1618,2,0,F,31980.00000000000000000,100
841105001,8301700,1,0,F,56736.00000000001455192,100
841105001,8301700,2,0,F,56736.00000000001455192,100
841105002,8301700,1,0,F,71042.00000000000000000,100
841105002,8301700,2,0,F,71042.00000000000000000,100
841105003,8301700,1,0,F,46535.00000000000727596,100
841105003,8301700,2,0,F,46535.00000000000727596,100
841105004,8301700,1,0,F,60251.99999999999272404,100
841105004,8301700,2,0,F,60251.99999999999272404,100
841105005,8301700,1,0,F,72393.00000000000000000,100
841105005,8301700,2,0,F,72393.00000000000000000,100
841105006,8319371,1,0,F,11235.00000000000000000,100
841105006,8319371,2,0,F,11235.00000000000000000,100
841105007,8301016,1,0,F,43138.00000000000727596,100
841105007,8301016,2,0,F,43138.00000000000727596,100
841105008,8301016,1,0,F,27967.00000000000727596,100
841105008,8301016,2,0,F,27967.00000000000727596,100
841105009,8301016,1,0,F,23815.00000000000000000,100
841105009,8301016,2,0,F,23815.00000000000000000,100
841106000,8301700,1,0,F,220908.00000000002910383,100
841106000,8301700,2,0,F,220908.00000000002910383,100
841107000,8301700,1,0,F,136781.00000000000000000,100
841107000,8301700,2,0,F,136781.00000000000000000,100
841108000,8301700,1,0,F,110764.00000000000000000,100
841108000,8301700,2,0,F,110764.00000000000000000,100
841200001,8774678,1,0,F,41510.00000000000000000,1
841200001,8774678,2,0,F,41510.00000000000000000,1
841200002,8301700,1,0,F,145671.00000000000000000,100
841200002,8301700,2,0,F,145671.00000000000000000,100
841200003,8301700,1,0,F,122456.00000000000000000,100
841200003,8301700,2,0,F,122456.00000000000000000,100
841200004,8774678,1,0,F,17529.00000000000000000,1
841200004,8774678,2,0,F,17529.00000000000000000,1
841200005,38501880,1,0,F,14655.00000000000363798,1
841200005,38501880,2,0,F,14655.00000000000363798,1
841300000,8301700,1,0,F,185149.00000000000000000,100
841300000,8301700,2,0,F,185149.00000000000000000,100
841401001,8301033,1,0,F,10404.00000000000181899,100
841401001,8301033,2,0,F,10404.00000000000181899,100
841401002,8301031,1,0,F,2599.00000000000000000,100
841401002,8301031,2,0,F,2599.00000000000000000,100
841401003,8301145,1,0,F,1062.00000000000000000,100
841401003,8301145,2,0,F,1062.00000000000000000,100
841401004,8301208,1,0,F,8407.00000000000000000,100
841401004,8301208,2,0,F,8407.00000000000000000,100
841401005,8301142,1,0,F,5892.00000000000000000,100
841401005,8301142,2,0,F,5892.00000000000000000,100
841401006,1081,1,0,F,4437.00000000000000000,100
841401006,1081,2,0,F,4437.00000000000000000,100
841401007,8301205,1,0,F,1822.00000000000000000,1
841401007,8301205,2,0,F,1822.00000000000000000,1
841401008,1081,1,0,F,6412.00000000000090949,100
841401008,1081,2,0,F,6412.00000000000090949,100
841401009,38575613,1,0,F,2964.00000000000000000,100
841401009,38575613,2,0,F,2964.00000000000000000,100
841401010,8301141,1,0,F,8828.00000000000000000,100
841401010,8301141,2,0,F,8828.00000000000000000,100
841401011,38575254,1,0,F,4008.00000000000000000,100
841401011,38575254,2,0,F,4008.00000000000000000,100
841401012,8301117,1,0,F,1599.00000000000000000,100
841401012,8301117,2,0,F,1599.00000000000000000,100
841401013,38575658,1,0,F,4867.00000000000000000,100
841401013,38575658,2,0,F,4867.00000000000000000,100
841401014,38505795,1,0,F,1635.00000000000000000,100
841401014,38505795,2,0,F,1635.00000000000000000,100
841401015,2467,1,0,F,4046.00000000000045475,100
841401015,2467,2,0,F,4046.00000000000045475,100
841402001,8301313,1,0,F,7751.00000000000000000,100
841402001,8301313,2,0,F,7751.00000000000000000,100
841402002,1061,1,0,F,10331.00000000000000000,100
841402002,1061,2,0,F,10331.00000000000000000,100
841402003,1061,1,0,F,11172.00000000000000000,100
841402003,1061,2,0,F,11172.00000000000000000,100
841402004,1078,1,0,F,5441.00000000000000000,100
841402004,1078,2,0,F,5441.00000000000000000,100
841402005,1078,1,0,F,1063.00000000000000000,100
841402005,1078,2,0,F,1063.00000000000000000,100
841402006,1081,1,0,F,4116.00000000000000000,100
841402006,1081,2,0,F,4116.00000000000000000,100
841402007,1078,1,0,F,10559.00000000000363798,100
841402007,1078,2,0,F,10559.00000000000363798,100
841402008,38575813,1,0,F,6032.00000000000000000,50
841402008,38575813,2,0,F,6032.00000000000000000,50
841402009,1078,1,0,F,19007.00000000000000000,100
841402009,1078,2,0,F,19007.00000000000000000,100
841402010,38575805,1,0,F,8987.00000000000000000,100
841402010,38575805,2,0,F,8987.00000000000000000,100
841402011,38575379,1,0,F,16695.00000000000000000,100
841402011,38575379,2,0,F,16695.00000000000000000,100
841402012,8301700,1,0,F,98234.00000000001455192,100
841402012,8301700,2,0,F,98234.00000000001455192,100
841403001,8301322,1,0,F,23533.00000000000000000,100
841403001,8301322,2,0,F,23533.00000000000000000,100
841403002,8301322,1,0,F,22134.00000000000000000,100
841403002,8301322,2,0,F,22134.00000000000000000,100
841403003,8301322,1,0,F,35690.00000000000000000,100
841403003,8301322,2,0,F,35690.00000000000000000,100
841403004,8301322,1,0,F,34268.00000000000000000,100
841403004,8301322,2,0,F,34268.00000000000000000,100
841403005,8301322,1,0,F,43239.00000000001455192,100
841403005,8301322,2,0,F,43239.00000000001455192,100
841403006,8301322,1,0,F,50794.00000000001455192,100
841403006,8301322,2,0,F,50794.00000000001455192,100
841403007,8301322,1,0,F,56551.00000000000000000,100
841403007,8301322,2,0,F,56551.00000000000000000,100
841403008,8301322,1,0,F,57732.00000000000000000,100
841403008,8301322,2,0,F,57732.00000000000000000,100
841403009,8301700,1,0,F,87361.00000000000000000,100
841403009,8301700,2,0,F,87361.00000000000000000,100
841404001,41009416,1,0,F,6814.00000000000000000,1
841404001,41009416,2,0,F,6814.00000000000000000,1
841404002,41009416,1,0,F,57453.00000000000000000,100
841404002,41009416,2,0,F,57453.00000000000000000,100
841404003,41009416,1,0,F,27777.00000000000000000,100
841404003,41009416,2,0,F,27777.00000000000000000,100
841404004,38581123,1,0,F,6096.00000000000000000,100
841404004,38581123,2,0,F,6096.00000000000000000,100
841404005,41009416,1,0,F,28062.00000000000000000,100
841404005,41009416,2,0,F,28062.00000000000000000,100
841404006,38582449,1,0,F,27780.00000000000000000,100
841404006,38582449,2,0,F,27780.00000000000000000,100
841406000,8301700,1,0,F,74040.00000000000000000,100
841406000,8301700,2,0,F,74040.00000000000000000,100
841407000,8301700,1,0,F,116378.99999999998544808,100
841407000,8301700,2,0,F,116378.99999999998544808,100
841408000,8301700,1,0,F,57390.99999999999272404,100
841408000,8301700,2,0,F,57390.99999999999272404,100
841410001,8301700,1,0,F,89183.00000000000000000,100
841410001,8301700,2,0,F,89183.00000000000000000,100
841410002,8301700,1,0,F,53203.00000000000000000,100
841410002,8301700,2,0,F,53203.00000000000000000,100
841411000,8301700,1,0,F,167340.00000000000000000,100
841411000,8301700,2,0,F,167340.00000000000000000,100
841412001,8301645,1,0,F,23462.00000000000000000,100
841412001,8301645,2,0,F,23462.00000000000000000,100
841412002,8301700,1,0,F,16619.00000000000000000,100
841412002,8301700,2,0,F,16619.00000000000000000,100
841412003,8301645,1,0,F,2755.00000000000000000,100
841412003,8301645,2,0,F,2755.00000000000000000,100
841412004,8301035,1,0,F,5327.00000000000090949,100
841412004,8301035,2,0,F,5327.00000000000090949,100
841412005,8301645,1,0,F,24697.00000000000000000,100
841412005,8301645,2,0,F,24697.00000000000000000,100
841412006,8301640,1,0,F,7703.00000000000000000,100
841412006,8301640,2,0,F,7703.00000000000000000,100
841413001,8301322,1,0,F,1170.00000000000000000,100
841413001,8301322,2,0,F,1170.00000000000000000,100
841413002,8301320,1,0,F,4209.00000000000181899,100
841413002,8301320,2,0,F,4209.00000000000181899,100
842303000,8301700,1,0,F,268200.00000000000000000,100
842303000,8301700,2,0,F,268200.00000000000000000,100
842901001,8101187,1,0,F,121625.00000000000000000,100
842901001,8101187,2,0,F,121625.00000000000000000,100
842901002,31300074,1,0,F,14702.00000000000000000,1
842901002,31300074,2,0,F,14702.00000000000000000,1
842901003,8101187,1,0,F,108381.00000000000000000,100
842901003,8101187,2,0,F,108381.00000000000000000,100
842901004,31300074,1,0,F,5223.00000000000000000,1
842901004,31300074,2,0,F,5223.00000000000000000,1
842901005,38581868,1,0,F,2703.00000000000045475,100
842901005,38581868,2,0,F,2703.00000000000045475,100
842901006,38593518,1,0,F,5922.99999999999909051,100
842901006,38593518,2,0,F,5922.99999999999909051,100
842901007,8101187,1,0,F,77847.00000000002910383,100
842901007,8101187,2,0,F,77847.00000000002910383,100
842901008,8101187,1,0,F,82666.00000000000000000,100
842901008,8101187,2,0,F,82666.00000000000000000,100
842901009,31300171,1,0,F,2945.00000000000000000,1
842901009,31300171,2,0,F,2945.00000000000000000,1
842902000,8301700,1,0,F,214882.99999999997089617,100
842902000,8301700,2,0,F,214882.99999999997089617,100
842903000,8301700,1,0,F,230769.00000000000000000,100
842903000,8301700,2,0,F,230769.00000000000000000,100
850000000,8721202,1,0,F,232158.00000000002910383,100
850000000,8721202,2,0,F,232158.00000000002910383,100
